ISO-10303-21;
HEADER;
/* Generated by software containing ST-Developer
 * from STEP Tools, Inc. (www.steptools.com) 
 */

FILE_DESCRIPTION(
/* description */ (''),
/* implementation_level */ '2;1');

FILE_NAME(
/* name */ 'ARC-VisionArms.step',
/* time_stamp */ '2026-09-06T10:15:30-05:00',
/* author */ (''),
/* organization */ (''),
/* preprocessor_version */ 'ST-DEVELOPER v20.1',
/* originating_system */ 'Autodesk Translation Framework v15.8.0.0',
/* authorisation */ '');

FILE_SCHEMA (('AUTOMOTIVE_DESIGN { 1 0 10303 214 3 1 1 }'));
ENDSEC;

DATA;
#10=MECHANICAL_DESIGN_GEOMETRIC_PRESENTATION_REPRESENTATION('',(#15,#16,
#17,#18),#3664);
#11=SHAPE_REPRESENTATION_RELATIONSHIP('SRR','None',#3674,#12);
#12=ADVANCED_BREP_SHAPE_REPRESENTATION('',(#19,#20,#21,#22),#3663);
#13=FACE_BOUND('',#357,.T.);
#14=FACE_BOUND('',#414,.T.);
#15=STYLED_ITEM('',(#3683),#19);
#16=STYLED_ITEM('',(#3683),#20);
#17=STYLED_ITEM('',(#3683),#21);
#18=STYLED_ITEM('',(#3683),#22);
#19=MANIFOLD_SOLID_BREP('Body7',#2009);
#20=MANIFOLD_SOLID_BREP('Body15',#2010);
#21=MANIFOLD_SOLID_BREP('Body21',#2011);
#22=MANIFOLD_SOLID_BREP('Body23',#2012);
#23=ELLIPSE('',#2061,1.95060031887342,0.039);
#24=ELLIPSE('',#2127,1.95060031887342,0.039);
#25=ELLIPSE('',#2176,1.95060031887342,0.039);
#26=ELLIPSE('',#2242,1.95060031887342,0.039);
#27=(
BOUNDED_SURFACE()
B_SPLINE_SURFACE(2,2,((#3003,#3004,#3005,#3006,#3007),(#3008,#3009,#3010,
#3011,#3012),(#3013,#3014,#3015,#3016,#3017)),.UNSPECIFIED.,.F.,.F.,.F.)
B_SPLINE_SURFACE_WITH_KNOTS((3,3),(3,2,3),(-2.29601150561727,-1.57079632679489),
(1.46168373546133,2.30163819452557,3.1415926535898),.UNSPECIFIED.)
GEOMETRIC_REPRESENTATION_ITEM()
RATIONAL_B_SPLINE_SURFACE(((1.,0.913098224971892,1.,0.913098224971892,1.),
(0.934975056334419,0.853724064331953,0.934975056334419,0.853724064331953,
0.934975056334419),(1.,0.913098224971892,1.,0.913098224971892,1.)))
REPRESENTATION_ITEM('')
SURFACE()
);
#28=(
BOUNDED_SURFACE()
B_SPLINE_SURFACE(2,2,((#3393,#3394,#3395,#3396,#3397),(#3398,#3399,#3400,
#3401,#3402),(#3403,#3404,#3405,#3406,#3407)),.UNSPECIFIED.,.F.,.F.,.F.)
B_SPLINE_SURFACE_WITH_KNOTS((3,3),(3,2,3),(-2.29601150561727,-1.57079632679489),
(1.46168373546132,2.30163819452558,3.14159265358981),.UNSPECIFIED.)
GEOMETRIC_REPRESENTATION_ITEM()
RATIONAL_B_SPLINE_SURFACE(((1.,0.913098224971889,1.,0.913098224971889,1.),
(0.93497505633439,0.853724064331924,0.93497505633439,0.853724064331924,
0.93497505633439),(1.,0.913098224971889,1.,0.913098224971889,1.)))
REPRESENTATION_ITEM('')
SURFACE()
);
#29=TOROIDAL_SURFACE('',#2044,1.14502355318004,0.043);
#30=TOROIDAL_SURFACE('',#2047,0.0933690406029836,0.043);
#31=TOROIDAL_SURFACE('',#2055,1.64266672033695,0.039);
#32=TOROIDAL_SURFACE('',#2122,1.64266672033695,0.039);
#33=TOROIDAL_SURFACE('',#2159,1.14502355318004,0.043);
#34=TOROIDAL_SURFACE('',#2162,0.0933690406029836,0.043);
#35=TOROIDAL_SURFACE('',#2170,1.64266672033695,0.039);
#36=TOROIDAL_SURFACE('',#2237,1.64266672033695,0.039);
#37=B_SPLINE_CURVE_WITH_KNOTS('',3,(#2913,#2914,#2915,#2916,#2917,#2918,
#2919,#2920,#2921,#2922),.UNSPECIFIED.,.F.,.F.,(4,3,3,4),(-0.0471884568628557,
-0.0297937652164591,-0.0157655804828459,-3.46944695195361E-18),
 .UNSPECIFIED.);
#38=B_SPLINE_CURVE_WITH_KNOTS('',3,(#2924,#2925,#2926,#2927,#2928,#2929,
#2930,#2931,#2932,#2933),.UNSPECIFIED.,.F.,.F.,(4,3,3,4),(0.,0.0157655804828459,
0.0297937652164591,0.0471884568628557),.UNSPECIFIED.);
#39=B_SPLINE_CURVE_WITH_KNOTS('',3,(#2988,#2989,#2990,#2991,#2992,#2993),
 .UNSPECIFIED.,.F.,.F.,(4,1,1,4),(-0.0146064021016707,-0.00625988661500189,
-0.0041732577433347,-3.14083786960282E-16),.UNSPECIFIED.);
#40=B_SPLINE_CURVE_WITH_KNOTS('',3,(#3019,#3020,#3021,#3022,#3023,#3024),
 .UNSPECIFIED.,.F.,.F.,(4,2,4),(0.091845116692552,0.12875452285471,0.171346776240815),
 .UNSPECIFIED.);
#41=B_SPLINE_CURVE_WITH_KNOTS('',3,(#3224,#3225,#3226,#3227,#3228,#3229,
#3230,#3231,#3232,#3233,#3234,#3235),.UNSPECIFIED.,.F.,.F.,(4,2,2,2,2,4),
(0.909547553473704,0.931456149296148,0.962940518356941,1.01109939143847,
1.09266856176287,1.21699768650067),.UNSPECIFIED.);
#42=B_SPLINE_CURVE_WITH_KNOTS('',3,(#3303,#3304,#3305,#3306,#3307,#3308,
#3309,#3310,#3311,#3312),.UNSPECIFIED.,.F.,.F.,(4,3,3,4),(-0.0471884568628557,
-0.0297937652164591,-0.0157655804828459,-3.46944695195361E-18),
 .UNSPECIFIED.);
#43=B_SPLINE_CURVE_WITH_KNOTS('',3,(#3315,#3316,#3317,#3318,#3319,#3320,
#3321,#3322,#3323,#3324),.UNSPECIFIED.,.F.,.F.,(4,3,3,4),(0.,0.0157655804828459,
0.0297937652164591,0.0471884568628557),.UNSPECIFIED.);
#44=B_SPLINE_CURVE_WITH_KNOTS('',3,(#3379,#3380,#3381,#3382,#3383,#3384),
 .UNSPECIFIED.,.F.,.F.,(4,1,1,4),(-0.0146064021016707,-0.00625988661500189,
-0.0041732577433347,-3.14083786960282E-16),.UNSPECIFIED.);
#45=B_SPLINE_CURVE_WITH_KNOTS('',3,(#3410,#3411,#3412,#3413,#3414,#3415),
 .UNSPECIFIED.,.F.,.F.,(4,2,4),(0.091845116692552,0.12875452285471,0.171346776240815),
 .UNSPECIFIED.);
#46=B_SPLINE_CURVE_WITH_KNOTS('',3,(#3614,#3615,#3616,#3617,#3618,#3619,
#3620,#3621,#3622,#3623,#3624,#3625),.UNSPECIFIED.,.F.,.F.,(4,2,2,2,2,4),
(0.909547553473704,0.931456149296148,0.962940518356941,1.01109939143847,
1.09266856176287,1.21699768650067),.UNSPECIFIED.);
#47=B_SPLINE_SURFACE_WITH_KNOTS('',3,1,((#2896,#2897),(#2898,#2899),(#2900,
#2901),(#2902,#2903),(#2904,#2905),(#2906,#2907),(#2908,#2909),(#2910,#2911)),
 .UNSPECIFIED.,.F.,.F.,.F.,(4,2,2,4),(2,2),(0.,0.0157655804828459,0.0297937652164591,
0.0471884568628557),(0.,0.0254),.UNSPECIFIED.);
#48=B_SPLINE_SURFACE_WITH_KNOTS('',3,3,((#2963,#2964,#2965,#2966,#2967,
#2968),(#2969,#2970,#2971,#2972,#2973,#2974),(#2975,#2976,#2977,#2978,#2979,
#2980),(#2981,#2982,#2983,#2984,#2985,#2986)),.UNSPECIFIED.,.F.,.F.,.F.,
(4,4),(4,1,1,4),(0.514057553791,1.),(3.14083786960282E-16,0.0041732577433347,
0.00625988661500189,0.0146064021016707),.UNSPECIFIED.);
#49=B_SPLINE_SURFACE_WITH_KNOTS('',3,1,((#3286,#3287),(#3288,#3289),(#3290,
#3291),(#3292,#3293),(#3294,#3295),(#3296,#3297),(#3298,#3299),(#3300,#3301)),
 .UNSPECIFIED.,.F.,.F.,.F.,(4,2,2,4),(2,2),(0.,0.0157655804828459,0.0297937652164591,
0.0471884568628557),(0.,0.0254),.UNSPECIFIED.);
#50=B_SPLINE_SURFACE_WITH_KNOTS('',3,3,((#3353,#3354,#3355,#3356,#3357,
#3358),(#3359,#3360,#3361,#3362,#3363,#3364),(#3365,#3366,#3367,#3368,#3369,
#3370),(#3371,#3372,#3373,#3374,#3375,#3376)),.UNSPECIFIED.,.F.,.F.,.F.,
(4,4),(4,1,1,4),(0.514057553791,1.),(3.14083786960282E-16,0.0041732577433347,
0.00625988661500189,0.0146064021016707),.UNSPECIFIED.);
#51=CIRCLE('',#2028,1.66962826467529);
#52=CIRCLE('',#2029,1.66962826467529);
#53=CIRCLE('',#2031,1.17354530214269);
#54=CIRCLE('',#2032,1.17354530214269);
#55=CIRCLE('',#2034,0.12189078956563);
#56=CIRCLE('',#2035,0.12189078956563);
#57=CIRCLE('',#2037,0.0144782510373537);
#58=CIRCLE('',#2038,0.0144782510373537);
#59=CIRCLE('',#2040,34.8980460283139);
#60=CIRCLE('',#2041,0.97182146743646);
#61=CIRCLE('',#2042,0.54693883153842);
#62=CIRCLE('',#2043,0.039);
#63=CIRCLE('',#2045,0.043);
#64=CIRCLE('',#2046,1.14502355318004);
#65=CIRCLE('',#2048,0.0430000000000002);
#66=CIRCLE('',#2049,0.0933690406029836);
#67=CIRCLE('',#2050,0.0430000000000001);
#68=CIRCLE('',#2052,0.54693883153842);
#69=CIRCLE('',#2054,0.97182146743646);
#70=CIRCLE('',#2056,1.64266672033695);
#71=CIRCLE('',#2057,0.039);
#72=CIRCLE('',#2059,34.8980460283139);
#73=CIRCLE('',#2066,0.97182146743646);
#74=CIRCLE('',#2067,0.97182146743646);
#75=CIRCLE('',#2068,0.97182146743646);
#76=CIRCLE('',#2070,34.8735565868213);
#77=CIRCLE('',#2071,34.8735565868213);
#78=CIRCLE('',#2075,34.8980460283139);
#79=CIRCLE('',#2076,34.8980460283139);
#80=CIRCLE('',#2077,34.8980460283139);
#81=CIRCLE('',#2078,34.8980460283139);
#82=CIRCLE('',#2079,34.8980460283373);
#83=CIRCLE('',#2081,34.8735565865176);
#84=CIRCLE('',#2082,34.8735565865176);
#85=CIRCLE('',#2088,1.68166672033695);
#86=CIRCLE('',#2089,1.18802355318004);
#87=CIRCLE('',#2090,0.136369040602984);
#88=CIRCLE('',#2091,0.54693883153842);
#89=CIRCLE('',#2092,0.98753113889964);
#90=CIRCLE('',#2093,0.564632914990076);
#91=CIRCLE('',#2094,0.118628295194294);
#92=CIRCLE('',#2095,1.31401345137571);
#93=CIRCLE('',#2096,1.66328038653508);
#94=CIRCLE('',#2097,1.66479582505919);
#95=CIRCLE('',#2098,1.66793618549774);
#96=CIRCLE('',#2099,34.8735565868213);
#97=CIRCLE('',#2101,34.8735565868213);
#98=CIRCLE('',#2108,1.66793618549774);
#99=CIRCLE('',#2110,1.66479582505919);
#100=CIRCLE('',#2112,1.66328038653508);
#101=CIRCLE('',#2114,1.31401345137571);
#102=CIRCLE('',#2116,0.118628295194294);
#103=CIRCLE('',#2118,0.564632914990076);
#104=CIRCLE('',#2120,0.98753113889964);
#105=CIRCLE('',#2123,1.68166672033695);
#106=CIRCLE('',#2124,0.039);
#107=CIRCLE('',#2125,1.64266672033695);
#108=CIRCLE('',#2129,0.54693883153842);
#109=CIRCLE('',#2130,0.136369040602984);
#110=CIRCLE('',#2131,1.18802355318004);
#111=CIRCLE('',#2143,1.66962826467529);
#112=CIRCLE('',#2144,1.66962826467529);
#113=CIRCLE('',#2146,1.17354530214269);
#114=CIRCLE('',#2147,1.17354530214269);
#115=CIRCLE('',#2149,0.12189078956563);
#116=CIRCLE('',#2150,0.12189078956563);
#117=CIRCLE('',#2152,0.0144782510373537);
#118=CIRCLE('',#2153,0.0144782510373537);
#119=CIRCLE('',#2155,34.8980460283139);
#120=CIRCLE('',#2156,0.54693883153842);
#121=CIRCLE('',#2157,0.97182146743646);
#122=CIRCLE('',#2158,0.039);
#123=CIRCLE('',#2160,1.14502355318004);
#124=CIRCLE('',#2161,0.043);
#125=CIRCLE('',#2163,0.0933690406029836);
#126=CIRCLE('',#2164,0.0430000000000002);
#127=CIRCLE('',#2165,0.0430000000000001);
#128=CIRCLE('',#2167,0.54693883153842);
#129=CIRCLE('',#2169,0.97182146743646);
#130=CIRCLE('',#2171,0.039);
#131=CIRCLE('',#2172,1.64266672033695);
#132=CIRCLE('',#2174,34.8980460283139);
#133=CIRCLE('',#2181,0.97182146743646);
#134=CIRCLE('',#2182,0.97182146743646);
#135=CIRCLE('',#2183,0.97182146743646);
#136=CIRCLE('',#2185,34.8735565868213);
#137=CIRCLE('',#2186,34.8735565868213);
#138=CIRCLE('',#2190,34.8980460283139);
#139=CIRCLE('',#2191,34.8980460283139);
#140=CIRCLE('',#2192,34.8980460283139);
#141=CIRCLE('',#2193,34.8980460283373);
#142=CIRCLE('',#2194,34.8980460283139);
#143=CIRCLE('',#2196,34.8735565865176);
#144=CIRCLE('',#2197,34.8735565865176);
#145=CIRCLE('',#2203,34.8735565868213);
#146=CIRCLE('',#2204,1.66793618549774);
#147=CIRCLE('',#2205,1.66479582505919);
#148=CIRCLE('',#2206,1.66328038653508);
#149=CIRCLE('',#2207,1.31401345137571);
#150=CIRCLE('',#2208,0.118628295194294);
#151=CIRCLE('',#2209,0.564632914990076);
#152=CIRCLE('',#2210,0.98753113889964);
#153=CIRCLE('',#2211,0.54693883153842);
#154=CIRCLE('',#2212,0.136369040602984);
#155=CIRCLE('',#2213,1.18802355318004);
#156=CIRCLE('',#2214,1.68166672033695);
#157=CIRCLE('',#2216,34.8735565868213);
#158=CIRCLE('',#2223,1.66793618549774);
#159=CIRCLE('',#2225,1.66479582505919);
#160=CIRCLE('',#2227,1.66328038653508);
#161=CIRCLE('',#2229,1.31401345137571);
#162=CIRCLE('',#2231,0.118628295194294);
#163=CIRCLE('',#2233,0.564632914990076);
#164=CIRCLE('',#2235,0.98753113889964);
#165=CIRCLE('',#2238,1.64266672033695);
#166=CIRCLE('',#2239,0.039);
#167=CIRCLE('',#2240,1.68166672033695);
#168=CIRCLE('',#2244,1.18802355318004);
#169=CIRCLE('',#2245,0.136369040602984);
#170=CIRCLE('',#2246,0.54693883153842);
#171=CYLINDRICAL_SURFACE('',#2027,1.66962826467529);
#172=CYLINDRICAL_SURFACE('',#2030,1.17354530214269);
#173=CYLINDRICAL_SURFACE('',#2033,0.12189078956563);
#174=CYLINDRICAL_SURFACE('',#2036,0.0144782510373537);
#175=CYLINDRICAL_SURFACE('',#2051,0.54693883153842);
#176=CYLINDRICAL_SURFACE('',#2053,0.97182146743646);
#177=CYLINDRICAL_SURFACE('',#2060,0.039);
#178=CYLINDRICAL_SURFACE('',#2062,34.8980460283139);
#179=CYLINDRICAL_SURFACE('',#2065,0.97182146743646);
#180=CYLINDRICAL_SURFACE('',#2069,34.8735565868213);
#181=CYLINDRICAL_SURFACE('',#2074,34.8980460283139);
#182=CYLINDRICAL_SURFACE('',#2080,34.8735565865176);
#183=CYLINDRICAL_SURFACE('',#2100,34.8735565868213);
#184=CYLINDRICAL_SURFACE('',#2107,1.66793618549774);
#185=CYLINDRICAL_SURFACE('',#2109,1.66479582505919);
#186=CYLINDRICAL_SURFACE('',#2111,1.66328038653508);
#187=CYLINDRICAL_SURFACE('',#2113,1.31401345137571);
#188=CYLINDRICAL_SURFACE('',#2115,0.118628295194294);
#189=CYLINDRICAL_SURFACE('',#2117,0.564632914990076);
#190=CYLINDRICAL_SURFACE('',#2119,0.98753113889964);
#191=CYLINDRICAL_SURFACE('',#2126,0.039);
#192=CYLINDRICAL_SURFACE('',#2132,1.18802355318004);
#193=CYLINDRICAL_SURFACE('',#2133,1.68166672033695);
#194=CYLINDRICAL_SURFACE('',#2136,0.54693883153842);
#195=CYLINDRICAL_SURFACE('',#2140,0.136369040602984);
#196=CYLINDRICAL_SURFACE('',#2142,1.66962826467529);
#197=CYLINDRICAL_SURFACE('',#2145,1.17354530214269);
#198=CYLINDRICAL_SURFACE('',#2148,0.12189078956563);
#199=CYLINDRICAL_SURFACE('',#2151,0.0144782510373537);
#200=CYLINDRICAL_SURFACE('',#2166,0.54693883153842);
#201=CYLINDRICAL_SURFACE('',#2168,0.97182146743646);
#202=CYLINDRICAL_SURFACE('',#2175,0.039);
#203=CYLINDRICAL_SURFACE('',#2177,34.8980460283139);
#204=CYLINDRICAL_SURFACE('',#2180,0.97182146743646);
#205=CYLINDRICAL_SURFACE('',#2184,34.8735565868213);
#206=CYLINDRICAL_SURFACE('',#2189,34.8980460283139);
#207=CYLINDRICAL_SURFACE('',#2195,34.8735565865176);
#208=CYLINDRICAL_SURFACE('',#2215,34.8735565868213);
#209=CYLINDRICAL_SURFACE('',#2222,1.66793618549774);
#210=CYLINDRICAL_SURFACE('',#2224,1.66479582505919);
#211=CYLINDRICAL_SURFACE('',#2226,1.66328038653508);
#212=CYLINDRICAL_SURFACE('',#2228,1.31401345137571);
#213=CYLINDRICAL_SURFACE('',#2230,0.118628295194294);
#214=CYLINDRICAL_SURFACE('',#2232,0.564632914990076);
#215=CYLINDRICAL_SURFACE('',#2234,0.98753113889964);
#216=CYLINDRICAL_SURFACE('',#2241,0.039);
#217=CYLINDRICAL_SURFACE('',#2247,1.18802355318004);
#218=CYLINDRICAL_SURFACE('',#2248,1.68166672033695);
#219=CYLINDRICAL_SURFACE('',#2251,0.54693883153842);
#220=CYLINDRICAL_SURFACE('',#2255,0.136369040602984);
#221=FACE_OUTER_BOUND('',#333,.T.);
#222=FACE_OUTER_BOUND('',#334,.T.);
#223=FACE_OUTER_BOUND('',#335,.T.);
#224=FACE_OUTER_BOUND('',#336,.T.);
#225=FACE_OUTER_BOUND('',#337,.T.);
#226=FACE_OUTER_BOUND('',#338,.T.);
#227=FACE_OUTER_BOUND('',#339,.T.);
#228=FACE_OUTER_BOUND('',#340,.T.);
#229=FACE_OUTER_BOUND('',#341,.T.);
#230=FACE_OUTER_BOUND('',#342,.T.);
#231=FACE_OUTER_BOUND('',#343,.T.);
#232=FACE_OUTER_BOUND('',#344,.T.);
#233=FACE_OUTER_BOUND('',#345,.T.);
#234=FACE_OUTER_BOUND('',#346,.T.);
#235=FACE_OUTER_BOUND('',#347,.T.);
#236=FACE_OUTER_BOUND('',#348,.T.);
#237=FACE_OUTER_BOUND('',#349,.T.);
#238=FACE_OUTER_BOUND('',#350,.T.);
#239=FACE_OUTER_BOUND('',#351,.T.);
#240=FACE_OUTER_BOUND('',#352,.T.);
#241=FACE_OUTER_BOUND('',#353,.T.);
#242=FACE_OUTER_BOUND('',#354,.T.);
#243=FACE_OUTER_BOUND('',#355,.T.);
#244=FACE_OUTER_BOUND('',#356,.T.);
#245=FACE_OUTER_BOUND('',#358,.T.);
#246=FACE_OUTER_BOUND('',#359,.T.);
#247=FACE_OUTER_BOUND('',#360,.T.);
#248=FACE_OUTER_BOUND('',#361,.T.);
#249=FACE_OUTER_BOUND('',#362,.T.);
#250=FACE_OUTER_BOUND('',#363,.T.);
#251=FACE_OUTER_BOUND('',#364,.T.);
#252=FACE_OUTER_BOUND('',#365,.T.);
#253=FACE_OUTER_BOUND('',#366,.T.);
#254=FACE_OUTER_BOUND('',#367,.T.);
#255=FACE_OUTER_BOUND('',#368,.T.);
#256=FACE_OUTER_BOUND('',#369,.T.);
#257=FACE_OUTER_BOUND('',#370,.T.);
#258=FACE_OUTER_BOUND('',#371,.T.);
#259=FACE_OUTER_BOUND('',#372,.T.);
#260=FACE_OUTER_BOUND('',#373,.T.);
#261=FACE_OUTER_BOUND('',#374,.T.);
#262=FACE_OUTER_BOUND('',#375,.T.);
#263=FACE_OUTER_BOUND('',#376,.T.);
#264=FACE_OUTER_BOUND('',#377,.T.);
#265=FACE_OUTER_BOUND('',#378,.T.);
#266=FACE_OUTER_BOUND('',#379,.T.);
#267=FACE_OUTER_BOUND('',#380,.T.);
#268=FACE_OUTER_BOUND('',#381,.T.);
#269=FACE_OUTER_BOUND('',#382,.T.);
#270=FACE_OUTER_BOUND('',#383,.T.);
#271=FACE_OUTER_BOUND('',#384,.T.);
#272=FACE_OUTER_BOUND('',#385,.T.);
#273=FACE_OUTER_BOUND('',#386,.T.);
#274=FACE_OUTER_BOUND('',#387,.T.);
#275=FACE_OUTER_BOUND('',#388,.T.);
#276=FACE_OUTER_BOUND('',#389,.T.);
#277=FACE_OUTER_BOUND('',#390,.T.);
#278=FACE_OUTER_BOUND('',#391,.T.);
#279=FACE_OUTER_BOUND('',#392,.T.);
#280=FACE_OUTER_BOUND('',#393,.T.);
#281=FACE_OUTER_BOUND('',#394,.T.);
#282=FACE_OUTER_BOUND('',#395,.T.);
#283=FACE_OUTER_BOUND('',#396,.T.);
#284=FACE_OUTER_BOUND('',#397,.T.);
#285=FACE_OUTER_BOUND('',#398,.T.);
#286=FACE_OUTER_BOUND('',#399,.T.);
#287=FACE_OUTER_BOUND('',#400,.T.);
#288=FACE_OUTER_BOUND('',#401,.T.);
#289=FACE_OUTER_BOUND('',#402,.T.);
#290=FACE_OUTER_BOUND('',#403,.T.);
#291=FACE_OUTER_BOUND('',#404,.T.);
#292=FACE_OUTER_BOUND('',#405,.T.);
#293=FACE_OUTER_BOUND('',#406,.T.);
#294=FACE_OUTER_BOUND('',#407,.T.);
#295=FACE_OUTER_BOUND('',#408,.T.);
#296=FACE_OUTER_BOUND('',#409,.T.);
#297=FACE_OUTER_BOUND('',#410,.T.);
#298=FACE_OUTER_BOUND('',#411,.T.);
#299=FACE_OUTER_BOUND('',#412,.T.);
#300=FACE_OUTER_BOUND('',#413,.T.);
#301=FACE_OUTER_BOUND('',#415,.T.);
#302=FACE_OUTER_BOUND('',#416,.T.);
#303=FACE_OUTER_BOUND('',#417,.T.);
#304=FACE_OUTER_BOUND('',#418,.T.);
#305=FACE_OUTER_BOUND('',#419,.T.);
#306=FACE_OUTER_BOUND('',#420,.T.);
#307=FACE_OUTER_BOUND('',#421,.T.);
#308=FACE_OUTER_BOUND('',#422,.T.);
#309=FACE_OUTER_BOUND('',#423,.T.);
#310=FACE_OUTER_BOUND('',#424,.T.);
#311=FACE_OUTER_BOUND('',#425,.T.);
#312=FACE_OUTER_BOUND('',#426,.T.);
#313=FACE_OUTER_BOUND('',#427,.T.);
#314=FACE_OUTER_BOUND('',#428,.T.);
#315=FACE_OUTER_BOUND('',#429,.T.);
#316=FACE_OUTER_BOUND('',#430,.T.);
#317=FACE_OUTER_BOUND('',#431,.T.);
#318=FACE_OUTER_BOUND('',#432,.T.);
#319=FACE_OUTER_BOUND('',#433,.T.);
#320=FACE_OUTER_BOUND('',#434,.T.);
#321=FACE_OUTER_BOUND('',#435,.T.);
#322=FACE_OUTER_BOUND('',#436,.T.);
#323=FACE_OUTER_BOUND('',#437,.T.);
#324=FACE_OUTER_BOUND('',#438,.T.);
#325=FACE_OUTER_BOUND('',#439,.T.);
#326=FACE_OUTER_BOUND('',#440,.T.);
#327=FACE_OUTER_BOUND('',#441,.T.);
#328=FACE_OUTER_BOUND('',#442,.T.);
#329=FACE_OUTER_BOUND('',#443,.T.);
#330=FACE_OUTER_BOUND('',#444,.T.);
#331=FACE_OUTER_BOUND('',#445,.T.);
#332=FACE_OUTER_BOUND('',#446,.T.);
#333=EDGE_LOOP('',(#1257,#1258,#1259,#1260));
#334=EDGE_LOOP('',(#1261,#1262,#1263,#1264));
#335=EDGE_LOOP('',(#1265,#1266,#1267,#1268));
#336=EDGE_LOOP('',(#1269,#1270,#1271,#1272));
#337=EDGE_LOOP('',(#1273,#1274,#1275,#1276));
#338=EDGE_LOOP('',(#1277,#1278,#1279,#1280));
#339=EDGE_LOOP('',(#1281,#1282,#1283,#1284,#1285,#1286,#1287,#1288,#1289,
#1290,#1291));
#340=EDGE_LOOP('',(#1292,#1293,#1294));
#341=EDGE_LOOP('',(#1295,#1296,#1297,#1298));
#342=EDGE_LOOP('',(#1299,#1300,#1301,#1302));
#343=EDGE_LOOP('',(#1303,#1304,#1305,#1306));
#344=EDGE_LOOP('',(#1307,#1308,#1309,#1310,#1311));
#345=EDGE_LOOP('',(#1312,#1313,#1314,#1315));
#346=EDGE_LOOP('',(#1316,#1317,#1318,#1319));
#347=EDGE_LOOP('',(#1320,#1321,#1322,#1323,#1324,#1325,#1326,#1327,#1328,
#1329));
#348=EDGE_LOOP('',(#1330,#1331,#1332,#1333));
#349=EDGE_LOOP('',(#1334,#1335,#1336,#1337));
#350=EDGE_LOOP('',(#1338,#1339,#1340,#1341));
#351=EDGE_LOOP('',(#1342,#1343,#1344,#1345,#1346));
#352=EDGE_LOOP('',(#1347,#1348,#1349,#1350,#1351,#1352));
#353=EDGE_LOOP('',(#1353,#1354,#1355,#1356));
#354=EDGE_LOOP('',(#1357,#1358,#1359,#1360));
#355=EDGE_LOOP('',(#1361,#1362,#1363,#1364));
#356=EDGE_LOOP('',(#1365,#1366,#1367,#1368,#1369,#1370));
#357=EDGE_LOOP('',(#1371,#1372,#1373,#1374));
#358=EDGE_LOOP('',(#1375,#1376,#1377,#1378));
#359=EDGE_LOOP('',(#1379,#1380,#1381,#1382));
#360=EDGE_LOOP('',(#1383,#1384,#1385,#1386));
#361=EDGE_LOOP('',(#1387,#1388,#1389,#1390,#1391));
#362=EDGE_LOOP('',(#1392,#1393,#1394,#1395));
#363=EDGE_LOOP('',(#1396,#1397,#1398,#1399,#1400,#1401,#1402,#1403,#1404,
#1405,#1406,#1407,#1408,#1409,#1410,#1411,#1412,#1413,#1414,#1415,#1416,
#1417,#1418,#1419,#1420,#1421,#1422));
#364=EDGE_LOOP('',(#1423,#1424,#1425,#1426));
#365=EDGE_LOOP('',(#1427,#1428,#1429,#1430));
#366=EDGE_LOOP('',(#1431,#1432,#1433,#1434));
#367=EDGE_LOOP('',(#1435,#1436,#1437,#1438));
#368=EDGE_LOOP('',(#1439,#1440,#1441,#1442,#1443,#1444,#1445,#1446));
#369=EDGE_LOOP('',(#1447,#1448,#1449,#1450));
#370=EDGE_LOOP('',(#1451,#1452,#1453,#1454));
#371=EDGE_LOOP('',(#1455,#1456,#1457,#1458));
#372=EDGE_LOOP('',(#1459,#1460,#1461,#1462));
#373=EDGE_LOOP('',(#1463,#1464,#1465,#1466));
#374=EDGE_LOOP('',(#1467,#1468,#1469,#1470));
#375=EDGE_LOOP('',(#1471,#1472,#1473,#1474));
#376=EDGE_LOOP('',(#1475,#1476,#1477,#1478));
#377=EDGE_LOOP('',(#1479,#1480,#1481,#1482,#1483));
#378=EDGE_LOOP('',(#1484,#1485,#1486,#1487));
#379=EDGE_LOOP('',(#1488,#1489,#1490,#1491));
#380=EDGE_LOOP('',(#1492,#1493,#1494,#1495,#1496,#1497,#1498,#1499,#1500));
#381=EDGE_LOOP('',(#1501,#1502,#1503,#1504,#1505));
#382=EDGE_LOOP('',(#1506,#1507,#1508,#1509));
#383=EDGE_LOOP('',(#1510,#1511,#1512,#1513));
#384=EDGE_LOOP('',(#1514,#1515,#1516,#1517,#1518,#1519,#1520,#1521,#1522,
#1523,#1524,#1525,#1526,#1527,#1528,#1529,#1530,#1531));
#385=EDGE_LOOP('',(#1532,#1533,#1534,#1535));
#386=EDGE_LOOP('',(#1536,#1537,#1538,#1539));
#387=EDGE_LOOP('',(#1540,#1541,#1542,#1543,#1544));
#388=EDGE_LOOP('',(#1545,#1546,#1547,#1548));
#389=EDGE_LOOP('',(#1549,#1550,#1551,#1552));
#390=EDGE_LOOP('',(#1553,#1554,#1555,#1556));
#391=EDGE_LOOP('',(#1557,#1558,#1559,#1560));
#392=EDGE_LOOP('',(#1561,#1562,#1563,#1564));
#393=EDGE_LOOP('',(#1565,#1566,#1567,#1568));
#394=EDGE_LOOP('',(#1569,#1570,#1571,#1572));
#395=EDGE_LOOP('',(#1573,#1574,#1575,#1576));
#396=EDGE_LOOP('',(#1577,#1578,#1579,#1580,#1581,#1582,#1583,#1584,#1585,
#1586,#1587));
#397=EDGE_LOOP('',(#1588,#1589,#1590));
#398=EDGE_LOOP('',(#1591,#1592,#1593,#1594));
#399=EDGE_LOOP('',(#1595,#1596,#1597,#1598));
#400=EDGE_LOOP('',(#1599,#1600,#1601,#1602));
#401=EDGE_LOOP('',(#1603,#1604,#1605,#1606,#1607));
#402=EDGE_LOOP('',(#1608,#1609,#1610,#1611));
#403=EDGE_LOOP('',(#1612,#1613,#1614,#1615));
#404=EDGE_LOOP('',(#1616,#1617,#1618,#1619,#1620,#1621,#1622,#1623,#1624,
#1625));
#405=EDGE_LOOP('',(#1626,#1627,#1628,#1629));
#406=EDGE_LOOP('',(#1630,#1631,#1632,#1633));
#407=EDGE_LOOP('',(#1634,#1635,#1636,#1637));
#408=EDGE_LOOP('',(#1638,#1639,#1640,#1641,#1642));
#409=EDGE_LOOP('',(#1643,#1644,#1645,#1646,#1647,#1648));
#410=EDGE_LOOP('',(#1649,#1650,#1651,#1652));
#411=EDGE_LOOP('',(#1653,#1654,#1655,#1656));
#412=EDGE_LOOP('',(#1657,#1658,#1659,#1660));
#413=EDGE_LOOP('',(#1661,#1662,#1663,#1664,#1665,#1666));
#414=EDGE_LOOP('',(#1667,#1668,#1669,#1670));
#415=EDGE_LOOP('',(#1671,#1672,#1673,#1674));
#416=EDGE_LOOP('',(#1675,#1676,#1677,#1678));
#417=EDGE_LOOP('',(#1679,#1680,#1681,#1682));
#418=EDGE_LOOP('',(#1683,#1684,#1685,#1686,#1687));
#419=EDGE_LOOP('',(#1688,#1689,#1690,#1691));
#420=EDGE_LOOP('',(#1692,#1693,#1694,#1695,#1696,#1697,#1698,#1699,#1700,
#1701,#1702,#1703,#1704,#1705,#1706,#1707,#1708,#1709,#1710,#1711,#1712,
#1713,#1714,#1715,#1716,#1717,#1718));
#421=EDGE_LOOP('',(#1719,#1720,#1721,#1722));
#422=EDGE_LOOP('',(#1723,#1724,#1725,#1726));
#423=EDGE_LOOP('',(#1727,#1728,#1729,#1730));
#424=EDGE_LOOP('',(#1731,#1732,#1733,#1734));
#425=EDGE_LOOP('',(#1735,#1736,#1737,#1738,#1739,#1740,#1741,#1742));
#426=EDGE_LOOP('',(#1743,#1744,#1745,#1746));
#427=EDGE_LOOP('',(#1747,#1748,#1749,#1750));
#428=EDGE_LOOP('',(#1751,#1752,#1753,#1754));
#429=EDGE_LOOP('',(#1755,#1756,#1757,#1758));
#430=EDGE_LOOP('',(#1759,#1760,#1761,#1762));
#431=EDGE_LOOP('',(#1763,#1764,#1765,#1766));
#432=EDGE_LOOP('',(#1767,#1768,#1769,#1770));
#433=EDGE_LOOP('',(#1771,#1772,#1773,#1774));
#434=EDGE_LOOP('',(#1775,#1776,#1777,#1778,#1779));
#435=EDGE_LOOP('',(#1780,#1781,#1782,#1783));
#436=EDGE_LOOP('',(#1784,#1785,#1786,#1787));
#437=EDGE_LOOP('',(#1788,#1789,#1790,#1791,#1792,#1793,#1794,#1795,#1796));
#438=EDGE_LOOP('',(#1797,#1798,#1799,#1800,#1801));
#439=EDGE_LOOP('',(#1802,#1803,#1804,#1805));
#440=EDGE_LOOP('',(#1806,#1807,#1808,#1809));
#441=EDGE_LOOP('',(#1810,#1811,#1812,#1813,#1814,#1815,#1816,#1817,#1818,
#1819,#1820,#1821,#1822,#1823,#1824,#1825,#1826,#1827));
#442=EDGE_LOOP('',(#1828,#1829,#1830,#1831));
#443=EDGE_LOOP('',(#1832,#1833,#1834,#1835));
#444=EDGE_LOOP('',(#1836,#1837,#1838,#1839,#1840));
#445=EDGE_LOOP('',(#1841,#1842,#1843,#1844));
#446=EDGE_LOOP('',(#1845,#1846,#1847,#1848));
#447=LINE('',#2884,#609);
#448=LINE('',#2886,#610);
#449=LINE('',#2888,#611);
#450=LINE('',#2889,#612);
#451=LINE('',#2895,#613);
#452=LINE('',#2934,#614);
#453=LINE('',#2940,#615);
#454=LINE('',#2946,#616);
#455=LINE('',#2952,#617);
#456=LINE('',#2961,#618);
#457=LINE('',#2962,#619);
#458=LINE('',#3028,#620);
#459=LINE('',#3032,#621);
#460=LINE('',#3042,#622);
#461=LINE('',#3044,#623);
#462=LINE('',#3045,#624);
#463=LINE('',#3049,#625);
#464=LINE('',#3051,#626);
#465=LINE('',#3058,#627);
#466=LINE('',#3062,#628);
#467=LINE('',#3065,#629);
#468=LINE('',#3069,#630);
#469=LINE('',#3073,#631);
#470=LINE('',#3077,#632);
#471=LINE('',#3079,#633);
#472=LINE('',#3080,#634);
#473=LINE('',#3084,#635);
#474=LINE('',#3085,#636);
#475=LINE('',#3086,#637);
#476=LINE('',#3092,#638);
#477=LINE('',#3096,#639);
#478=LINE('',#3100,#640);
#479=LINE('',#3106,#641);
#480=LINE('',#3109,#642);
#481=LINE('',#3110,#643);
#482=LINE('',#3113,#644);
#483=LINE('',#3115,#645);
#484=LINE('',#3116,#646);
#485=LINE('',#3119,#647);
#486=LINE('',#3120,#648);
#487=LINE('',#3123,#649);
#488=LINE('',#3124,#650);
#489=LINE('',#3127,#651);
#490=LINE('',#3129,#652);
#491=LINE('',#3131,#653);
#492=LINE('',#3154,#654);
#493=LINE('',#3156,#655);
#494=LINE('',#3158,#656);
#495=LINE('',#3160,#657);
#496=LINE('',#3162,#658);
#497=LINE('',#3164,#659);
#498=LINE('',#3168,#660);
#499=LINE('',#3172,#661);
#500=LINE('',#3174,#662);
#501=LINE('',#3175,#663);
#502=LINE('',#3178,#664);
#503=LINE('',#3179,#665);
#504=LINE('',#3182,#666);
#505=LINE('',#3183,#667);
#506=LINE('',#3185,#668);
#507=LINE('',#3187,#669);
#508=LINE('',#3188,#670);
#509=LINE('',#3191,#671);
#510=LINE('',#3192,#672);
#511=LINE('',#3195,#673);
#512=LINE('',#3199,#674);
#513=LINE('',#3203,#675);
#514=LINE('',#3207,#676);
#515=LINE('',#3211,#677);
#516=LINE('',#3215,#678);
#517=LINE('',#3220,#679);
#518=LINE('',#3245,#680);
#519=LINE('',#3246,#681);
#520=LINE('',#3249,#682);
#521=LINE('',#3250,#683);
#522=LINE('',#3257,#684);
#523=LINE('',#3258,#685);
#524=LINE('',#3260,#686);
#525=LINE('',#3264,#687);
#526=LINE('',#3266,#688);
#527=LINE('',#3268,#689);
#528=LINE('',#3274,#690);
#529=LINE('',#3276,#691);
#530=LINE('',#3278,#692);
#531=LINE('',#3279,#693);
#532=LINE('',#3284,#694);
#533=LINE('',#3314,#695);
#534=LINE('',#3329,#696);
#535=LINE('',#3335,#697);
#536=LINE('',#3341,#698);
#537=LINE('',#3348,#699);
#538=LINE('',#3349,#700);
#539=LINE('',#3418,#701);
#540=LINE('',#3422,#702);
#541=LINE('',#3430,#703);
#542=LINE('',#3432,#704);
#543=LINE('',#3434,#705);
#544=LINE('',#3439,#706);
#545=LINE('',#3441,#707);
#546=LINE('',#3448,#708);
#547=LINE('',#3452,#709);
#548=LINE('',#3455,#710);
#549=LINE('',#3459,#711);
#550=LINE('',#3463,#712);
#551=LINE('',#3467,#713);
#552=LINE('',#3469,#714);
#553=LINE('',#3470,#715);
#554=LINE('',#3474,#716);
#555=LINE('',#3475,#717);
#556=LINE('',#3476,#718);
#557=LINE('',#3482,#719);
#558=LINE('',#3486,#720);
#559=LINE('',#3490,#721);
#560=LINE('',#3497,#722);
#561=LINE('',#3499,#723);
#562=LINE('',#3500,#724);
#563=LINE('',#3503,#725);
#564=LINE('',#3505,#726);
#565=LINE('',#3506,#727);
#566=LINE('',#3509,#728);
#567=LINE('',#3510,#729);
#568=LINE('',#3513,#730);
#569=LINE('',#3514,#731);
#570=LINE('',#3519,#732);
#571=LINE('',#3521,#733);
#572=LINE('',#3523,#734);
#573=LINE('',#3525,#735);
#574=LINE('',#3527,#736);
#575=LINE('',#3529,#737);
#576=LINE('',#3552,#738);
#577=LINE('',#3554,#739);
#578=LINE('',#3555,#740);
#579=LINE('',#3559,#741);
#580=LINE('',#3562,#742);
#581=LINE('',#3564,#743);
#582=LINE('',#3565,#744);
#583=LINE('',#3568,#745);
#584=LINE('',#3569,#746);
#585=LINE('',#3572,#747);
#586=LINE('',#3573,#748);
#587=LINE('',#3576,#749);
#588=LINE('',#3577,#750);
#589=LINE('',#3578,#751);
#590=LINE('',#3581,#752);
#591=LINE('',#3582,#753);
#592=LINE('',#3586,#754);
#593=LINE('',#3590,#755);
#594=LINE('',#3594,#756);
#595=LINE('',#3598,#757);
#596=LINE('',#3602,#758);
#597=LINE('',#3606,#759);
#598=LINE('',#3610,#760);
#599=LINE('',#3635,#761);
#600=LINE('',#3636,#762);
#601=LINE('',#3639,#763);
#602=LINE('',#3645,#764);
#603=LINE('',#3647,#765);
#604=LINE('',#3648,#766);
#605=LINE('',#3650,#767);
#606=LINE('',#3654,#768);
#607=LINE('',#3656,#769);
#608=LINE('',#3658,#770);
#609=VECTOR('',#2260,0.393700787401575);
#610=VECTOR('',#2261,0.393700787401575);
#611=VECTOR('',#2262,0.393700787401575);
#612=VECTOR('',#2263,0.393700787401575);
#613=VECTOR('',#2270,0.393700787401575);
#614=VECTOR('',#2271,0.393700787401575);
#615=VECTOR('',#2278,0.393700787401575);
#616=VECTOR('',#2285,0.393700787401575);
#617=VECTOR('',#2292,0.393700787401575);
#618=VECTOR('',#2301,0.393700787401575);
#619=VECTOR('',#2302,0.393700787401575);
#620=VECTOR('',#2321,0.393700787401575);
#621=VECTOR('',#2326,0.393700787401575);
#622=VECTOR('',#2339,0.393700787401575);
#623=VECTOR('',#2340,0.393700787401575);
#624=VECTOR('',#2341,0.393700787401575);
#625=VECTOR('',#2348,0.393700787401575);
#626=VECTOR('',#2351,0.393700787401575);
#627=VECTOR('',#2358,0.393700787401575);
#628=VECTOR('',#2361,0.393700787401575);
#629=VECTOR('',#2364,0.393700787401575);
#630=VECTOR('',#2367,0.393700787401575);
#631=VECTOR('',#2370,0.393700787401575);
#632=VECTOR('',#2375,0.393700787401575);
#633=VECTOR('',#2376,0.393700787401575);
#634=VECTOR('',#2377,0.393700787401575);
#635=VECTOR('',#2380,0.393700787401575);
#636=VECTOR('',#2381,0.393700787401575);
#637=VECTOR('',#2382,0.393700787401575);
#638=VECTOR('',#2389,0.393700787401575);
#639=VECTOR('',#2392,0.393700787401575);
#640=VECTOR('',#2395,0.393700787401575);
#641=VECTOR('',#2402,0.393700787401575);
#642=VECTOR('',#2407,0.393700787401575);
#643=VECTOR('',#2408,0.393700787401575);
#644=VECTOR('',#2411,0.393700787401575);
#645=VECTOR('',#2412,0.393700787401575);
#646=VECTOR('',#2413,0.393700787401575);
#647=VECTOR('',#2416,0.393700787401575);
#648=VECTOR('',#2417,0.393700787401575);
#649=VECTOR('',#2420,0.393700787401575);
#650=VECTOR('',#2421,0.393700787401575);
#651=VECTOR('',#2424,0.393700787401575);
#652=VECTOR('',#2425,0.393700787401575);
#653=VECTOR('',#2426,0.393700787401575);
#654=VECTOR('',#2449,0.393700787401575);
#655=VECTOR('',#2450,0.393700787401575);
#656=VECTOR('',#2451,0.393700787401575);
#657=VECTOR('',#2452,0.393700787401575);
#658=VECTOR('',#2453,0.393700787401575);
#659=VECTOR('',#2454,0.393700787401575);
#660=VECTOR('',#2459,0.393700787401575);
#661=VECTOR('',#2464,0.393700787401575);
#662=VECTOR('',#2465,0.393700787401575);
#663=VECTOR('',#2466,0.393700787401575);
#664=VECTOR('',#2469,0.393700787401575);
#665=VECTOR('',#2470,0.393700787401575);
#666=VECTOR('',#2473,0.393700787401575);
#667=VECTOR('',#2474,0.393700787401575);
#668=VECTOR('',#2477,0.393700787401575);
#669=VECTOR('',#2478,0.393700787401575);
#670=VECTOR('',#2479,0.393700787401575);
#671=VECTOR('',#2482,0.393700787401575);
#672=VECTOR('',#2483,0.393700787401575);
#673=VECTOR('',#2486,0.393700787401575);
#674=VECTOR('',#2491,0.393700787401575);
#675=VECTOR('',#2496,0.393700787401575);
#676=VECTOR('',#2501,0.393700787401575);
#677=VECTOR('',#2506,0.393700787401575);
#678=VECTOR('',#2511,0.393700787401575);
#679=VECTOR('',#2520,0.393700787401575);
#680=VECTOR('',#2533,0.393700787401575);
#681=VECTOR('',#2534,0.393700787401575);
#682=VECTOR('',#2537,0.393700787401575);
#683=VECTOR('',#2538,0.393700787401575);
#684=VECTOR('',#2547,0.393700787401575);
#685=VECTOR('',#2548,0.393700787401575);
#686=VECTOR('',#2551,0.393700787401575);
#687=VECTOR('',#2558,0.393700787401575);
#688=VECTOR('',#2561,0.393700787401575);
#689=VECTOR('',#2564,0.393700787401575);
#690=VECTOR('',#2571,0.393700787401575);
#691=VECTOR('',#2572,0.393700787401575);
#692=VECTOR('',#2573,0.393700787401575);
#693=VECTOR('',#2574,0.393700787401575);
#694=VECTOR('',#2579,0.393700787401575);
#695=VECTOR('',#2582,0.393700787401575);
#696=VECTOR('',#2587,0.393700787401575);
#697=VECTOR('',#2594,0.393700787401575);
#698=VECTOR('',#2601,0.393700787401575);
#699=VECTOR('',#2608,0.393700787401575);
#700=VECTOR('',#2609,0.393700787401575);
#701=VECTOR('',#2632,0.393700787401575);
#702=VECTOR('',#2637,0.393700787401575);
#703=VECTOR('',#2648,0.393700787401575);
#704=VECTOR('',#2649,0.393700787401575);
#705=VECTOR('',#2650,0.393700787401575);
#706=VECTOR('',#2659,0.393700787401575);
#707=VECTOR('',#2662,0.393700787401575);
#708=VECTOR('',#2669,0.393700787401575);
#709=VECTOR('',#2672,0.393700787401575);
#710=VECTOR('',#2675,0.393700787401575);
#711=VECTOR('',#2678,0.393700787401575);
#712=VECTOR('',#2681,0.393700787401575);
#713=VECTOR('',#2686,0.393700787401575);
#714=VECTOR('',#2687,0.393700787401575);
#715=VECTOR('',#2688,0.393700787401575);
#716=VECTOR('',#2691,0.393700787401575);
#717=VECTOR('',#2692,0.393700787401575);
#718=VECTOR('',#2693,0.393700787401575);
#719=VECTOR('',#2700,0.393700787401575);
#720=VECTOR('',#2703,0.393700787401575);
#721=VECTOR('',#2706,0.393700787401575);
#722=VECTOR('',#2715,0.393700787401575);
#723=VECTOR('',#2718,0.393700787401575);
#724=VECTOR('',#2719,0.393700787401575);
#725=VECTOR('',#2722,0.393700787401575);
#726=VECTOR('',#2723,0.393700787401575);
#727=VECTOR('',#2724,0.393700787401575);
#728=VECTOR('',#2727,0.393700787401575);
#729=VECTOR('',#2728,0.393700787401575);
#730=VECTOR('',#2731,0.393700787401575);
#731=VECTOR('',#2732,0.393700787401575);
#732=VECTOR('',#2737,0.393700787401575);
#733=VECTOR('',#2738,0.393700787401575);
#734=VECTOR('',#2739,0.393700787401575);
#735=VECTOR('',#2740,0.393700787401575);
#736=VECTOR('',#2741,0.393700787401575);
#737=VECTOR('',#2742,0.393700787401575);
#738=VECTOR('',#2765,0.393700787401575);
#739=VECTOR('',#2766,0.393700787401575);
#740=VECTOR('',#2767,0.393700787401575);
#741=VECTOR('',#2772,0.393700787401575);
#742=VECTOR('',#2775,0.393700787401575);
#743=VECTOR('',#2776,0.393700787401575);
#744=VECTOR('',#2777,0.393700787401575);
#745=VECTOR('',#2780,0.393700787401575);
#746=VECTOR('',#2781,0.393700787401575);
#747=VECTOR('',#2784,0.393700787401575);
#748=VECTOR('',#2785,0.393700787401575);
#749=VECTOR('',#2788,0.393700787401575);
#750=VECTOR('',#2789,0.393700787401575);
#751=VECTOR('',#2790,0.393700787401575);
#752=VECTOR('',#2793,0.393700787401575);
#753=VECTOR('',#2794,0.393700787401575);
#754=VECTOR('',#2799,0.393700787401575);
#755=VECTOR('',#2804,0.393700787401575);
#756=VECTOR('',#2809,0.393700787401575);
#757=VECTOR('',#2814,0.393700787401575);
#758=VECTOR('',#2819,0.393700787401575);
#759=VECTOR('',#2824,0.393700787401575);
#760=VECTOR('',#2831,0.393700787401575);
#761=VECTOR('',#2844,0.393700787401575);
#762=VECTOR('',#2845,0.393700787401575);
#763=VECTOR('',#2848,0.393700787401575);
#764=VECTOR('',#2855,0.393700787401575);
#765=VECTOR('',#2858,0.393700787401575);
#766=VECTOR('',#2859,0.393700787401575);
#767=VECTOR('',#2862,0.393700787401575);
#768=VECTOR('',#2869,0.393700787401575);
#769=VECTOR('',#2872,0.393700787401575);
#770=VECTOR('',#2875,0.393700787401575);
#771=VERTEX_POINT('',#2882);
#772=VERTEX_POINT('',#2883);
#773=VERTEX_POINT('',#2885);
#774=VERTEX_POINT('',#2887);
#775=VERTEX_POINT('',#2891);
#776=VERTEX_POINT('',#2893);
#777=VERTEX_POINT('',#2912);
#778=VERTEX_POINT('',#2923);
#779=VERTEX_POINT('',#2936);
#780=VERTEX_POINT('',#2938);
#781=VERTEX_POINT('',#2942);
#782=VERTEX_POINT('',#2944);
#783=VERTEX_POINT('',#2948);
#784=VERTEX_POINT('',#2950);
#785=VERTEX_POINT('',#2954);
#786=VERTEX_POINT('',#2955);
#787=VERTEX_POINT('',#2957);
#788=VERTEX_POINT('',#2960);
#789=VERTEX_POINT('',#2987);
#790=VERTEX_POINT('',#2996);
#791=VERTEX_POINT('',#3000);
#792=VERTEX_POINT('',#3018);
#793=VERTEX_POINT('',#3027);
#794=VERTEX_POINT('',#3031);
#795=VERTEX_POINT('',#3035);
#796=VERTEX_POINT('',#3039);
#797=VERTEX_POINT('',#3041);
#798=VERTEX_POINT('',#3043);
#799=VERTEX_POINT('',#3054);
#800=VERTEX_POINT('',#3055);
#801=VERTEX_POINT('',#3057);
#802=VERTEX_POINT('',#3059);
#803=VERTEX_POINT('',#3061);
#804=VERTEX_POINT('',#3063);
#805=VERTEX_POINT('',#3067);
#806=VERTEX_POINT('',#3068);
#807=VERTEX_POINT('',#3070);
#808=VERTEX_POINT('',#3072);
#809=VERTEX_POINT('',#3076);
#810=VERTEX_POINT('',#3078);
#811=VERTEX_POINT('',#3082);
#812=VERTEX_POINT('',#3083);
#813=VERTEX_POINT('',#3089);
#814=VERTEX_POINT('',#3091);
#815=VERTEX_POINT('',#3094);
#816=VERTEX_POINT('',#3095);
#817=VERTEX_POINT('',#3097);
#818=VERTEX_POINT('',#3099);
#819=VERTEX_POINT('',#3103);
#820=VERTEX_POINT('',#3105);
#821=VERTEX_POINT('',#3112);
#822=VERTEX_POINT('',#3114);
#823=VERTEX_POINT('',#3118);
#824=VERTEX_POINT('',#3122);
#825=VERTEX_POINT('',#3126);
#826=VERTEX_POINT('',#3128);
#827=VERTEX_POINT('',#3130);
#828=VERTEX_POINT('',#3132);
#829=VERTEX_POINT('',#3134);
#830=VERTEX_POINT('',#3136);
#831=VERTEX_POINT('',#3139);
#832=VERTEX_POINT('',#3141);
#833=VERTEX_POINT('',#3143);
#834=VERTEX_POINT('',#3145);
#835=VERTEX_POINT('',#3147);
#836=VERTEX_POINT('',#3149);
#837=VERTEX_POINT('',#3151);
#838=VERTEX_POINT('',#3153);
#839=VERTEX_POINT('',#3155);
#840=VERTEX_POINT('',#3157);
#841=VERTEX_POINT('',#3159);
#842=VERTEX_POINT('',#3161);
#843=VERTEX_POINT('',#3163);
#844=VERTEX_POINT('',#3167);
#845=VERTEX_POINT('',#3171);
#846=VERTEX_POINT('',#3173);
#847=VERTEX_POINT('',#3177);
#848=VERTEX_POINT('',#3181);
#849=VERTEX_POINT('',#3186);
#850=VERTEX_POINT('',#3190);
#851=VERTEX_POINT('',#3194);
#852=VERTEX_POINT('',#3198);
#853=VERTEX_POINT('',#3202);
#854=VERTEX_POINT('',#3206);
#855=VERTEX_POINT('',#3210);
#856=VERTEX_POINT('',#3214);
#857=VERTEX_POINT('',#3222);
#858=VERTEX_POINT('',#3223);
#859=VERTEX_POINT('',#3236);
#860=VERTEX_POINT('',#3238);
#861=VERTEX_POINT('',#3242);
#862=VERTEX_POINT('',#3243);
#863=VERTEX_POINT('',#3248);
#864=VERTEX_POINT('',#3251);
#865=VERTEX_POINT('',#3253);
#866=VERTEX_POINT('',#3272);
#867=VERTEX_POINT('',#3273);
#868=VERTEX_POINT('',#3275);
#869=VERTEX_POINT('',#3277);
#870=VERTEX_POINT('',#3281);
#871=VERTEX_POINT('',#3283);
#872=VERTEX_POINT('',#3302);
#873=VERTEX_POINT('',#3313);
#874=VERTEX_POINT('',#3326);
#875=VERTEX_POINT('',#3328);
#876=VERTEX_POINT('',#3332);
#877=VERTEX_POINT('',#3334);
#878=VERTEX_POINT('',#3338);
#879=VERTEX_POINT('',#3340);
#880=VERTEX_POINT('',#3344);
#881=VERTEX_POINT('',#3345);
#882=VERTEX_POINT('',#3347);
#883=VERTEX_POINT('',#3350);
#884=VERTEX_POINT('',#3377);
#885=VERTEX_POINT('',#3386);
#886=VERTEX_POINT('',#3390);
#887=VERTEX_POINT('',#3408);
#888=VERTEX_POINT('',#3417);
#889=VERTEX_POINT('',#3421);
#890=VERTEX_POINT('',#3425);
#891=VERTEX_POINT('',#3429);
#892=VERTEX_POINT('',#3431);
#893=VERTEX_POINT('',#3433);
#894=VERTEX_POINT('',#3444);
#895=VERTEX_POINT('',#3445);
#896=VERTEX_POINT('',#3447);
#897=VERTEX_POINT('',#3449);
#898=VERTEX_POINT('',#3451);
#899=VERTEX_POINT('',#3453);
#900=VERTEX_POINT('',#3457);
#901=VERTEX_POINT('',#3458);
#902=VERTEX_POINT('',#3460);
#903=VERTEX_POINT('',#3462);
#904=VERTEX_POINT('',#3466);
#905=VERTEX_POINT('',#3468);
#906=VERTEX_POINT('',#3472);
#907=VERTEX_POINT('',#3473);
#908=VERTEX_POINT('',#3479);
#909=VERTEX_POINT('',#3481);
#910=VERTEX_POINT('',#3484);
#911=VERTEX_POINT('',#3485);
#912=VERTEX_POINT('',#3487);
#913=VERTEX_POINT('',#3489);
#914=VERTEX_POINT('',#3493);
#915=VERTEX_POINT('',#3495);
#916=VERTEX_POINT('',#3502);
#917=VERTEX_POINT('',#3504);
#918=VERTEX_POINT('',#3508);
#919=VERTEX_POINT('',#3512);
#920=VERTEX_POINT('',#3516);
#921=VERTEX_POINT('',#3518);
#922=VERTEX_POINT('',#3520);
#923=VERTEX_POINT('',#3522);
#924=VERTEX_POINT('',#3524);
#925=VERTEX_POINT('',#3526);
#926=VERTEX_POINT('',#3528);
#927=VERTEX_POINT('',#3530);
#928=VERTEX_POINT('',#3532);
#929=VERTEX_POINT('',#3534);
#930=VERTEX_POINT('',#3536);
#931=VERTEX_POINT('',#3538);
#932=VERTEX_POINT('',#3540);
#933=VERTEX_POINT('',#3543);
#934=VERTEX_POINT('',#3545);
#935=VERTEX_POINT('',#3547);
#936=VERTEX_POINT('',#3549);
#937=VERTEX_POINT('',#3551);
#938=VERTEX_POINT('',#3553);
#939=VERTEX_POINT('',#3557);
#940=VERTEX_POINT('',#3561);
#941=VERTEX_POINT('',#3563);
#942=VERTEX_POINT('',#3567);
#943=VERTEX_POINT('',#3571);
#944=VERTEX_POINT('',#3575);
#945=VERTEX_POINT('',#3580);
#946=VERTEX_POINT('',#3584);
#947=VERTEX_POINT('',#3588);
#948=VERTEX_POINT('',#3592);
#949=VERTEX_POINT('',#3596);
#950=VERTEX_POINT('',#3600);
#951=VERTEX_POINT('',#3604);
#952=VERTEX_POINT('',#3612);
#953=VERTEX_POINT('',#3613);
#954=VERTEX_POINT('',#3626);
#955=VERTEX_POINT('',#3628);
#956=VERTEX_POINT('',#3632);
#957=VERTEX_POINT('',#3633);
#958=VERTEX_POINT('',#3638);
#959=VERTEX_POINT('',#3640);
#960=VERTEX_POINT('',#3642);
#961=EDGE_CURVE('',#771,#772,#447,.T.);
#962=EDGE_CURVE('',#771,#773,#448,.T.);
#963=EDGE_CURVE('',#774,#773,#449,.T.);
#964=EDGE_CURVE('',#772,#774,#450,.T.);
#965=EDGE_CURVE('',#772,#775,#51,.T.);
#966=EDGE_CURVE('',#776,#774,#52,.T.);
#967=EDGE_CURVE('',#775,#776,#451,.T.);
#968=EDGE_CURVE('',#775,#777,#37,.T.);
#969=EDGE_CURVE('',#778,#776,#38,.T.);
#970=EDGE_CURVE('',#777,#778,#452,.T.);
#971=EDGE_CURVE('',#777,#779,#53,.T.);
#972=EDGE_CURVE('',#780,#778,#54,.T.);
#973=EDGE_CURVE('',#779,#780,#453,.T.);
#974=EDGE_CURVE('',#779,#781,#55,.T.);
#975=EDGE_CURVE('',#782,#780,#56,.T.);
#976=EDGE_CURVE('',#781,#782,#454,.T.);
#977=EDGE_CURVE('',#781,#783,#57,.T.);
#978=EDGE_CURVE('',#784,#782,#58,.T.);
#979=EDGE_CURVE('',#783,#784,#455,.T.);
#980=EDGE_CURVE('',#785,#786,#59,.T.);
#981=EDGE_CURVE('',#786,#787,#60,.T.);
#982=EDGE_CURVE('',#787,#784,#61,.T.);
#983=EDGE_CURVE('',#773,#788,#456,.T.);
#984=EDGE_CURVE('',#788,#785,#457,.T.);
#985=EDGE_CURVE('',#777,#789,#39,.T.);
#986=EDGE_CURVE('',#789,#775,#62,.T.);
#987=EDGE_CURVE('',#790,#779,#63,.T.);
#988=EDGE_CURVE('',#790,#789,#64,.T.);
#989=EDGE_CURVE('',#781,#791,#65,.T.);
#990=EDGE_CURVE('',#791,#790,#66,.T.);
#991=EDGE_CURVE('',#783,#792,#40,.T.);
#992=EDGE_CURVE('',#792,#791,#67,.T.);
#993=EDGE_CURVE('',#793,#787,#458,.T.);
#994=EDGE_CURVE('',#792,#793,#68,.T.);
#995=EDGE_CURVE('',#794,#786,#459,.T.);
#996=EDGE_CURVE('',#793,#794,#69,.T.);
#997=EDGE_CURVE('',#789,#795,#70,.T.);
#998=EDGE_CURVE('',#795,#772,#71,.T.);
#999=EDGE_CURVE('',#796,#794,#72,.T.);
#1000=EDGE_CURVE('',#797,#796,#460,.T.);
#1001=EDGE_CURVE('',#798,#797,#461,.T.);
#1002=EDGE_CURVE('',#795,#798,#462,.T.);
#1003=EDGE_CURVE('',#798,#771,#23,.F.);
#1004=EDGE_CURVE('',#796,#785,#463,.T.);
#1005=EDGE_CURVE('',#797,#788,#464,.T.);
#1006=EDGE_CURVE('',#799,#800,#73,.T.);
#1007=EDGE_CURVE('',#800,#801,#465,.T.);
#1008=EDGE_CURVE('',#801,#802,#74,.T.);
#1009=EDGE_CURVE('',#803,#802,#466,.T.);
#1010=EDGE_CURVE('',#803,#804,#75,.T.);
#1011=EDGE_CURVE('',#804,#799,#467,.T.);
#1012=EDGE_CURVE('',#805,#806,#468,.T.);
#1013=EDGE_CURVE('',#806,#807,#76,.T.);
#1014=EDGE_CURVE('',#807,#808,#469,.T.);
#1015=EDGE_CURVE('',#805,#808,#77,.T.);
#1016=EDGE_CURVE('',#805,#809,#470,.T.);
#1017=EDGE_CURVE('',#810,#809,#471,.T.);
#1018=EDGE_CURVE('',#806,#810,#472,.T.);
#1019=EDGE_CURVE('',#811,#812,#473,.T.);
#1020=EDGE_CURVE('',#801,#811,#474,.T.);
#1021=EDGE_CURVE('',#800,#812,#475,.T.);
#1022=EDGE_CURVE('',#809,#799,#78,.T.);
#1023=EDGE_CURVE('',#813,#804,#79,.T.);
#1024=EDGE_CURVE('',#813,#814,#476,.T.);
#1025=EDGE_CURVE('',#814,#810,#80,.T.);
#1026=EDGE_CURVE('',#815,#816,#477,.T.);
#1027=EDGE_CURVE('',#817,#815,#81,.T.);
#1028=EDGE_CURVE('',#818,#817,#478,.T.);
#1029=EDGE_CURVE('',#816,#818,#82,.T.);
#1030=EDGE_CURVE('',#807,#819,#83,.T.);
#1031=EDGE_CURVE('',#820,#819,#479,.T.);
#1032=EDGE_CURVE('',#808,#820,#84,.T.);
#1033=EDGE_CURVE('',#808,#818,#480,.T.);
#1034=EDGE_CURVE('',#816,#820,#481,.T.);
#1035=EDGE_CURVE('',#821,#815,#482,.T.);
#1036=EDGE_CURVE('',#822,#821,#483,.T.);
#1037=EDGE_CURVE('',#817,#822,#484,.T.);
#1038=EDGE_CURVE('',#822,#823,#485,.T.);
#1039=EDGE_CURVE('',#808,#823,#486,.T.);
#1040=EDGE_CURVE('',#824,#821,#487,.T.);
#1041=EDGE_CURVE('',#823,#824,#488,.T.);
#1042=EDGE_CURVE('',#825,#814,#489,.T.);
#1043=EDGE_CURVE('',#826,#825,#490,.T.);
#1044=EDGE_CURVE('',#827,#826,#491,.T.);
#1045=EDGE_CURVE('',#828,#827,#85,.T.);
#1046=EDGE_CURVE('',#829,#828,#86,.T.);
#1047=EDGE_CURVE('',#830,#829,#87,.T.);
#1048=EDGE_CURVE('',#802,#830,#88,.T.);
#1049=EDGE_CURVE('',#831,#811,#89,.T.);
#1050=EDGE_CURVE('',#832,#831,#90,.T.);
#1051=EDGE_CURVE('',#833,#832,#91,.T.);
#1052=EDGE_CURVE('',#834,#833,#92,.T.);
#1053=EDGE_CURVE('',#835,#834,#93,.T.);
#1054=EDGE_CURVE('',#836,#835,#94,.T.);
#1055=EDGE_CURVE('',#837,#836,#95,.T.);
#1056=EDGE_CURVE('',#838,#837,#492,.T.);
#1057=EDGE_CURVE('',#839,#838,#493,.T.);
#1058=EDGE_CURVE('',#840,#839,#494,.T.);
#1059=EDGE_CURVE('',#841,#840,#495,.T.);
#1060=EDGE_CURVE('',#842,#841,#496,.T.);
#1061=EDGE_CURVE('',#843,#842,#497,.T.);
#1062=EDGE_CURVE('',#819,#843,#96,.T.);
#1063=EDGE_CURVE('',#843,#844,#498,.T.);
#1064=EDGE_CURVE('',#820,#844,#97,.T.);
#1065=EDGE_CURVE('',#841,#845,#499,.T.);
#1066=EDGE_CURVE('',#845,#846,#500,.T.);
#1067=EDGE_CURVE('',#846,#842,#501,.T.);
#1068=EDGE_CURVE('',#847,#840,#502,.T.);
#1069=EDGE_CURVE('',#845,#847,#503,.T.);
#1070=EDGE_CURVE('',#839,#848,#504,.T.);
#1071=EDGE_CURVE('',#847,#848,#505,.T.);
#1072=EDGE_CURVE('',#848,#846,#506,.T.);
#1073=EDGE_CURVE('',#838,#849,#507,.T.);
#1074=EDGE_CURVE('',#844,#849,#508,.T.);
#1075=EDGE_CURVE('',#837,#850,#509,.T.);
#1076=EDGE_CURVE('',#849,#850,#510,.T.);
#1077=EDGE_CURVE('',#836,#851,#511,.T.);
#1078=EDGE_CURVE('',#850,#851,#98,.T.);
#1079=EDGE_CURVE('',#835,#852,#512,.T.);
#1080=EDGE_CURVE('',#851,#852,#99,.T.);
#1081=EDGE_CURVE('',#834,#853,#513,.T.);
#1082=EDGE_CURVE('',#852,#853,#100,.T.);
#1083=EDGE_CURVE('',#833,#854,#514,.T.);
#1084=EDGE_CURVE('',#853,#854,#101,.T.);
#1085=EDGE_CURVE('',#832,#855,#515,.T.);
#1086=EDGE_CURVE('',#854,#855,#102,.T.);
#1087=EDGE_CURVE('',#831,#856,#516,.T.);
#1088=EDGE_CURVE('',#855,#856,#103,.T.);
#1089=EDGE_CURVE('',#856,#812,#104,.T.);
#1090=EDGE_CURVE('',#824,#820,#517,.T.);
#1091=EDGE_CURVE('',#857,#858,#41,.T.);
#1092=EDGE_CURVE('',#859,#857,#105,.T.);
#1093=EDGE_CURVE('',#860,#859,#106,.T.);
#1094=EDGE_CURVE('',#858,#860,#107,.T.);
#1095=EDGE_CURVE('',#861,#862,#24,.F.);
#1096=EDGE_CURVE('',#860,#861,#518,.T.);
#1097=EDGE_CURVE('',#862,#859,#519,.T.);
#1098=EDGE_CURVE('',#861,#863,#520,.T.);
#1099=EDGE_CURVE('',#863,#813,#521,.T.);
#1100=EDGE_CURVE('',#864,#803,#108,.T.);
#1101=EDGE_CURVE('',#864,#865,#109,.T.);
#1102=EDGE_CURVE('',#865,#858,#110,.T.);
#1103=EDGE_CURVE('',#857,#828,#522,.T.);
#1104=EDGE_CURVE('',#865,#829,#523,.T.);
#1105=EDGE_CURVE('',#859,#827,#524,.T.);
#1106=EDGE_CURVE('',#864,#830,#525,.T.);
#1107=EDGE_CURVE('',#863,#825,#526,.T.);
#1108=EDGE_CURVE('',#862,#826,#527,.T.);
#1109=EDGE_CURVE('',#866,#867,#528,.T.);
#1110=EDGE_CURVE('',#867,#868,#529,.T.);
#1111=EDGE_CURVE('',#868,#869,#530,.T.);
#1112=EDGE_CURVE('',#866,#869,#531,.T.);
#1113=EDGE_CURVE('',#867,#870,#111,.T.);
#1114=EDGE_CURVE('',#870,#871,#532,.T.);
#1115=EDGE_CURVE('',#871,#868,#112,.T.);
#1116=EDGE_CURVE('',#870,#872,#42,.T.);
#1117=EDGE_CURVE('',#872,#873,#533,.T.);
#1118=EDGE_CURVE('',#873,#871,#43,.T.);
#1119=EDGE_CURVE('',#872,#874,#113,.T.);
#1120=EDGE_CURVE('',#874,#875,#534,.T.);
#1121=EDGE_CURVE('',#875,#873,#114,.T.);
#1122=EDGE_CURVE('',#874,#876,#115,.T.);
#1123=EDGE_CURVE('',#876,#877,#535,.T.);
#1124=EDGE_CURVE('',#877,#875,#116,.T.);
#1125=EDGE_CURVE('',#876,#878,#117,.T.);
#1126=EDGE_CURVE('',#878,#879,#536,.T.);
#1127=EDGE_CURVE('',#879,#877,#118,.T.);
#1128=EDGE_CURVE('',#880,#881,#119,.T.);
#1129=EDGE_CURVE('',#882,#880,#537,.T.);
#1130=EDGE_CURVE('',#869,#882,#538,.T.);
#1131=EDGE_CURVE('',#883,#879,#120,.T.);
#1132=EDGE_CURVE('',#881,#883,#121,.T.);
#1133=EDGE_CURVE('',#884,#870,#122,.T.);
#1134=EDGE_CURVE('',#872,#884,#44,.T.);
#1135=EDGE_CURVE('',#885,#884,#123,.T.);
#1136=EDGE_CURVE('',#885,#874,#124,.T.);
#1137=EDGE_CURVE('',#886,#885,#125,.T.);
#1138=EDGE_CURVE('',#876,#886,#126,.T.);
#1139=EDGE_CURVE('',#887,#886,#127,.T.);
#1140=EDGE_CURVE('',#878,#887,#45,.T.);
#1141=EDGE_CURVE('',#888,#883,#539,.T.);
#1142=EDGE_CURVE('',#887,#888,#128,.T.);
#1143=EDGE_CURVE('',#889,#881,#540,.T.);
#1144=EDGE_CURVE('',#888,#889,#129,.T.);
#1145=EDGE_CURVE('',#890,#867,#130,.T.);
#1146=EDGE_CURVE('',#884,#890,#131,.T.);
#1147=EDGE_CURVE('',#890,#891,#541,.T.);
#1148=EDGE_CURVE('',#891,#892,#542,.T.);
#1149=EDGE_CURVE('',#892,#893,#543,.T.);
#1150=EDGE_CURVE('',#893,#889,#132,.T.);
#1151=EDGE_CURVE('',#891,#866,#25,.F.);
#1152=EDGE_CURVE('',#893,#880,#544,.T.);
#1153=EDGE_CURVE('',#892,#882,#545,.T.);
#1154=EDGE_CURVE('',#894,#895,#133,.T.);
#1155=EDGE_CURVE('',#896,#894,#546,.T.);
#1156=EDGE_CURVE('',#897,#896,#134,.T.);
#1157=EDGE_CURVE('',#897,#898,#547,.T.);
#1158=EDGE_CURVE('',#899,#898,#135,.T.);
#1159=EDGE_CURVE('',#895,#899,#548,.T.);
#1160=EDGE_CURVE('',#900,#901,#549,.T.);
#1161=EDGE_CURVE('',#900,#902,#136,.T.);
#1162=EDGE_CURVE('',#903,#902,#550,.T.);
#1163=EDGE_CURVE('',#901,#903,#137,.T.);
#1164=EDGE_CURVE('',#901,#904,#551,.T.);
#1165=EDGE_CURVE('',#904,#905,#552,.T.);
#1166=EDGE_CURVE('',#900,#905,#553,.T.);
#1167=EDGE_CURVE('',#906,#907,#554,.T.);
#1168=EDGE_CURVE('',#895,#907,#555,.T.);
#1169=EDGE_CURVE('',#899,#906,#556,.T.);
#1170=EDGE_CURVE('',#905,#894,#138,.T.);
#1171=EDGE_CURVE('',#908,#904,#139,.T.);
#1172=EDGE_CURVE('',#909,#908,#557,.T.);
#1173=EDGE_CURVE('',#909,#896,#140,.T.);
#1174=EDGE_CURVE('',#910,#911,#558,.T.);
#1175=EDGE_CURVE('',#911,#912,#141,.T.);
#1176=EDGE_CURVE('',#912,#913,#559,.T.);
#1177=EDGE_CURVE('',#913,#910,#142,.T.);
#1178=EDGE_CURVE('',#903,#914,#143,.T.);
#1179=EDGE_CURVE('',#902,#915,#144,.T.);
#1180=EDGE_CURVE('',#915,#914,#560,.T.);
#1181=EDGE_CURVE('',#902,#912,#561,.T.);
#1182=EDGE_CURVE('',#911,#915,#562,.T.);
#1183=EDGE_CURVE('',#913,#916,#563,.T.);
#1184=EDGE_CURVE('',#916,#917,#564,.T.);
#1185=EDGE_CURVE('',#917,#910,#565,.T.);
#1186=EDGE_CURVE('',#902,#918,#566,.T.);
#1187=EDGE_CURVE('',#916,#918,#567,.T.);
#1188=EDGE_CURVE('',#918,#919,#568,.T.);
#1189=EDGE_CURVE('',#919,#917,#569,.T.);
#1190=EDGE_CURVE('',#914,#920,#145,.T.);
#1191=EDGE_CURVE('',#920,#921,#570,.T.);
#1192=EDGE_CURVE('',#921,#922,#571,.T.);
#1193=EDGE_CURVE('',#922,#923,#572,.T.);
#1194=EDGE_CURVE('',#923,#924,#573,.T.);
#1195=EDGE_CURVE('',#924,#925,#574,.T.);
#1196=EDGE_CURVE('',#925,#926,#575,.T.);
#1197=EDGE_CURVE('',#926,#927,#146,.T.);
#1198=EDGE_CURVE('',#927,#928,#147,.T.);
#1199=EDGE_CURVE('',#928,#929,#148,.T.);
#1200=EDGE_CURVE('',#929,#930,#149,.T.);
#1201=EDGE_CURVE('',#930,#931,#150,.T.);
#1202=EDGE_CURVE('',#931,#932,#151,.T.);
#1203=EDGE_CURVE('',#932,#906,#152,.T.);
#1204=EDGE_CURVE('',#898,#933,#153,.T.);
#1205=EDGE_CURVE('',#933,#934,#154,.T.);
#1206=EDGE_CURVE('',#934,#935,#155,.T.);
#1207=EDGE_CURVE('',#935,#936,#156,.T.);
#1208=EDGE_CURVE('',#936,#937,#576,.T.);
#1209=EDGE_CURVE('',#937,#938,#577,.T.);
#1210=EDGE_CURVE('',#938,#908,#578,.T.);
#1211=EDGE_CURVE('',#915,#939,#157,.T.);
#1212=EDGE_CURVE('',#920,#939,#579,.T.);
#1213=EDGE_CURVE('',#940,#921,#580,.T.);
#1214=EDGE_CURVE('',#941,#940,#581,.T.);
#1215=EDGE_CURVE('',#922,#941,#582,.T.);
#1216=EDGE_CURVE('',#941,#942,#583,.T.);
#1217=EDGE_CURVE('',#942,#923,#584,.T.);
#1218=EDGE_CURVE('',#942,#943,#585,.T.);
#1219=EDGE_CURVE('',#924,#943,#586,.T.);
#1220=EDGE_CURVE('',#939,#944,#587,.T.);
#1221=EDGE_CURVE('',#925,#944,#588,.T.);
#1222=EDGE_CURVE('',#943,#940,#589,.T.);
#1223=EDGE_CURVE('',#944,#945,#590,.T.);
#1224=EDGE_CURVE('',#926,#945,#591,.T.);
#1225=EDGE_CURVE('',#945,#946,#158,.T.);
#1226=EDGE_CURVE('',#927,#946,#592,.T.);
#1227=EDGE_CURVE('',#946,#947,#159,.T.);
#1228=EDGE_CURVE('',#928,#947,#593,.T.);
#1229=EDGE_CURVE('',#947,#948,#160,.T.);
#1230=EDGE_CURVE('',#929,#948,#594,.T.);
#1231=EDGE_CURVE('',#948,#949,#161,.T.);
#1232=EDGE_CURVE('',#930,#949,#595,.T.);
#1233=EDGE_CURVE('',#949,#950,#162,.T.);
#1234=EDGE_CURVE('',#931,#950,#596,.T.);
#1235=EDGE_CURVE('',#950,#951,#163,.T.);
#1236=EDGE_CURVE('',#932,#951,#597,.T.);
#1237=EDGE_CURVE('',#951,#907,#164,.T.);
#1238=EDGE_CURVE('',#919,#915,#598,.T.);
#1239=EDGE_CURVE('',#952,#953,#46,.T.);
#1240=EDGE_CURVE('',#953,#954,#165,.T.);
#1241=EDGE_CURVE('',#954,#955,#166,.T.);
#1242=EDGE_CURVE('',#955,#952,#167,.T.);
#1243=EDGE_CURVE('',#956,#957,#26,.F.);
#1244=EDGE_CURVE('',#957,#955,#599,.T.);
#1245=EDGE_CURVE('',#954,#956,#600,.T.);
#1246=EDGE_CURVE('',#956,#958,#601,.T.);
#1247=EDGE_CURVE('',#959,#953,#168,.T.);
#1248=EDGE_CURVE('',#960,#959,#169,.T.);
#1249=EDGE_CURVE('',#960,#897,#170,.T.);
#1250=EDGE_CURVE('',#958,#909,#602,.T.);
#1251=EDGE_CURVE('',#959,#934,#603,.T.);
#1252=EDGE_CURVE('',#952,#935,#604,.T.);
#1253=EDGE_CURVE('',#955,#936,#605,.T.);
#1254=EDGE_CURVE('',#960,#933,#606,.T.);
#1255=EDGE_CURVE('',#958,#938,#607,.T.);
#1256=EDGE_CURVE('',#957,#937,#608,.T.);
#1257=ORIENTED_EDGE('',*,*,#961,.F.);
#1258=ORIENTED_EDGE('',*,*,#962,.T.);
#1259=ORIENTED_EDGE('',*,*,#963,.F.);
#1260=ORIENTED_EDGE('',*,*,#964,.F.);
#1261=ORIENTED_EDGE('',*,*,#965,.F.);
#1262=ORIENTED_EDGE('',*,*,#964,.T.);
#1263=ORIENTED_EDGE('',*,*,#966,.F.);
#1264=ORIENTED_EDGE('',*,*,#967,.F.);
#1265=ORIENTED_EDGE('',*,*,#968,.F.);
#1266=ORIENTED_EDGE('',*,*,#967,.T.);
#1267=ORIENTED_EDGE('',*,*,#969,.F.);
#1268=ORIENTED_EDGE('',*,*,#970,.F.);
#1269=ORIENTED_EDGE('',*,*,#971,.F.);
#1270=ORIENTED_EDGE('',*,*,#970,.T.);
#1271=ORIENTED_EDGE('',*,*,#972,.F.);
#1272=ORIENTED_EDGE('',*,*,#973,.F.);
#1273=ORIENTED_EDGE('',*,*,#974,.F.);
#1274=ORIENTED_EDGE('',*,*,#973,.T.);
#1275=ORIENTED_EDGE('',*,*,#975,.F.);
#1276=ORIENTED_EDGE('',*,*,#976,.F.);
#1277=ORIENTED_EDGE('',*,*,#977,.F.);
#1278=ORIENTED_EDGE('',*,*,#976,.T.);
#1279=ORIENTED_EDGE('',*,*,#978,.F.);
#1280=ORIENTED_EDGE('',*,*,#979,.F.);
#1281=ORIENTED_EDGE('',*,*,#980,.T.);
#1282=ORIENTED_EDGE('',*,*,#981,.T.);
#1283=ORIENTED_EDGE('',*,*,#982,.T.);
#1284=ORIENTED_EDGE('',*,*,#978,.T.);
#1285=ORIENTED_EDGE('',*,*,#975,.T.);
#1286=ORIENTED_EDGE('',*,*,#972,.T.);
#1287=ORIENTED_EDGE('',*,*,#969,.T.);
#1288=ORIENTED_EDGE('',*,*,#966,.T.);
#1289=ORIENTED_EDGE('',*,*,#963,.T.);
#1290=ORIENTED_EDGE('',*,*,#983,.T.);
#1291=ORIENTED_EDGE('',*,*,#984,.T.);
#1292=ORIENTED_EDGE('',*,*,#968,.T.);
#1293=ORIENTED_EDGE('',*,*,#985,.T.);
#1294=ORIENTED_EDGE('',*,*,#986,.T.);
#1295=ORIENTED_EDGE('',*,*,#971,.T.);
#1296=ORIENTED_EDGE('',*,*,#987,.F.);
#1297=ORIENTED_EDGE('',*,*,#988,.T.);
#1298=ORIENTED_EDGE('',*,*,#985,.F.);
#1299=ORIENTED_EDGE('',*,*,#974,.T.);
#1300=ORIENTED_EDGE('',*,*,#989,.T.);
#1301=ORIENTED_EDGE('',*,*,#990,.T.);
#1302=ORIENTED_EDGE('',*,*,#987,.T.);
#1303=ORIENTED_EDGE('',*,*,#977,.T.);
#1304=ORIENTED_EDGE('',*,*,#991,.T.);
#1305=ORIENTED_EDGE('',*,*,#992,.T.);
#1306=ORIENTED_EDGE('',*,*,#989,.F.);
#1307=ORIENTED_EDGE('',*,*,#993,.F.);
#1308=ORIENTED_EDGE('',*,*,#994,.F.);
#1309=ORIENTED_EDGE('',*,*,#991,.F.);
#1310=ORIENTED_EDGE('',*,*,#979,.T.);
#1311=ORIENTED_EDGE('',*,*,#982,.F.);
#1312=ORIENTED_EDGE('',*,*,#995,.F.);
#1313=ORIENTED_EDGE('',*,*,#996,.F.);
#1314=ORIENTED_EDGE('',*,*,#993,.T.);
#1315=ORIENTED_EDGE('',*,*,#981,.F.);
#1316=ORIENTED_EDGE('',*,*,#965,.T.);
#1317=ORIENTED_EDGE('',*,*,#986,.F.);
#1318=ORIENTED_EDGE('',*,*,#997,.T.);
#1319=ORIENTED_EDGE('',*,*,#998,.T.);
#1320=ORIENTED_EDGE('',*,*,#988,.F.);
#1321=ORIENTED_EDGE('',*,*,#990,.F.);
#1322=ORIENTED_EDGE('',*,*,#992,.F.);
#1323=ORIENTED_EDGE('',*,*,#994,.T.);
#1324=ORIENTED_EDGE('',*,*,#996,.T.);
#1325=ORIENTED_EDGE('',*,*,#999,.F.);
#1326=ORIENTED_EDGE('',*,*,#1000,.F.);
#1327=ORIENTED_EDGE('',*,*,#1001,.F.);
#1328=ORIENTED_EDGE('',*,*,#1002,.F.);
#1329=ORIENTED_EDGE('',*,*,#997,.F.);
#1330=ORIENTED_EDGE('',*,*,#961,.T.);
#1331=ORIENTED_EDGE('',*,*,#998,.F.);
#1332=ORIENTED_EDGE('',*,*,#1002,.T.);
#1333=ORIENTED_EDGE('',*,*,#1003,.T.);
#1334=ORIENTED_EDGE('',*,*,#1004,.F.);
#1335=ORIENTED_EDGE('',*,*,#999,.T.);
#1336=ORIENTED_EDGE('',*,*,#995,.T.);
#1337=ORIENTED_EDGE('',*,*,#980,.F.);
#1338=ORIENTED_EDGE('',*,*,#1005,.F.);
#1339=ORIENTED_EDGE('',*,*,#1000,.T.);
#1340=ORIENTED_EDGE('',*,*,#1004,.T.);
#1341=ORIENTED_EDGE('',*,*,#984,.F.);
#1342=ORIENTED_EDGE('',*,*,#1003,.F.);
#1343=ORIENTED_EDGE('',*,*,#1001,.T.);
#1344=ORIENTED_EDGE('',*,*,#1005,.T.);
#1345=ORIENTED_EDGE('',*,*,#983,.F.);
#1346=ORIENTED_EDGE('',*,*,#962,.F.);
#1347=ORIENTED_EDGE('',*,*,#1006,.T.);
#1348=ORIENTED_EDGE('',*,*,#1007,.T.);
#1349=ORIENTED_EDGE('',*,*,#1008,.T.);
#1350=ORIENTED_EDGE('',*,*,#1009,.F.);
#1351=ORIENTED_EDGE('',*,*,#1010,.T.);
#1352=ORIENTED_EDGE('',*,*,#1011,.T.);
#1353=ORIENTED_EDGE('',*,*,#1012,.T.);
#1354=ORIENTED_EDGE('',*,*,#1013,.T.);
#1355=ORIENTED_EDGE('',*,*,#1014,.T.);
#1356=ORIENTED_EDGE('',*,*,#1015,.F.);
#1357=ORIENTED_EDGE('',*,*,#1012,.F.);
#1358=ORIENTED_EDGE('',*,*,#1016,.T.);
#1359=ORIENTED_EDGE('',*,*,#1017,.F.);
#1360=ORIENTED_EDGE('',*,*,#1018,.F.);
#1361=ORIENTED_EDGE('',*,*,#1019,.F.);
#1362=ORIENTED_EDGE('',*,*,#1020,.F.);
#1363=ORIENTED_EDGE('',*,*,#1007,.F.);
#1364=ORIENTED_EDGE('',*,*,#1021,.T.);
#1365=ORIENTED_EDGE('',*,*,#1022,.T.);
#1366=ORIENTED_EDGE('',*,*,#1011,.F.);
#1367=ORIENTED_EDGE('',*,*,#1023,.F.);
#1368=ORIENTED_EDGE('',*,*,#1024,.T.);
#1369=ORIENTED_EDGE('',*,*,#1025,.T.);
#1370=ORIENTED_EDGE('',*,*,#1017,.T.);
#1371=ORIENTED_EDGE('',*,*,#1026,.F.);
#1372=ORIENTED_EDGE('',*,*,#1027,.F.);
#1373=ORIENTED_EDGE('',*,*,#1028,.F.);
#1374=ORIENTED_EDGE('',*,*,#1029,.F.);
#1375=ORIENTED_EDGE('',*,*,#1030,.T.);
#1376=ORIENTED_EDGE('',*,*,#1031,.F.);
#1377=ORIENTED_EDGE('',*,*,#1032,.F.);
#1378=ORIENTED_EDGE('',*,*,#1014,.F.);
#1379=ORIENTED_EDGE('',*,*,#1033,.F.);
#1380=ORIENTED_EDGE('',*,*,#1032,.T.);
#1381=ORIENTED_EDGE('',*,*,#1034,.F.);
#1382=ORIENTED_EDGE('',*,*,#1029,.T.);
#1383=ORIENTED_EDGE('',*,*,#1027,.T.);
#1384=ORIENTED_EDGE('',*,*,#1035,.F.);
#1385=ORIENTED_EDGE('',*,*,#1036,.F.);
#1386=ORIENTED_EDGE('',*,*,#1037,.F.);
#1387=ORIENTED_EDGE('',*,*,#1033,.T.);
#1388=ORIENTED_EDGE('',*,*,#1028,.T.);
#1389=ORIENTED_EDGE('',*,*,#1037,.T.);
#1390=ORIENTED_EDGE('',*,*,#1038,.T.);
#1391=ORIENTED_EDGE('',*,*,#1039,.F.);
#1392=ORIENTED_EDGE('',*,*,#1036,.T.);
#1393=ORIENTED_EDGE('',*,*,#1040,.F.);
#1394=ORIENTED_EDGE('',*,*,#1041,.F.);
#1395=ORIENTED_EDGE('',*,*,#1038,.F.);
#1396=ORIENTED_EDGE('',*,*,#1018,.T.);
#1397=ORIENTED_EDGE('',*,*,#1025,.F.);
#1398=ORIENTED_EDGE('',*,*,#1042,.F.);
#1399=ORIENTED_EDGE('',*,*,#1043,.F.);
#1400=ORIENTED_EDGE('',*,*,#1044,.F.);
#1401=ORIENTED_EDGE('',*,*,#1045,.F.);
#1402=ORIENTED_EDGE('',*,*,#1046,.F.);
#1403=ORIENTED_EDGE('',*,*,#1047,.F.);
#1404=ORIENTED_EDGE('',*,*,#1048,.F.);
#1405=ORIENTED_EDGE('',*,*,#1008,.F.);
#1406=ORIENTED_EDGE('',*,*,#1020,.T.);
#1407=ORIENTED_EDGE('',*,*,#1049,.F.);
#1408=ORIENTED_EDGE('',*,*,#1050,.F.);
#1409=ORIENTED_EDGE('',*,*,#1051,.F.);
#1410=ORIENTED_EDGE('',*,*,#1052,.F.);
#1411=ORIENTED_EDGE('',*,*,#1053,.F.);
#1412=ORIENTED_EDGE('',*,*,#1054,.F.);
#1413=ORIENTED_EDGE('',*,*,#1055,.F.);
#1414=ORIENTED_EDGE('',*,*,#1056,.F.);
#1415=ORIENTED_EDGE('',*,*,#1057,.F.);
#1416=ORIENTED_EDGE('',*,*,#1058,.F.);
#1417=ORIENTED_EDGE('',*,*,#1059,.F.);
#1418=ORIENTED_EDGE('',*,*,#1060,.F.);
#1419=ORIENTED_EDGE('',*,*,#1061,.F.);
#1420=ORIENTED_EDGE('',*,*,#1062,.F.);
#1421=ORIENTED_EDGE('',*,*,#1030,.F.);
#1422=ORIENTED_EDGE('',*,*,#1013,.F.);
#1423=ORIENTED_EDGE('',*,*,#1062,.T.);
#1424=ORIENTED_EDGE('',*,*,#1063,.T.);
#1425=ORIENTED_EDGE('',*,*,#1064,.F.);
#1426=ORIENTED_EDGE('',*,*,#1031,.T.);
#1427=ORIENTED_EDGE('',*,*,#1060,.T.);
#1428=ORIENTED_EDGE('',*,*,#1065,.T.);
#1429=ORIENTED_EDGE('',*,*,#1066,.T.);
#1430=ORIENTED_EDGE('',*,*,#1067,.T.);
#1431=ORIENTED_EDGE('',*,*,#1059,.T.);
#1432=ORIENTED_EDGE('',*,*,#1068,.F.);
#1433=ORIENTED_EDGE('',*,*,#1069,.F.);
#1434=ORIENTED_EDGE('',*,*,#1065,.F.);
#1435=ORIENTED_EDGE('',*,*,#1058,.T.);
#1436=ORIENTED_EDGE('',*,*,#1070,.T.);
#1437=ORIENTED_EDGE('',*,*,#1071,.F.);
#1438=ORIENTED_EDGE('',*,*,#1068,.T.);
#1439=ORIENTED_EDGE('',*,*,#1061,.T.);
#1440=ORIENTED_EDGE('',*,*,#1067,.F.);
#1441=ORIENTED_EDGE('',*,*,#1072,.F.);
#1442=ORIENTED_EDGE('',*,*,#1070,.F.);
#1443=ORIENTED_EDGE('',*,*,#1057,.T.);
#1444=ORIENTED_EDGE('',*,*,#1073,.T.);
#1445=ORIENTED_EDGE('',*,*,#1074,.F.);
#1446=ORIENTED_EDGE('',*,*,#1063,.F.);
#1447=ORIENTED_EDGE('',*,*,#1056,.T.);
#1448=ORIENTED_EDGE('',*,*,#1075,.T.);
#1449=ORIENTED_EDGE('',*,*,#1076,.F.);
#1450=ORIENTED_EDGE('',*,*,#1073,.F.);
#1451=ORIENTED_EDGE('',*,*,#1055,.T.);
#1452=ORIENTED_EDGE('',*,*,#1077,.T.);
#1453=ORIENTED_EDGE('',*,*,#1078,.F.);
#1454=ORIENTED_EDGE('',*,*,#1075,.F.);
#1455=ORIENTED_EDGE('',*,*,#1054,.T.);
#1456=ORIENTED_EDGE('',*,*,#1079,.T.);
#1457=ORIENTED_EDGE('',*,*,#1080,.F.);
#1458=ORIENTED_EDGE('',*,*,#1077,.F.);
#1459=ORIENTED_EDGE('',*,*,#1053,.T.);
#1460=ORIENTED_EDGE('',*,*,#1081,.T.);
#1461=ORIENTED_EDGE('',*,*,#1082,.F.);
#1462=ORIENTED_EDGE('',*,*,#1079,.F.);
#1463=ORIENTED_EDGE('',*,*,#1052,.T.);
#1464=ORIENTED_EDGE('',*,*,#1083,.T.);
#1465=ORIENTED_EDGE('',*,*,#1084,.F.);
#1466=ORIENTED_EDGE('',*,*,#1081,.F.);
#1467=ORIENTED_EDGE('',*,*,#1051,.T.);
#1468=ORIENTED_EDGE('',*,*,#1085,.T.);
#1469=ORIENTED_EDGE('',*,*,#1086,.F.);
#1470=ORIENTED_EDGE('',*,*,#1083,.F.);
#1471=ORIENTED_EDGE('',*,*,#1050,.T.);
#1472=ORIENTED_EDGE('',*,*,#1087,.T.);
#1473=ORIENTED_EDGE('',*,*,#1088,.F.);
#1474=ORIENTED_EDGE('',*,*,#1085,.F.);
#1475=ORIENTED_EDGE('',*,*,#1019,.T.);
#1476=ORIENTED_EDGE('',*,*,#1089,.F.);
#1477=ORIENTED_EDGE('',*,*,#1087,.F.);
#1478=ORIENTED_EDGE('',*,*,#1049,.T.);
#1479=ORIENTED_EDGE('',*,*,#1034,.T.);
#1480=ORIENTED_EDGE('',*,*,#1090,.F.);
#1481=ORIENTED_EDGE('',*,*,#1040,.T.);
#1482=ORIENTED_EDGE('',*,*,#1035,.T.);
#1483=ORIENTED_EDGE('',*,*,#1026,.T.);
#1484=ORIENTED_EDGE('',*,*,#1091,.F.);
#1485=ORIENTED_EDGE('',*,*,#1092,.F.);
#1486=ORIENTED_EDGE('',*,*,#1093,.F.);
#1487=ORIENTED_EDGE('',*,*,#1094,.F.);
#1488=ORIENTED_EDGE('',*,*,#1095,.F.);
#1489=ORIENTED_EDGE('',*,*,#1096,.F.);
#1490=ORIENTED_EDGE('',*,*,#1093,.T.);
#1491=ORIENTED_EDGE('',*,*,#1097,.F.);
#1492=ORIENTED_EDGE('',*,*,#1098,.T.);
#1493=ORIENTED_EDGE('',*,*,#1099,.T.);
#1494=ORIENTED_EDGE('',*,*,#1023,.T.);
#1495=ORIENTED_EDGE('',*,*,#1010,.F.);
#1496=ORIENTED_EDGE('',*,*,#1100,.F.);
#1497=ORIENTED_EDGE('',*,*,#1101,.T.);
#1498=ORIENTED_EDGE('',*,*,#1102,.T.);
#1499=ORIENTED_EDGE('',*,*,#1094,.T.);
#1500=ORIENTED_EDGE('',*,*,#1096,.T.);
#1501=ORIENTED_EDGE('',*,*,#1046,.T.);
#1502=ORIENTED_EDGE('',*,*,#1103,.F.);
#1503=ORIENTED_EDGE('',*,*,#1091,.T.);
#1504=ORIENTED_EDGE('',*,*,#1102,.F.);
#1505=ORIENTED_EDGE('',*,*,#1104,.T.);
#1506=ORIENTED_EDGE('',*,*,#1045,.T.);
#1507=ORIENTED_EDGE('',*,*,#1105,.F.);
#1508=ORIENTED_EDGE('',*,*,#1092,.T.);
#1509=ORIENTED_EDGE('',*,*,#1103,.T.);
#1510=ORIENTED_EDGE('',*,*,#1072,.T.);
#1511=ORIENTED_EDGE('',*,*,#1066,.F.);
#1512=ORIENTED_EDGE('',*,*,#1069,.T.);
#1513=ORIENTED_EDGE('',*,*,#1071,.T.);
#1514=ORIENTED_EDGE('',*,*,#1074,.T.);
#1515=ORIENTED_EDGE('',*,*,#1076,.T.);
#1516=ORIENTED_EDGE('',*,*,#1078,.T.);
#1517=ORIENTED_EDGE('',*,*,#1080,.T.);
#1518=ORIENTED_EDGE('',*,*,#1082,.T.);
#1519=ORIENTED_EDGE('',*,*,#1084,.T.);
#1520=ORIENTED_EDGE('',*,*,#1086,.T.);
#1521=ORIENTED_EDGE('',*,*,#1088,.T.);
#1522=ORIENTED_EDGE('',*,*,#1089,.T.);
#1523=ORIENTED_EDGE('',*,*,#1021,.F.);
#1524=ORIENTED_EDGE('',*,*,#1006,.F.);
#1525=ORIENTED_EDGE('',*,*,#1022,.F.);
#1526=ORIENTED_EDGE('',*,*,#1016,.F.);
#1527=ORIENTED_EDGE('',*,*,#1015,.T.);
#1528=ORIENTED_EDGE('',*,*,#1039,.T.);
#1529=ORIENTED_EDGE('',*,*,#1041,.T.);
#1530=ORIENTED_EDGE('',*,*,#1090,.T.);
#1531=ORIENTED_EDGE('',*,*,#1064,.T.);
#1532=ORIENTED_EDGE('',*,*,#1048,.T.);
#1533=ORIENTED_EDGE('',*,*,#1106,.F.);
#1534=ORIENTED_EDGE('',*,*,#1100,.T.);
#1535=ORIENTED_EDGE('',*,*,#1009,.T.);
#1536=ORIENTED_EDGE('',*,*,#1042,.T.);
#1537=ORIENTED_EDGE('',*,*,#1024,.F.);
#1538=ORIENTED_EDGE('',*,*,#1099,.F.);
#1539=ORIENTED_EDGE('',*,*,#1107,.T.);
#1540=ORIENTED_EDGE('',*,*,#1043,.T.);
#1541=ORIENTED_EDGE('',*,*,#1107,.F.);
#1542=ORIENTED_EDGE('',*,*,#1098,.F.);
#1543=ORIENTED_EDGE('',*,*,#1095,.T.);
#1544=ORIENTED_EDGE('',*,*,#1108,.T.);
#1545=ORIENTED_EDGE('',*,*,#1044,.T.);
#1546=ORIENTED_EDGE('',*,*,#1108,.F.);
#1547=ORIENTED_EDGE('',*,*,#1097,.T.);
#1548=ORIENTED_EDGE('',*,*,#1105,.T.);
#1549=ORIENTED_EDGE('',*,*,#1047,.T.);
#1550=ORIENTED_EDGE('',*,*,#1104,.F.);
#1551=ORIENTED_EDGE('',*,*,#1101,.F.);
#1552=ORIENTED_EDGE('',*,*,#1106,.T.);
#1553=ORIENTED_EDGE('',*,*,#1109,.T.);
#1554=ORIENTED_EDGE('',*,*,#1110,.T.);
#1555=ORIENTED_EDGE('',*,*,#1111,.T.);
#1556=ORIENTED_EDGE('',*,*,#1112,.F.);
#1557=ORIENTED_EDGE('',*,*,#1113,.T.);
#1558=ORIENTED_EDGE('',*,*,#1114,.T.);
#1559=ORIENTED_EDGE('',*,*,#1115,.T.);
#1560=ORIENTED_EDGE('',*,*,#1110,.F.);
#1561=ORIENTED_EDGE('',*,*,#1116,.T.);
#1562=ORIENTED_EDGE('',*,*,#1117,.T.);
#1563=ORIENTED_EDGE('',*,*,#1118,.T.);
#1564=ORIENTED_EDGE('',*,*,#1114,.F.);
#1565=ORIENTED_EDGE('',*,*,#1119,.T.);
#1566=ORIENTED_EDGE('',*,*,#1120,.T.);
#1567=ORIENTED_EDGE('',*,*,#1121,.T.);
#1568=ORIENTED_EDGE('',*,*,#1117,.F.);
#1569=ORIENTED_EDGE('',*,*,#1122,.T.);
#1570=ORIENTED_EDGE('',*,*,#1123,.T.);
#1571=ORIENTED_EDGE('',*,*,#1124,.T.);
#1572=ORIENTED_EDGE('',*,*,#1120,.F.);
#1573=ORIENTED_EDGE('',*,*,#1125,.T.);
#1574=ORIENTED_EDGE('',*,*,#1126,.T.);
#1575=ORIENTED_EDGE('',*,*,#1127,.T.);
#1576=ORIENTED_EDGE('',*,*,#1123,.F.);
#1577=ORIENTED_EDGE('',*,*,#1128,.F.);
#1578=ORIENTED_EDGE('',*,*,#1129,.F.);
#1579=ORIENTED_EDGE('',*,*,#1130,.F.);
#1580=ORIENTED_EDGE('',*,*,#1111,.F.);
#1581=ORIENTED_EDGE('',*,*,#1115,.F.);
#1582=ORIENTED_EDGE('',*,*,#1118,.F.);
#1583=ORIENTED_EDGE('',*,*,#1121,.F.);
#1584=ORIENTED_EDGE('',*,*,#1124,.F.);
#1585=ORIENTED_EDGE('',*,*,#1127,.F.);
#1586=ORIENTED_EDGE('',*,*,#1131,.F.);
#1587=ORIENTED_EDGE('',*,*,#1132,.F.);
#1588=ORIENTED_EDGE('',*,*,#1116,.F.);
#1589=ORIENTED_EDGE('',*,*,#1133,.F.);
#1590=ORIENTED_EDGE('',*,*,#1134,.F.);
#1591=ORIENTED_EDGE('',*,*,#1119,.F.);
#1592=ORIENTED_EDGE('',*,*,#1134,.T.);
#1593=ORIENTED_EDGE('',*,*,#1135,.F.);
#1594=ORIENTED_EDGE('',*,*,#1136,.T.);
#1595=ORIENTED_EDGE('',*,*,#1122,.F.);
#1596=ORIENTED_EDGE('',*,*,#1136,.F.);
#1597=ORIENTED_EDGE('',*,*,#1137,.F.);
#1598=ORIENTED_EDGE('',*,*,#1138,.F.);
#1599=ORIENTED_EDGE('',*,*,#1125,.F.);
#1600=ORIENTED_EDGE('',*,*,#1138,.T.);
#1601=ORIENTED_EDGE('',*,*,#1139,.F.);
#1602=ORIENTED_EDGE('',*,*,#1140,.F.);
#1603=ORIENTED_EDGE('',*,*,#1141,.T.);
#1604=ORIENTED_EDGE('',*,*,#1131,.T.);
#1605=ORIENTED_EDGE('',*,*,#1126,.F.);
#1606=ORIENTED_EDGE('',*,*,#1140,.T.);
#1607=ORIENTED_EDGE('',*,*,#1142,.T.);
#1608=ORIENTED_EDGE('',*,*,#1143,.T.);
#1609=ORIENTED_EDGE('',*,*,#1132,.T.);
#1610=ORIENTED_EDGE('',*,*,#1141,.F.);
#1611=ORIENTED_EDGE('',*,*,#1144,.T.);
#1612=ORIENTED_EDGE('',*,*,#1113,.F.);
#1613=ORIENTED_EDGE('',*,*,#1145,.F.);
#1614=ORIENTED_EDGE('',*,*,#1146,.F.);
#1615=ORIENTED_EDGE('',*,*,#1133,.T.);
#1616=ORIENTED_EDGE('',*,*,#1135,.T.);
#1617=ORIENTED_EDGE('',*,*,#1146,.T.);
#1618=ORIENTED_EDGE('',*,*,#1147,.T.);
#1619=ORIENTED_EDGE('',*,*,#1148,.T.);
#1620=ORIENTED_EDGE('',*,*,#1149,.T.);
#1621=ORIENTED_EDGE('',*,*,#1150,.T.);
#1622=ORIENTED_EDGE('',*,*,#1144,.F.);
#1623=ORIENTED_EDGE('',*,*,#1142,.F.);
#1624=ORIENTED_EDGE('',*,*,#1139,.T.);
#1625=ORIENTED_EDGE('',*,*,#1137,.T.);
#1626=ORIENTED_EDGE('',*,*,#1109,.F.);
#1627=ORIENTED_EDGE('',*,*,#1151,.F.);
#1628=ORIENTED_EDGE('',*,*,#1147,.F.);
#1629=ORIENTED_EDGE('',*,*,#1145,.T.);
#1630=ORIENTED_EDGE('',*,*,#1152,.T.);
#1631=ORIENTED_EDGE('',*,*,#1128,.T.);
#1632=ORIENTED_EDGE('',*,*,#1143,.F.);
#1633=ORIENTED_EDGE('',*,*,#1150,.F.);
#1634=ORIENTED_EDGE('',*,*,#1153,.T.);
#1635=ORIENTED_EDGE('',*,*,#1129,.T.);
#1636=ORIENTED_EDGE('',*,*,#1152,.F.);
#1637=ORIENTED_EDGE('',*,*,#1149,.F.);
#1638=ORIENTED_EDGE('',*,*,#1151,.T.);
#1639=ORIENTED_EDGE('',*,*,#1112,.T.);
#1640=ORIENTED_EDGE('',*,*,#1130,.T.);
#1641=ORIENTED_EDGE('',*,*,#1153,.F.);
#1642=ORIENTED_EDGE('',*,*,#1148,.F.);
#1643=ORIENTED_EDGE('',*,*,#1154,.F.);
#1644=ORIENTED_EDGE('',*,*,#1155,.F.);
#1645=ORIENTED_EDGE('',*,*,#1156,.F.);
#1646=ORIENTED_EDGE('',*,*,#1157,.T.);
#1647=ORIENTED_EDGE('',*,*,#1158,.F.);
#1648=ORIENTED_EDGE('',*,*,#1159,.F.);
#1649=ORIENTED_EDGE('',*,*,#1160,.F.);
#1650=ORIENTED_EDGE('',*,*,#1161,.T.);
#1651=ORIENTED_EDGE('',*,*,#1162,.F.);
#1652=ORIENTED_EDGE('',*,*,#1163,.F.);
#1653=ORIENTED_EDGE('',*,*,#1160,.T.);
#1654=ORIENTED_EDGE('',*,*,#1164,.T.);
#1655=ORIENTED_EDGE('',*,*,#1165,.T.);
#1656=ORIENTED_EDGE('',*,*,#1166,.F.);
#1657=ORIENTED_EDGE('',*,*,#1167,.T.);
#1658=ORIENTED_EDGE('',*,*,#1168,.F.);
#1659=ORIENTED_EDGE('',*,*,#1159,.T.);
#1660=ORIENTED_EDGE('',*,*,#1169,.T.);
#1661=ORIENTED_EDGE('',*,*,#1170,.F.);
#1662=ORIENTED_EDGE('',*,*,#1165,.F.);
#1663=ORIENTED_EDGE('',*,*,#1171,.F.);
#1664=ORIENTED_EDGE('',*,*,#1172,.F.);
#1665=ORIENTED_EDGE('',*,*,#1173,.T.);
#1666=ORIENTED_EDGE('',*,*,#1155,.T.);
#1667=ORIENTED_EDGE('',*,*,#1174,.T.);
#1668=ORIENTED_EDGE('',*,*,#1175,.T.);
#1669=ORIENTED_EDGE('',*,*,#1176,.T.);
#1670=ORIENTED_EDGE('',*,*,#1177,.T.);
#1671=ORIENTED_EDGE('',*,*,#1178,.F.);
#1672=ORIENTED_EDGE('',*,*,#1162,.T.);
#1673=ORIENTED_EDGE('',*,*,#1179,.T.);
#1674=ORIENTED_EDGE('',*,*,#1180,.T.);
#1675=ORIENTED_EDGE('',*,*,#1181,.T.);
#1676=ORIENTED_EDGE('',*,*,#1175,.F.);
#1677=ORIENTED_EDGE('',*,*,#1182,.T.);
#1678=ORIENTED_EDGE('',*,*,#1179,.F.);
#1679=ORIENTED_EDGE('',*,*,#1177,.F.);
#1680=ORIENTED_EDGE('',*,*,#1183,.T.);
#1681=ORIENTED_EDGE('',*,*,#1184,.T.);
#1682=ORIENTED_EDGE('',*,*,#1185,.T.);
#1683=ORIENTED_EDGE('',*,*,#1181,.F.);
#1684=ORIENTED_EDGE('',*,*,#1186,.T.);
#1685=ORIENTED_EDGE('',*,*,#1187,.F.);
#1686=ORIENTED_EDGE('',*,*,#1183,.F.);
#1687=ORIENTED_EDGE('',*,*,#1176,.F.);
#1688=ORIENTED_EDGE('',*,*,#1184,.F.);
#1689=ORIENTED_EDGE('',*,*,#1187,.T.);
#1690=ORIENTED_EDGE('',*,*,#1188,.T.);
#1691=ORIENTED_EDGE('',*,*,#1189,.T.);
#1692=ORIENTED_EDGE('',*,*,#1164,.F.);
#1693=ORIENTED_EDGE('',*,*,#1163,.T.);
#1694=ORIENTED_EDGE('',*,*,#1178,.T.);
#1695=ORIENTED_EDGE('',*,*,#1190,.T.);
#1696=ORIENTED_EDGE('',*,*,#1191,.T.);
#1697=ORIENTED_EDGE('',*,*,#1192,.T.);
#1698=ORIENTED_EDGE('',*,*,#1193,.T.);
#1699=ORIENTED_EDGE('',*,*,#1194,.T.);
#1700=ORIENTED_EDGE('',*,*,#1195,.T.);
#1701=ORIENTED_EDGE('',*,*,#1196,.T.);
#1702=ORIENTED_EDGE('',*,*,#1197,.T.);
#1703=ORIENTED_EDGE('',*,*,#1198,.T.);
#1704=ORIENTED_EDGE('',*,*,#1199,.T.);
#1705=ORIENTED_EDGE('',*,*,#1200,.T.);
#1706=ORIENTED_EDGE('',*,*,#1201,.T.);
#1707=ORIENTED_EDGE('',*,*,#1202,.T.);
#1708=ORIENTED_EDGE('',*,*,#1203,.T.);
#1709=ORIENTED_EDGE('',*,*,#1169,.F.);
#1710=ORIENTED_EDGE('',*,*,#1158,.T.);
#1711=ORIENTED_EDGE('',*,*,#1204,.T.);
#1712=ORIENTED_EDGE('',*,*,#1205,.T.);
#1713=ORIENTED_EDGE('',*,*,#1206,.T.);
#1714=ORIENTED_EDGE('',*,*,#1207,.T.);
#1715=ORIENTED_EDGE('',*,*,#1208,.T.);
#1716=ORIENTED_EDGE('',*,*,#1209,.T.);
#1717=ORIENTED_EDGE('',*,*,#1210,.T.);
#1718=ORIENTED_EDGE('',*,*,#1171,.T.);
#1719=ORIENTED_EDGE('',*,*,#1190,.F.);
#1720=ORIENTED_EDGE('',*,*,#1180,.F.);
#1721=ORIENTED_EDGE('',*,*,#1211,.T.);
#1722=ORIENTED_EDGE('',*,*,#1212,.F.);
#1723=ORIENTED_EDGE('',*,*,#1192,.F.);
#1724=ORIENTED_EDGE('',*,*,#1213,.F.);
#1725=ORIENTED_EDGE('',*,*,#1214,.F.);
#1726=ORIENTED_EDGE('',*,*,#1215,.F.);
#1727=ORIENTED_EDGE('',*,*,#1193,.F.);
#1728=ORIENTED_EDGE('',*,*,#1215,.T.);
#1729=ORIENTED_EDGE('',*,*,#1216,.T.);
#1730=ORIENTED_EDGE('',*,*,#1217,.T.);
#1731=ORIENTED_EDGE('',*,*,#1194,.F.);
#1732=ORIENTED_EDGE('',*,*,#1217,.F.);
#1733=ORIENTED_EDGE('',*,*,#1218,.T.);
#1734=ORIENTED_EDGE('',*,*,#1219,.F.);
#1735=ORIENTED_EDGE('',*,*,#1191,.F.);
#1736=ORIENTED_EDGE('',*,*,#1212,.T.);
#1737=ORIENTED_EDGE('',*,*,#1220,.T.);
#1738=ORIENTED_EDGE('',*,*,#1221,.F.);
#1739=ORIENTED_EDGE('',*,*,#1195,.F.);
#1740=ORIENTED_EDGE('',*,*,#1219,.T.);
#1741=ORIENTED_EDGE('',*,*,#1222,.T.);
#1742=ORIENTED_EDGE('',*,*,#1213,.T.);
#1743=ORIENTED_EDGE('',*,*,#1196,.F.);
#1744=ORIENTED_EDGE('',*,*,#1221,.T.);
#1745=ORIENTED_EDGE('',*,*,#1223,.T.);
#1746=ORIENTED_EDGE('',*,*,#1224,.F.);
#1747=ORIENTED_EDGE('',*,*,#1197,.F.);
#1748=ORIENTED_EDGE('',*,*,#1224,.T.);
#1749=ORIENTED_EDGE('',*,*,#1225,.T.);
#1750=ORIENTED_EDGE('',*,*,#1226,.F.);
#1751=ORIENTED_EDGE('',*,*,#1198,.F.);
#1752=ORIENTED_EDGE('',*,*,#1226,.T.);
#1753=ORIENTED_EDGE('',*,*,#1227,.T.);
#1754=ORIENTED_EDGE('',*,*,#1228,.F.);
#1755=ORIENTED_EDGE('',*,*,#1199,.F.);
#1756=ORIENTED_EDGE('',*,*,#1228,.T.);
#1757=ORIENTED_EDGE('',*,*,#1229,.T.);
#1758=ORIENTED_EDGE('',*,*,#1230,.F.);
#1759=ORIENTED_EDGE('',*,*,#1200,.F.);
#1760=ORIENTED_EDGE('',*,*,#1230,.T.);
#1761=ORIENTED_EDGE('',*,*,#1231,.T.);
#1762=ORIENTED_EDGE('',*,*,#1232,.F.);
#1763=ORIENTED_EDGE('',*,*,#1201,.F.);
#1764=ORIENTED_EDGE('',*,*,#1232,.T.);
#1765=ORIENTED_EDGE('',*,*,#1233,.T.);
#1766=ORIENTED_EDGE('',*,*,#1234,.F.);
#1767=ORIENTED_EDGE('',*,*,#1202,.F.);
#1768=ORIENTED_EDGE('',*,*,#1234,.T.);
#1769=ORIENTED_EDGE('',*,*,#1235,.T.);
#1770=ORIENTED_EDGE('',*,*,#1236,.F.);
#1771=ORIENTED_EDGE('',*,*,#1167,.F.);
#1772=ORIENTED_EDGE('',*,*,#1203,.F.);
#1773=ORIENTED_EDGE('',*,*,#1236,.T.);
#1774=ORIENTED_EDGE('',*,*,#1237,.T.);
#1775=ORIENTED_EDGE('',*,*,#1182,.F.);
#1776=ORIENTED_EDGE('',*,*,#1174,.F.);
#1777=ORIENTED_EDGE('',*,*,#1185,.F.);
#1778=ORIENTED_EDGE('',*,*,#1189,.F.);
#1779=ORIENTED_EDGE('',*,*,#1238,.T.);
#1780=ORIENTED_EDGE('',*,*,#1239,.T.);
#1781=ORIENTED_EDGE('',*,*,#1240,.T.);
#1782=ORIENTED_EDGE('',*,*,#1241,.T.);
#1783=ORIENTED_EDGE('',*,*,#1242,.T.);
#1784=ORIENTED_EDGE('',*,*,#1243,.T.);
#1785=ORIENTED_EDGE('',*,*,#1244,.T.);
#1786=ORIENTED_EDGE('',*,*,#1241,.F.);
#1787=ORIENTED_EDGE('',*,*,#1245,.T.);
#1788=ORIENTED_EDGE('',*,*,#1246,.F.);
#1789=ORIENTED_EDGE('',*,*,#1245,.F.);
#1790=ORIENTED_EDGE('',*,*,#1240,.F.);
#1791=ORIENTED_EDGE('',*,*,#1247,.F.);
#1792=ORIENTED_EDGE('',*,*,#1248,.F.);
#1793=ORIENTED_EDGE('',*,*,#1249,.T.);
#1794=ORIENTED_EDGE('',*,*,#1156,.T.);
#1795=ORIENTED_EDGE('',*,*,#1173,.F.);
#1796=ORIENTED_EDGE('',*,*,#1250,.F.);
#1797=ORIENTED_EDGE('',*,*,#1206,.F.);
#1798=ORIENTED_EDGE('',*,*,#1251,.F.);
#1799=ORIENTED_EDGE('',*,*,#1247,.T.);
#1800=ORIENTED_EDGE('',*,*,#1239,.F.);
#1801=ORIENTED_EDGE('',*,*,#1252,.T.);
#1802=ORIENTED_EDGE('',*,*,#1207,.F.);
#1803=ORIENTED_EDGE('',*,*,#1252,.F.);
#1804=ORIENTED_EDGE('',*,*,#1242,.F.);
#1805=ORIENTED_EDGE('',*,*,#1253,.T.);
#1806=ORIENTED_EDGE('',*,*,#1222,.F.);
#1807=ORIENTED_EDGE('',*,*,#1218,.F.);
#1808=ORIENTED_EDGE('',*,*,#1216,.F.);
#1809=ORIENTED_EDGE('',*,*,#1214,.T.);
#1810=ORIENTED_EDGE('',*,*,#1220,.F.);
#1811=ORIENTED_EDGE('',*,*,#1211,.F.);
#1812=ORIENTED_EDGE('',*,*,#1238,.F.);
#1813=ORIENTED_EDGE('',*,*,#1188,.F.);
#1814=ORIENTED_EDGE('',*,*,#1186,.F.);
#1815=ORIENTED_EDGE('',*,*,#1161,.F.);
#1816=ORIENTED_EDGE('',*,*,#1166,.T.);
#1817=ORIENTED_EDGE('',*,*,#1170,.T.);
#1818=ORIENTED_EDGE('',*,*,#1154,.T.);
#1819=ORIENTED_EDGE('',*,*,#1168,.T.);
#1820=ORIENTED_EDGE('',*,*,#1237,.F.);
#1821=ORIENTED_EDGE('',*,*,#1235,.F.);
#1822=ORIENTED_EDGE('',*,*,#1233,.F.);
#1823=ORIENTED_EDGE('',*,*,#1231,.F.);
#1824=ORIENTED_EDGE('',*,*,#1229,.F.);
#1825=ORIENTED_EDGE('',*,*,#1227,.F.);
#1826=ORIENTED_EDGE('',*,*,#1225,.F.);
#1827=ORIENTED_EDGE('',*,*,#1223,.F.);
#1828=ORIENTED_EDGE('',*,*,#1204,.F.);
#1829=ORIENTED_EDGE('',*,*,#1157,.F.);
#1830=ORIENTED_EDGE('',*,*,#1249,.F.);
#1831=ORIENTED_EDGE('',*,*,#1254,.T.);
#1832=ORIENTED_EDGE('',*,*,#1210,.F.);
#1833=ORIENTED_EDGE('',*,*,#1255,.F.);
#1834=ORIENTED_EDGE('',*,*,#1250,.T.);
#1835=ORIENTED_EDGE('',*,*,#1172,.T.);
#1836=ORIENTED_EDGE('',*,*,#1209,.F.);
#1837=ORIENTED_EDGE('',*,*,#1256,.F.);
#1838=ORIENTED_EDGE('',*,*,#1243,.F.);
#1839=ORIENTED_EDGE('',*,*,#1246,.T.);
#1840=ORIENTED_EDGE('',*,*,#1255,.T.);
#1841=ORIENTED_EDGE('',*,*,#1208,.F.);
#1842=ORIENTED_EDGE('',*,*,#1253,.F.);
#1843=ORIENTED_EDGE('',*,*,#1244,.F.);
#1844=ORIENTED_EDGE('',*,*,#1256,.T.);
#1845=ORIENTED_EDGE('',*,*,#1205,.F.);
#1846=ORIENTED_EDGE('',*,*,#1254,.F.);
#1847=ORIENTED_EDGE('',*,*,#1248,.T.);
#1848=ORIENTED_EDGE('',*,*,#1251,.T.);
#1849=PLANE('',#2026);
#1850=PLANE('',#2039);
#1851=PLANE('',#2058);
#1852=PLANE('',#2063);
#1853=PLANE('',#2064);
#1854=PLANE('',#2072);
#1855=PLANE('',#2073);
#1856=PLANE('',#2083);
#1857=PLANE('',#2084);
#1858=PLANE('',#2085);
#1859=PLANE('',#2086);
#1860=PLANE('',#2087);
#1861=PLANE('',#2102);
#1862=PLANE('',#2103);
#1863=PLANE('',#2104);
#1864=PLANE('',#2105);
#1865=PLANE('',#2106);
#1866=PLANE('',#2121);
#1867=PLANE('',#2128);
#1868=PLANE('',#2134);
#1869=PLANE('',#2135);
#1870=PLANE('',#2137);
#1871=PLANE('',#2138);
#1872=PLANE('',#2139);
#1873=PLANE('',#2141);
#1874=PLANE('',#2154);
#1875=PLANE('',#2173);
#1876=PLANE('',#2178);
#1877=PLANE('',#2179);
#1878=PLANE('',#2187);
#1879=PLANE('',#2188);
#1880=PLANE('',#2198);
#1881=PLANE('',#2199);
#1882=PLANE('',#2200);
#1883=PLANE('',#2201);
#1884=PLANE('',#2202);
#1885=PLANE('',#2217);
#1886=PLANE('',#2218);
#1887=PLANE('',#2219);
#1888=PLANE('',#2220);
#1889=PLANE('',#2221);
#1890=PLANE('',#2236);
#1891=PLANE('',#2243);
#1892=PLANE('',#2249);
#1893=PLANE('',#2250);
#1894=PLANE('',#2252);
#1895=PLANE('',#2253);
#1896=PLANE('',#2254);
#1897=ADVANCED_FACE('',(#221),#1849,.T.);
#1898=ADVANCED_FACE('',(#222),#171,.T.);
#1899=ADVANCED_FACE('',(#223),#47,.T.);
#1900=ADVANCED_FACE('',(#224),#172,.T.);
#1901=ADVANCED_FACE('',(#225),#173,.T.);
#1902=ADVANCED_FACE('',(#226),#174,.F.);
#1903=ADVANCED_FACE('',(#227),#1850,.F.);
#1904=ADVANCED_FACE('',(#228),#48,.F.);
#1905=ADVANCED_FACE('',(#229),#29,.T.);
#1906=ADVANCED_FACE('',(#230),#30,.T.);
#1907=ADVANCED_FACE('',(#231),#27,.T.);
#1908=ADVANCED_FACE('',(#232),#175,.F.);
#1909=ADVANCED_FACE('',(#233),#176,.F.);
#1910=ADVANCED_FACE('',(#234),#31,.T.);
#1911=ADVANCED_FACE('',(#235),#1851,.F.);
#1912=ADVANCED_FACE('',(#236),#177,.T.);
#1913=ADVANCED_FACE('',(#237),#178,.T.);
#1914=ADVANCED_FACE('',(#238),#1852,.T.);
#1915=ADVANCED_FACE('',(#239),#1853,.T.);
#1916=ADVANCED_FACE('',(#240),#179,.F.);
#1917=ADVANCED_FACE('',(#241),#180,.F.);
#1918=ADVANCED_FACE('',(#242),#1854,.F.);
#1919=ADVANCED_FACE('',(#243),#1855,.F.);
#1920=ADVANCED_FACE('',(#244,#13),#181,.T.);
#1921=ADVANCED_FACE('',(#245),#182,.F.);
#1922=ADVANCED_FACE('',(#246),#1856,.F.);
#1923=ADVANCED_FACE('',(#247),#1857,.T.);
#1924=ADVANCED_FACE('',(#248),#1858,.T.);
#1925=ADVANCED_FACE('',(#249),#1859,.F.);
#1926=ADVANCED_FACE('',(#250),#1860,.F.);
#1927=ADVANCED_FACE('',(#251),#183,.F.);
#1928=ADVANCED_FACE('',(#252),#1861,.T.);
#1929=ADVANCED_FACE('',(#253),#1862,.T.);
#1930=ADVANCED_FACE('',(#254),#1863,.T.);
#1931=ADVANCED_FACE('',(#255),#1864,.T.);
#1932=ADVANCED_FACE('',(#256),#1865,.T.);
#1933=ADVANCED_FACE('',(#257),#184,.F.);
#1934=ADVANCED_FACE('',(#258),#185,.F.);
#1935=ADVANCED_FACE('',(#259),#186,.F.);
#1936=ADVANCED_FACE('',(#260),#187,.F.);
#1937=ADVANCED_FACE('',(#261),#188,.F.);
#1938=ADVANCED_FACE('',(#262),#189,.T.);
#1939=ADVANCED_FACE('',(#263),#190,.T.);
#1940=ADVANCED_FACE('',(#264),#1866,.T.);
#1941=ADVANCED_FACE('',(#265),#32,.T.);
#1942=ADVANCED_FACE('',(#266),#191,.T.);
#1943=ADVANCED_FACE('',(#267),#1867,.T.);
#1944=ADVANCED_FACE('',(#268),#192,.T.);
#1945=ADVANCED_FACE('',(#269),#193,.T.);
#1946=ADVANCED_FACE('',(#270),#1868,.T.);
#1947=ADVANCED_FACE('',(#271),#1869,.T.);
#1948=ADVANCED_FACE('',(#272),#194,.F.);
#1949=ADVANCED_FACE('',(#273),#1870,.F.);
#1950=ADVANCED_FACE('',(#274),#1871,.F.);
#1951=ADVANCED_FACE('',(#275),#1872,.F.);
#1952=ADVANCED_FACE('',(#276),#195,.T.);
#1953=ADVANCED_FACE('',(#277),#1873,.F.);
#1954=ADVANCED_FACE('',(#278),#196,.T.);
#1955=ADVANCED_FACE('',(#279),#49,.F.);
#1956=ADVANCED_FACE('',(#280),#197,.T.);
#1957=ADVANCED_FACE('',(#281),#198,.T.);
#1958=ADVANCED_FACE('',(#282),#199,.F.);
#1959=ADVANCED_FACE('',(#283),#1874,.T.);
#1960=ADVANCED_FACE('',(#284),#50,.T.);
#1961=ADVANCED_FACE('',(#285),#33,.T.);
#1962=ADVANCED_FACE('',(#286),#34,.T.);
#1963=ADVANCED_FACE('',(#287),#28,.F.);
#1964=ADVANCED_FACE('',(#288),#200,.F.);
#1965=ADVANCED_FACE('',(#289),#201,.F.);
#1966=ADVANCED_FACE('',(#290),#35,.T.);
#1967=ADVANCED_FACE('',(#291),#1875,.T.);
#1968=ADVANCED_FACE('',(#292),#202,.T.);
#1969=ADVANCED_FACE('',(#293),#203,.T.);
#1970=ADVANCED_FACE('',(#294),#1876,.F.);
#1971=ADVANCED_FACE('',(#295),#1877,.F.);
#1972=ADVANCED_FACE('',(#296),#204,.F.);
#1973=ADVANCED_FACE('',(#297),#205,.F.);
#1974=ADVANCED_FACE('',(#298),#1878,.T.);
#1975=ADVANCED_FACE('',(#299),#1879,.T.);
#1976=ADVANCED_FACE('',(#300,#14),#206,.T.);
#1977=ADVANCED_FACE('',(#301),#207,.F.);
#1978=ADVANCED_FACE('',(#302),#1880,.T.);
#1979=ADVANCED_FACE('',(#303),#1881,.F.);
#1980=ADVANCED_FACE('',(#304),#1882,.F.);
#1981=ADVANCED_FACE('',(#305),#1883,.T.);
#1982=ADVANCED_FACE('',(#306),#1884,.T.);
#1983=ADVANCED_FACE('',(#307),#208,.F.);
#1984=ADVANCED_FACE('',(#308),#1885,.F.);
#1985=ADVANCED_FACE('',(#309),#1886,.F.);
#1986=ADVANCED_FACE('',(#310),#1887,.F.);
#1987=ADVANCED_FACE('',(#311),#1888,.F.);
#1988=ADVANCED_FACE('',(#312),#1889,.F.);
#1989=ADVANCED_FACE('',(#313),#209,.F.);
#1990=ADVANCED_FACE('',(#314),#210,.F.);
#1991=ADVANCED_FACE('',(#315),#211,.F.);
#1992=ADVANCED_FACE('',(#316),#212,.F.);
#1993=ADVANCED_FACE('',(#317),#213,.F.);
#1994=ADVANCED_FACE('',(#318),#214,.T.);
#1995=ADVANCED_FACE('',(#319),#215,.T.);
#1996=ADVANCED_FACE('',(#320),#1890,.F.);
#1997=ADVANCED_FACE('',(#321),#36,.T.);
#1998=ADVANCED_FACE('',(#322),#216,.T.);
#1999=ADVANCED_FACE('',(#323),#1891,.F.);
#2000=ADVANCED_FACE('',(#324),#217,.T.);
#2001=ADVANCED_FACE('',(#325),#218,.T.);
#2002=ADVANCED_FACE('',(#326),#1892,.F.);
#2003=ADVANCED_FACE('',(#327),#1893,.F.);
#2004=ADVANCED_FACE('',(#328),#219,.F.);
#2005=ADVANCED_FACE('',(#329),#1894,.T.);
#2006=ADVANCED_FACE('',(#330),#1895,.T.);
#2007=ADVANCED_FACE('',(#331),#1896,.T.);
#2008=ADVANCED_FACE('',(#332),#220,.T.);
#2009=CLOSED_SHELL('',(#1897,#1898,#1899,#1900,#1901,#1902,#1903,#1904,
#1905,#1906,#1907,#1908,#1909,#1910,#1911,#1912,#1913,#1914,#1915));
#2010=CLOSED_SHELL('',(#1916,#1917,#1918,#1919,#1920,#1921,#1922,#1923,
#1924,#1925,#1926,#1927,#1928,#1929,#1930,#1931,#1932,#1933,#1934,#1935,
#1936,#1937,#1938,#1939,#1940,#1941,#1942,#1943,#1944,#1945,#1946,#1947,
#1948,#1949,#1950,#1951,#1952));
#2011=CLOSED_SHELL('',(#1953,#1954,#1955,#1956,#1957,#1958,#1959,#1960,
#1961,#1962,#1963,#1964,#1965,#1966,#1967,#1968,#1969,#1970,#1971));
#2012=CLOSED_SHELL('',(#1972,#1973,#1974,#1975,#1976,#1977,#1978,#1979,
#1980,#1981,#1982,#1983,#1984,#1985,#1986,#1987,#1988,#1989,#1990,#1991,
#1992,#1993,#1994,#1995,#1996,#1997,#1998,#1999,#2000,#2001,#2002,#2003,
#2004,#2005,#2006,#2007,#2008));
#2013=DERIVED_UNIT_ELEMENT(#2015,1.);
#2014=DERIVED_UNIT_ELEMENT(#3668,-3.);
#2015=(
MASS_UNIT()
NAMED_UNIT(*)
SI_UNIT(.KILO.,.GRAM.)
);
#2016=DERIVED_UNIT((#2013,#2014));
#2017=MEASURE_REPRESENTATION_ITEM('density measure',
POSITIVE_RATIO_MEASURE(7850.),#2016);
#2018=PROPERTY_DEFINITION_REPRESENTATION(#2023,#2020);
#2019=PROPERTY_DEFINITION_REPRESENTATION(#2024,#2021);
#2020=REPRESENTATION('material name',(#2022),#3663);
#2021=REPRESENTATION('density',(#2017),#3663);
#2022=DESCRIPTIVE_REPRESENTATION_ITEM('Steel','Steel');
#2023=PROPERTY_DEFINITION('material property','material name',#3676);
#2024=PROPERTY_DEFINITION('material property','density of part',#3676);
#2025=AXIS2_PLACEMENT_3D('',#2880,#2256,#2257);
#2026=AXIS2_PLACEMENT_3D('',#2881,#2258,#2259);
#2027=AXIS2_PLACEMENT_3D('',#2890,#2264,#2265);
#2028=AXIS2_PLACEMENT_3D('',#2892,#2266,#2267);
#2029=AXIS2_PLACEMENT_3D('',#2894,#2268,#2269);
#2030=AXIS2_PLACEMENT_3D('',#2935,#2272,#2273);
#2031=AXIS2_PLACEMENT_3D('',#2937,#2274,#2275);
#2032=AXIS2_PLACEMENT_3D('',#2939,#2276,#2277);
#2033=AXIS2_PLACEMENT_3D('',#2941,#2279,#2280);
#2034=AXIS2_PLACEMENT_3D('',#2943,#2281,#2282);
#2035=AXIS2_PLACEMENT_3D('',#2945,#2283,#2284);
#2036=AXIS2_PLACEMENT_3D('',#2947,#2286,#2287);
#2037=AXIS2_PLACEMENT_3D('',#2949,#2288,#2289);
#2038=AXIS2_PLACEMENT_3D('',#2951,#2290,#2291);
#2039=AXIS2_PLACEMENT_3D('',#2953,#2293,#2294);
#2040=AXIS2_PLACEMENT_3D('',#2956,#2295,#2296);
#2041=AXIS2_PLACEMENT_3D('',#2958,#2297,#2298);
#2042=AXIS2_PLACEMENT_3D('',#2959,#2299,#2300);
#2043=AXIS2_PLACEMENT_3D('',#2994,#2303,#2304);
#2044=AXIS2_PLACEMENT_3D('',#2995,#2305,#2306);
#2045=AXIS2_PLACEMENT_3D('',#2997,#2307,#2308);
#2046=AXIS2_PLACEMENT_3D('',#2998,#2309,#2310);
#2047=AXIS2_PLACEMENT_3D('',#2999,#2311,#2312);
#2048=AXIS2_PLACEMENT_3D('',#3001,#2313,#2314);
#2049=AXIS2_PLACEMENT_3D('',#3002,#2315,#2316);
#2050=AXIS2_PLACEMENT_3D('',#3025,#2317,#2318);
#2051=AXIS2_PLACEMENT_3D('',#3026,#2319,#2320);
#2052=AXIS2_PLACEMENT_3D('',#3029,#2322,#2323);
#2053=AXIS2_PLACEMENT_3D('',#3030,#2324,#2325);
#2054=AXIS2_PLACEMENT_3D('',#3033,#2327,#2328);
#2055=AXIS2_PLACEMENT_3D('',#3034,#2329,#2330);
#2056=AXIS2_PLACEMENT_3D('',#3036,#2331,#2332);
#2057=AXIS2_PLACEMENT_3D('',#3037,#2333,#2334);
#2058=AXIS2_PLACEMENT_3D('',#3038,#2335,#2336);
#2059=AXIS2_PLACEMENT_3D('',#3040,#2337,#2338);
#2060=AXIS2_PLACEMENT_3D('',#3046,#2342,#2343);
#2061=AXIS2_PLACEMENT_3D('',#3047,#2344,#2345);
#2062=AXIS2_PLACEMENT_3D('',#3048,#2346,#2347);
#2063=AXIS2_PLACEMENT_3D('',#3050,#2349,#2350);
#2064=AXIS2_PLACEMENT_3D('',#3052,#2352,#2353);
#2065=AXIS2_PLACEMENT_3D('',#3053,#2354,#2355);
#2066=AXIS2_PLACEMENT_3D('',#3056,#2356,#2357);
#2067=AXIS2_PLACEMENT_3D('',#3060,#2359,#2360);
#2068=AXIS2_PLACEMENT_3D('',#3064,#2362,#2363);
#2069=AXIS2_PLACEMENT_3D('',#3066,#2365,#2366);
#2070=AXIS2_PLACEMENT_3D('',#3071,#2368,#2369);
#2071=AXIS2_PLACEMENT_3D('',#3074,#2371,#2372);
#2072=AXIS2_PLACEMENT_3D('',#3075,#2373,#2374);
#2073=AXIS2_PLACEMENT_3D('',#3081,#2378,#2379);
#2074=AXIS2_PLACEMENT_3D('',#3087,#2383,#2384);
#2075=AXIS2_PLACEMENT_3D('',#3088,#2385,#2386);
#2076=AXIS2_PLACEMENT_3D('',#3090,#2387,#2388);
#2077=AXIS2_PLACEMENT_3D('',#3093,#2390,#2391);
#2078=AXIS2_PLACEMENT_3D('',#3098,#2393,#2394);
#2079=AXIS2_PLACEMENT_3D('',#3101,#2396,#2397);
#2080=AXIS2_PLACEMENT_3D('',#3102,#2398,#2399);
#2081=AXIS2_PLACEMENT_3D('',#3104,#2400,#2401);
#2082=AXIS2_PLACEMENT_3D('',#3107,#2403,#2404);
#2083=AXIS2_PLACEMENT_3D('',#3108,#2405,#2406);
#2084=AXIS2_PLACEMENT_3D('',#3111,#2409,#2410);
#2085=AXIS2_PLACEMENT_3D('',#3117,#2414,#2415);
#2086=AXIS2_PLACEMENT_3D('',#3121,#2418,#2419);
#2087=AXIS2_PLACEMENT_3D('',#3125,#2422,#2423);
#2088=AXIS2_PLACEMENT_3D('',#3133,#2427,#2428);
#2089=AXIS2_PLACEMENT_3D('',#3135,#2429,#2430);
#2090=AXIS2_PLACEMENT_3D('',#3137,#2431,#2432);
#2091=AXIS2_PLACEMENT_3D('',#3138,#2433,#2434);
#2092=AXIS2_PLACEMENT_3D('',#3140,#2435,#2436);
#2093=AXIS2_PLACEMENT_3D('',#3142,#2437,#2438);
#2094=AXIS2_PLACEMENT_3D('',#3144,#2439,#2440);
#2095=AXIS2_PLACEMENT_3D('',#3146,#2441,#2442);
#2096=AXIS2_PLACEMENT_3D('',#3148,#2443,#2444);
#2097=AXIS2_PLACEMENT_3D('',#3150,#2445,#2446);
#2098=AXIS2_PLACEMENT_3D('',#3152,#2447,#2448);
#2099=AXIS2_PLACEMENT_3D('',#3165,#2455,#2456);
#2100=AXIS2_PLACEMENT_3D('',#3166,#2457,#2458);
#2101=AXIS2_PLACEMENT_3D('',#3169,#2460,#2461);
#2102=AXIS2_PLACEMENT_3D('',#3170,#2462,#2463);
#2103=AXIS2_PLACEMENT_3D('',#3176,#2467,#2468);
#2104=AXIS2_PLACEMENT_3D('',#3180,#2471,#2472);
#2105=AXIS2_PLACEMENT_3D('',#3184,#2475,#2476);
#2106=AXIS2_PLACEMENT_3D('',#3189,#2480,#2481);
#2107=AXIS2_PLACEMENT_3D('',#3193,#2484,#2485);
#2108=AXIS2_PLACEMENT_3D('',#3196,#2487,#2488);
#2109=AXIS2_PLACEMENT_3D('',#3197,#2489,#2490);
#2110=AXIS2_PLACEMENT_3D('',#3200,#2492,#2493);
#2111=AXIS2_PLACEMENT_3D('',#3201,#2494,#2495);
#2112=AXIS2_PLACEMENT_3D('',#3204,#2497,#2498);
#2113=AXIS2_PLACEMENT_3D('',#3205,#2499,#2500);
#2114=AXIS2_PLACEMENT_3D('',#3208,#2502,#2503);
#2115=AXIS2_PLACEMENT_3D('',#3209,#2504,#2505);
#2116=AXIS2_PLACEMENT_3D('',#3212,#2507,#2508);
#2117=AXIS2_PLACEMENT_3D('',#3213,#2509,#2510);
#2118=AXIS2_PLACEMENT_3D('',#3216,#2512,#2513);
#2119=AXIS2_PLACEMENT_3D('',#3217,#2514,#2515);
#2120=AXIS2_PLACEMENT_3D('',#3218,#2516,#2517);
#2121=AXIS2_PLACEMENT_3D('',#3219,#2518,#2519);
#2122=AXIS2_PLACEMENT_3D('',#3221,#2521,#2522);
#2123=AXIS2_PLACEMENT_3D('',#3237,#2523,#2524);
#2124=AXIS2_PLACEMENT_3D('',#3239,#2525,#2526);
#2125=AXIS2_PLACEMENT_3D('',#3240,#2527,#2528);
#2126=AXIS2_PLACEMENT_3D('',#3241,#2529,#2530);
#2127=AXIS2_PLACEMENT_3D('',#3244,#2531,#2532);
#2128=AXIS2_PLACEMENT_3D('',#3247,#2535,#2536);
#2129=AXIS2_PLACEMENT_3D('',#3252,#2539,#2540);
#2130=AXIS2_PLACEMENT_3D('',#3254,#2541,#2542);
#2131=AXIS2_PLACEMENT_3D('',#3255,#2543,#2544);
#2132=AXIS2_PLACEMENT_3D('',#3256,#2545,#2546);
#2133=AXIS2_PLACEMENT_3D('',#3259,#2549,#2550);
#2134=AXIS2_PLACEMENT_3D('',#3261,#2552,#2553);
#2135=AXIS2_PLACEMENT_3D('',#3262,#2554,#2555);
#2136=AXIS2_PLACEMENT_3D('',#3263,#2556,#2557);
#2137=AXIS2_PLACEMENT_3D('',#3265,#2559,#2560);
#2138=AXIS2_PLACEMENT_3D('',#3267,#2562,#2563);
#2139=AXIS2_PLACEMENT_3D('',#3269,#2565,#2566);
#2140=AXIS2_PLACEMENT_3D('',#3270,#2567,#2568);
#2141=AXIS2_PLACEMENT_3D('',#3271,#2569,#2570);
#2142=AXIS2_PLACEMENT_3D('',#3280,#2575,#2576);
#2143=AXIS2_PLACEMENT_3D('',#3282,#2577,#2578);
#2144=AXIS2_PLACEMENT_3D('',#3285,#2580,#2581);
#2145=AXIS2_PLACEMENT_3D('',#3325,#2583,#2584);
#2146=AXIS2_PLACEMENT_3D('',#3327,#2585,#2586);
#2147=AXIS2_PLACEMENT_3D('',#3330,#2588,#2589);
#2148=AXIS2_PLACEMENT_3D('',#3331,#2590,#2591);
#2149=AXIS2_PLACEMENT_3D('',#3333,#2592,#2593);
#2150=AXIS2_PLACEMENT_3D('',#3336,#2595,#2596);
#2151=AXIS2_PLACEMENT_3D('',#3337,#2597,#2598);
#2152=AXIS2_PLACEMENT_3D('',#3339,#2599,#2600);
#2153=AXIS2_PLACEMENT_3D('',#3342,#2602,#2603);
#2154=AXIS2_PLACEMENT_3D('',#3343,#2604,#2605);
#2155=AXIS2_PLACEMENT_3D('',#3346,#2606,#2607);
#2156=AXIS2_PLACEMENT_3D('',#3351,#2610,#2611);
#2157=AXIS2_PLACEMENT_3D('',#3352,#2612,#2613);
#2158=AXIS2_PLACEMENT_3D('',#3378,#2614,#2615);
#2159=AXIS2_PLACEMENT_3D('',#3385,#2616,#2617);
#2160=AXIS2_PLACEMENT_3D('',#3387,#2618,#2619);
#2161=AXIS2_PLACEMENT_3D('',#3388,#2620,#2621);
#2162=AXIS2_PLACEMENT_3D('',#3389,#2622,#2623);
#2163=AXIS2_PLACEMENT_3D('',#3391,#2624,#2625);
#2164=AXIS2_PLACEMENT_3D('',#3392,#2626,#2627);
#2165=AXIS2_PLACEMENT_3D('',#3409,#2628,#2629);
#2166=AXIS2_PLACEMENT_3D('',#3416,#2630,#2631);
#2167=AXIS2_PLACEMENT_3D('',#3419,#2633,#2634);
#2168=AXIS2_PLACEMENT_3D('',#3420,#2635,#2636);
#2169=AXIS2_PLACEMENT_3D('',#3423,#2638,#2639);
#2170=AXIS2_PLACEMENT_3D('',#3424,#2640,#2641);
#2171=AXIS2_PLACEMENT_3D('',#3426,#2642,#2643);
#2172=AXIS2_PLACEMENT_3D('',#3427,#2644,#2645);
#2173=AXIS2_PLACEMENT_3D('',#3428,#2646,#2647);
#2174=AXIS2_PLACEMENT_3D('',#3435,#2651,#2652);
#2175=AXIS2_PLACEMENT_3D('',#3436,#2653,#2654);
#2176=AXIS2_PLACEMENT_3D('',#3437,#2655,#2656);
#2177=AXIS2_PLACEMENT_3D('',#3438,#2657,#2658);
#2178=AXIS2_PLACEMENT_3D('',#3440,#2660,#2661);
#2179=AXIS2_PLACEMENT_3D('',#3442,#2663,#2664);
#2180=AXIS2_PLACEMENT_3D('',#3443,#2665,#2666);
#2181=AXIS2_PLACEMENT_3D('',#3446,#2667,#2668);
#2182=AXIS2_PLACEMENT_3D('',#3450,#2670,#2671);
#2183=AXIS2_PLACEMENT_3D('',#3454,#2673,#2674);
#2184=AXIS2_PLACEMENT_3D('',#3456,#2676,#2677);
#2185=AXIS2_PLACEMENT_3D('',#3461,#2679,#2680);
#2186=AXIS2_PLACEMENT_3D('',#3464,#2682,#2683);
#2187=AXIS2_PLACEMENT_3D('',#3465,#2684,#2685);
#2188=AXIS2_PLACEMENT_3D('',#3471,#2689,#2690);
#2189=AXIS2_PLACEMENT_3D('',#3477,#2694,#2695);
#2190=AXIS2_PLACEMENT_3D('',#3478,#2696,#2697);
#2191=AXIS2_PLACEMENT_3D('',#3480,#2698,#2699);
#2192=AXIS2_PLACEMENT_3D('',#3483,#2701,#2702);
#2193=AXIS2_PLACEMENT_3D('',#3488,#2704,#2705);
#2194=AXIS2_PLACEMENT_3D('',#3491,#2707,#2708);
#2195=AXIS2_PLACEMENT_3D('',#3492,#2709,#2710);
#2196=AXIS2_PLACEMENT_3D('',#3494,#2711,#2712);
#2197=AXIS2_PLACEMENT_3D('',#3496,#2713,#2714);
#2198=AXIS2_PLACEMENT_3D('',#3498,#2716,#2717);
#2199=AXIS2_PLACEMENT_3D('',#3501,#2720,#2721);
#2200=AXIS2_PLACEMENT_3D('',#3507,#2725,#2726);
#2201=AXIS2_PLACEMENT_3D('',#3511,#2729,#2730);
#2202=AXIS2_PLACEMENT_3D('',#3515,#2733,#2734);
#2203=AXIS2_PLACEMENT_3D('',#3517,#2735,#2736);
#2204=AXIS2_PLACEMENT_3D('',#3531,#2743,#2744);
#2205=AXIS2_PLACEMENT_3D('',#3533,#2745,#2746);
#2206=AXIS2_PLACEMENT_3D('',#3535,#2747,#2748);
#2207=AXIS2_PLACEMENT_3D('',#3537,#2749,#2750);
#2208=AXIS2_PLACEMENT_3D('',#3539,#2751,#2752);
#2209=AXIS2_PLACEMENT_3D('',#3541,#2753,#2754);
#2210=AXIS2_PLACEMENT_3D('',#3542,#2755,#2756);
#2211=AXIS2_PLACEMENT_3D('',#3544,#2757,#2758);
#2212=AXIS2_PLACEMENT_3D('',#3546,#2759,#2760);
#2213=AXIS2_PLACEMENT_3D('',#3548,#2761,#2762);
#2214=AXIS2_PLACEMENT_3D('',#3550,#2763,#2764);
#2215=AXIS2_PLACEMENT_3D('',#3556,#2768,#2769);
#2216=AXIS2_PLACEMENT_3D('',#3558,#2770,#2771);
#2217=AXIS2_PLACEMENT_3D('',#3560,#2773,#2774);
#2218=AXIS2_PLACEMENT_3D('',#3566,#2778,#2779);
#2219=AXIS2_PLACEMENT_3D('',#3570,#2782,#2783);
#2220=AXIS2_PLACEMENT_3D('',#3574,#2786,#2787);
#2221=AXIS2_PLACEMENT_3D('',#3579,#2791,#2792);
#2222=AXIS2_PLACEMENT_3D('',#3583,#2795,#2796);
#2223=AXIS2_PLACEMENT_3D('',#3585,#2797,#2798);
#2224=AXIS2_PLACEMENT_3D('',#3587,#2800,#2801);
#2225=AXIS2_PLACEMENT_3D('',#3589,#2802,#2803);
#2226=AXIS2_PLACEMENT_3D('',#3591,#2805,#2806);
#2227=AXIS2_PLACEMENT_3D('',#3593,#2807,#2808);
#2228=AXIS2_PLACEMENT_3D('',#3595,#2810,#2811);
#2229=AXIS2_PLACEMENT_3D('',#3597,#2812,#2813);
#2230=AXIS2_PLACEMENT_3D('',#3599,#2815,#2816);
#2231=AXIS2_PLACEMENT_3D('',#3601,#2817,#2818);
#2232=AXIS2_PLACEMENT_3D('',#3603,#2820,#2821);
#2233=AXIS2_PLACEMENT_3D('',#3605,#2822,#2823);
#2234=AXIS2_PLACEMENT_3D('',#3607,#2825,#2826);
#2235=AXIS2_PLACEMENT_3D('',#3608,#2827,#2828);
#2236=AXIS2_PLACEMENT_3D('',#3609,#2829,#2830);
#2237=AXIS2_PLACEMENT_3D('',#3611,#2832,#2833);
#2238=AXIS2_PLACEMENT_3D('',#3627,#2834,#2835);
#2239=AXIS2_PLACEMENT_3D('',#3629,#2836,#2837);
#2240=AXIS2_PLACEMENT_3D('',#3630,#2838,#2839);
#2241=AXIS2_PLACEMENT_3D('',#3631,#2840,#2841);
#2242=AXIS2_PLACEMENT_3D('',#3634,#2842,#2843);
#2243=AXIS2_PLACEMENT_3D('',#3637,#2846,#2847);
#2244=AXIS2_PLACEMENT_3D('',#3641,#2849,#2850);
#2245=AXIS2_PLACEMENT_3D('',#3643,#2851,#2852);
#2246=AXIS2_PLACEMENT_3D('',#3644,#2853,#2854);
#2247=AXIS2_PLACEMENT_3D('',#3646,#2856,#2857);
#2248=AXIS2_PLACEMENT_3D('',#3649,#2860,#2861);
#2249=AXIS2_PLACEMENT_3D('',#3651,#2863,#2864);
#2250=AXIS2_PLACEMENT_3D('',#3652,#2865,#2866);
#2251=AXIS2_PLACEMENT_3D('',#3653,#2867,#2868);
#2252=AXIS2_PLACEMENT_3D('',#3655,#2870,#2871);
#2253=AXIS2_PLACEMENT_3D('',#3657,#2873,#2874);
#2254=AXIS2_PLACEMENT_3D('',#3659,#2876,#2877);
#2255=AXIS2_PLACEMENT_3D('',#3660,#2878,#2879);
#2256=DIRECTION('axis',(0.,0.,1.));
#2257=DIRECTION('refdir',(1.,0.,0.));
#2258=DIRECTION('center_axis',(0.0199938447782696,0.,0.999800103106107));
#2259=DIRECTION('ref_axis',(0.999800103106107,0.,-0.0199938447782696));
#2260=DIRECTION('',(-0.999800103106107,0.,0.0199938447782696));
#2261=DIRECTION('',(0.,1.,0.));
#2262=DIRECTION('',(0.999800103106107,0.,-0.0199938447782696));
#2263=DIRECTION('',(0.,1.,0.));
#2264=DIRECTION('center_axis',(0.,1.,0.));
#2265=DIRECTION('ref_axis',(0.,0.,1.));
#2266=DIRECTION('center_axis',(0.,-1.,0.));
#2267=DIRECTION('ref_axis',(0.,0.,1.));
#2268=DIRECTION('center_axis',(0.,1.,0.));
#2269=DIRECTION('ref_axis',(0.,0.,1.));
#2270=DIRECTION('',(0.,1.,0.));
#2271=DIRECTION('',(0.,1.,0.));
#2272=DIRECTION('center_axis',(0.,1.,0.));
#2273=DIRECTION('ref_axis',(0.,0.,1.));
#2274=DIRECTION('center_axis',(0.,-1.,0.));
#2275=DIRECTION('ref_axis',(0.,0.,1.));
#2276=DIRECTION('center_axis',(0.,1.,0.));
#2277=DIRECTION('ref_axis',(0.,0.,1.));
#2278=DIRECTION('',(0.,1.,0.));
#2279=DIRECTION('center_axis',(0.,1.,0.));
#2280=DIRECTION('ref_axis',(0.912186736706869,0.,-0.409774764201107));
#2281=DIRECTION('center_axis',(0.,-1.,0.));
#2282=DIRECTION('ref_axis',(0.,0.,1.));
#2283=DIRECTION('center_axis',(0.,1.,0.));
#2284=DIRECTION('ref_axis',(0.,0.,1.));
#2285=DIRECTION('',(0.,1.,0.));
#2286=DIRECTION('center_axis',(0.,1.,0.));
#2287=DIRECTION('ref_axis',(0.,0.,1.));
#2288=DIRECTION('center_axis',(0.,1.,0.));
#2289=DIRECTION('ref_axis',(0.,0.,1.));
#2290=DIRECTION('center_axis',(0.,-1.,0.));
#2291=DIRECTION('ref_axis',(0.,0.,1.));
#2292=DIRECTION('',(0.,1.,0.));
#2293=DIRECTION('center_axis',(0.,-1.,0.));
#2294=DIRECTION('ref_axis',(-1.,0.,0.));
#2295=DIRECTION('center_axis',(0.,1.,0.));
#2296=DIRECTION('ref_axis',(0.0887813017461324,0.,-0.996051143496288));
#2297=DIRECTION('center_axis',(0.,-1.,0.));
#2298=DIRECTION('ref_axis',(-0.573593960180403,0.,0.819139773692233));
#2299=DIRECTION('center_axis',(0.,-1.,0.));
#2300=DIRECTION('ref_axis',(-0.518882516232725,0.,-0.854845561694039));
#2301=DIRECTION('',(1.,0.,8.74000315265672E-16));
#2302=DIRECTION('',(1.34490978149625E-15,0.,-1.));
#2303=DIRECTION('center_axis',(-0.32431265323148,4.18002573433477E-14,-0.94594994738303));
#2304=DIRECTION('ref_axis',(-8.96606520997502E-14,-1.,-1.34490978149625E-14));
#2305=DIRECTION('center_axis',(0.,1.,0.));
#2306=DIRECTION('ref_axis',(0.,0.,1.));
#2307=DIRECTION('center_axis',(0.932809694235702,0.,-0.360369358214453));
#2308=DIRECTION('ref_axis',(0.,-1.,0.));
#2309=DIRECTION('center_axis',(0.,1.,0.));
#2310=DIRECTION('ref_axis',(-0.754926604536801,0.,-0.655809287645834));
#2311=DIRECTION('center_axis',(0.,1.,0.));
#2312=DIRECTION('ref_axis',(0.912186736706869,0.,-0.409774764201108));
#2313=DIRECTION('center_axis',(0.888949269080826,0.,-0.458005673546371));
#2314=DIRECTION('ref_axis',(0.458005673546371,0.,0.888949269080826));
#2315=DIRECTION('center_axis',(0.,1.,0.));
#2316=DIRECTION('ref_axis',(0.912186736706868,0.,-0.409774764201109));
#2317=DIRECTION('center_axis',(0.,-1.,0.));
#2318=DIRECTION('ref_axis',(0.458005673546368,0.,0.888949269080828));
#2319=DIRECTION('center_axis',(0.,1.,0.));
#2320=DIRECTION('ref_axis',(-0.518882516232725,0.,-0.854845561694039));
#2321=DIRECTION('',(0.,1.,0.));
#2322=DIRECTION('center_axis',(0.,1.,0.));
#2323=DIRECTION('ref_axis',(-0.518882516232725,0.,-0.854845561694039));
#2324=DIRECTION('center_axis',(0.,1.,0.));
#2325=DIRECTION('ref_axis',(-0.573593960180403,0.,0.819139773692233));
#2326=DIRECTION('',(0.,1.,0.));
#2327=DIRECTION('center_axis',(0.,1.,0.));
#2328=DIRECTION('ref_axis',(-0.573593960180403,0.,0.819139773692233));
#2329=DIRECTION('center_axis',(0.,1.,0.));
#2330=DIRECTION('ref_axis',(0.,0.,1.));
#2331=DIRECTION('center_axis',(0.,1.,0.));
#2332=DIRECTION('ref_axis',(-0.577563283883034,0.,0.816345915105996));
#2333=DIRECTION('center_axis',(-0.999800103106107,0.,0.0199938447782692));
#2334=DIRECTION('ref_axis',(0.,-1.,0.));
#2335=DIRECTION('center_axis',(0.,1.,0.));
#2336=DIRECTION('ref_axis',(1.,0.,0.));
#2337=DIRECTION('center_axis',(0.,1.,0.));
#2338=DIRECTION('ref_axis',(0.0887813017461324,0.,-0.996051143496288));
#2339=DIRECTION('',(1.34490978149625E-15,0.,-1.));
#2340=DIRECTION('',(1.,0.,8.74000315265672E-16));
#2341=DIRECTION('',(0.999800103106107,0.,-0.0199938447782696));
#2342=DIRECTION('center_axis',(0.999800103106107,0.,-0.0199938447782696));
#2343=DIRECTION('ref_axis',(0.0141377832247053,-0.707106781186553,0.706965432737332));
#2344=DIRECTION('center_axis',(8.74000315265672E-16,0.,-1.));
#2345=DIRECTION('ref_axis',(1.,-1.40051653187571E-18,8.73457597904507E-16));
#2346=DIRECTION('center_axis',(0.,1.,0.));
#2347=DIRECTION('ref_axis',(0.0887813017461324,0.,-0.996051143496288));
#2348=DIRECTION('',(0.,1.,0.));
#2349=DIRECTION('center_axis',(1.,0.,1.34490978149625E-15));
#2350=DIRECTION('ref_axis',(1.34490978149625E-15,0.,-1.));
#2351=DIRECTION('',(0.,1.,0.));
#2352=DIRECTION('center_axis',(-8.74000315265672E-16,0.,1.));
#2353=DIRECTION('ref_axis',(1.,0.,8.74000315265672E-16));
#2354=DIRECTION('center_axis',(0.,-1.,0.));
#2355=DIRECTION('ref_axis',(-0.573593960180403,0.,-0.819139773692233));
#2356=DIRECTION('center_axis',(0.,1.,0.));
#2357=DIRECTION('ref_axis',(-0.573593960180403,0.,-0.819139773692233));
#2358=DIRECTION('',(0.,1.,0.));
#2359=DIRECTION('center_axis',(0.,1.,0.));
#2360=DIRECTION('ref_axis',(-0.573593960180403,0.,-0.819139773692233));
#2361=DIRECTION('',(0.,1.,0.));
#2362=DIRECTION('center_axis',(0.,-1.,0.));
#2363=DIRECTION('ref_axis',(-0.573593960180403,0.,-0.819139773692233));
#2364=DIRECTION('',(0.,1.,0.));
#2365=DIRECTION('center_axis',(0.,1.,0.));
#2366=DIRECTION('ref_axis',(0.0870719384135678,0.,0.996202026468981));
#2367=DIRECTION('',(0.,1.,0.));
#2368=DIRECTION('center_axis',(0.,1.,0.));
#2369=DIRECTION('ref_axis',(0.0870719384135678,0.,0.996202026468981));
#2370=DIRECTION('',(0.,-1.,0.));
#2371=DIRECTION('center_axis',(0.,1.,0.));
#2372=DIRECTION('ref_axis',(0.0870719384135678,0.,0.996202026468981));
#2373=DIRECTION('center_axis',(1.,0.,0.));
#2374=DIRECTION('ref_axis',(0.,0.,1.));
#2375=DIRECTION('',(0.,0.,1.));
#2376=DIRECTION('',(0.,-1.,0.));
#2377=DIRECTION('',(0.,0.,1.));
#2378=DIRECTION('center_axis',(-1.,0.,0.));
#2379=DIRECTION('ref_axis',(0.,0.,-1.));
#2380=DIRECTION('',(0.,-1.,0.));
#2381=DIRECTION('',(0.,0.,-1.));
#2382=DIRECTION('',(0.,0.,-1.));
#2383=DIRECTION('center_axis',(0.,-1.,0.));
#2384=DIRECTION('ref_axis',(0.0887813017461324,0.,0.996051143496288));
#2385=DIRECTION('center_axis',(0.,-1.,0.));
#2386=DIRECTION('ref_axis',(0.0887813017461324,0.,0.996051143496288));
#2387=DIRECTION('center_axis',(0.,-1.,0.));
#2388=DIRECTION('ref_axis',(0.0887813017461324,0.,0.996051143496288));
#2389=DIRECTION('',(0.,1.,0.));
#2390=DIRECTION('center_axis',(0.,-1.,0.));
#2391=DIRECTION('ref_axis',(0.0887813017461324,0.,0.996051143496288));
#2392=DIRECTION('',(0.,1.,0.));
#2393=DIRECTION('center_axis',(0.,1.,0.));
#2394=DIRECTION('ref_axis',(0.0887813017461324,0.,0.996051143496288));
#2395=DIRECTION('',(0.,-1.,0.));
#2396=DIRECTION('center_axis',(0.,-1.,0.));
#2397=DIRECTION('ref_axis',(-0.0129435945539934,0.,0.999916228171151));
#2398=DIRECTION('center_axis',(0.,-1.,0.));
#2399=DIRECTION('ref_axis',(-0.0136517079840879,0.,0.999906811092472));
#2400=DIRECTION('center_axis',(0.,1.,0.));
#2401=DIRECTION('ref_axis',(-0.0136517079840879,0.,0.999906811092472));
#2402=DIRECTION('',(0.,1.,0.));
#2403=DIRECTION('center_axis',(0.,1.,0.));
#2404=DIRECTION('ref_axis',(-0.0136517079840879,0.,0.999906811092472));
#2405=DIRECTION('center_axis',(0.,1.,0.));
#2406=DIRECTION('ref_axis',(-1.,0.,0.));
#2407=DIRECTION('',(0.,0.,1.));
#2408=DIRECTION('',(0.,0.,-1.));
#2409=DIRECTION('center_axis',(0.,1.,0.));
#2410=DIRECTION('ref_axis',(-1.,0.,0.));
#2411=DIRECTION('',(0.,0.,1.));
#2412=DIRECTION('',(1.,0.,0.));
#2413=DIRECTION('',(0.,0.,-1.));
#2414=DIRECTION('center_axis',(1.,0.,0.));
#2415=DIRECTION('ref_axis',(0.,1.,0.));
#2416=DIRECTION('',(0.,1.,0.));
#2417=DIRECTION('',(0.,0.,-1.));
#2418=DIRECTION('center_axis',(0.,0.,-1.));
#2419=DIRECTION('ref_axis',(-1.,0.,0.));
#2420=DIRECTION('',(0.,-1.,0.));
#2421=DIRECTION('',(1.,0.,0.));
#2422=DIRECTION('center_axis',(0.,-1.,0.));
#2423=DIRECTION('ref_axis',(1.,0.,0.));
#2424=DIRECTION('',(1.34490978149625E-15,0.,1.));
#2425=DIRECTION('',(1.,0.,-8.74000315265672E-16));
#2426=DIRECTION('',(0.999800103106107,0.,0.0199938447782696));
#2427=DIRECTION('center_axis',(0.,-1.,0.));
#2428=DIRECTION('ref_axis',(-0.949449133094894,0.,-0.313920919445256));
#2429=DIRECTION('center_axis',(0.,-1.,0.));
#2430=DIRECTION('ref_axis',(-0.360369358214451,0.,0.932809694235702));
#2431=DIRECTION('center_axis',(0.,-1.,0.));
#2432=DIRECTION('ref_axis',(0.458005673546373,0.,-0.888949269080825));
#2433=DIRECTION('center_axis',(0.,1.,0.));
#2434=DIRECTION('ref_axis',(-0.518882516232725,0.,0.854845561694039));
#2435=DIRECTION('center_axis',(0.,-1.,0.));
#2436=DIRECTION('ref_axis',(-0.62849604462392,0.,-0.777812780746169));
#2437=DIRECTION('center_axis',(0.,-1.,0.));
#2438=DIRECTION('ref_axis',(-0.472281123007355,0.,0.881447979662391));
#2439=DIRECTION('center_axis',(0.,1.,0.));
#2440=DIRECTION('ref_axis',(0.669770919295773,0.,-0.7425677852329));
#2441=DIRECTION('center_axis',(0.,1.,0.));
#2442=DIRECTION('ref_axis',(-0.439511352040417,0.,0.898237035212646));
#2443=DIRECTION('center_axis',(0.,1.,0.));
#2444=DIRECTION('ref_axis',(-0.948367823287425,0.,-0.317172621380017));
#2445=DIRECTION('center_axis',(0.,1.,0.));
#2446=DIRECTION('ref_axis',(-0.771239246317531,0.,-0.636545383252103));
#2447=DIRECTION('center_axis',(0.,1.,0.));
#2448=DIRECTION('ref_axis',(-0.176696473233501,0.,-0.984265389184666));
#2449=DIRECTION('',(-0.999794339960172,0.,-0.020279984802861));
#2450=DIRECTION('',(0.,0.,-1.));
#2451=DIRECTION('',(-1.,0.,0.));
#2452=DIRECTION('',(0.,0.,-1.));
#2453=DIRECTION('',(1.,0.,0.));
#2454=DIRECTION('',(0.,0.,-1.));
#2455=DIRECTION('center_axis',(0.,1.,0.));
#2456=DIRECTION('ref_axis',(0.0870719384135678,0.,0.996202026468981));
#2457=DIRECTION('center_axis',(0.,1.,0.));
#2458=DIRECTION('ref_axis',(0.0870719384135678,0.,0.996202026468981));
#2459=DIRECTION('',(0.,-1.,0.));
#2460=DIRECTION('center_axis',(0.,1.,0.));
#2461=DIRECTION('ref_axis',(0.0870719384135678,0.,0.996202026468981));
#2462=DIRECTION('center_axis',(0.,0.,-1.));
#2463=DIRECTION('ref_axis',(0.,-1.,0.));
#2464=DIRECTION('',(0.,-1.,0.));
#2465=DIRECTION('',(-1.,0.,0.));
#2466=DIRECTION('',(0.,1.,0.));
#2467=DIRECTION('center_axis',(-1.,0.,0.));
#2468=DIRECTION('ref_axis',(0.,0.,1.));
#2469=DIRECTION('',(0.,1.,0.));
#2470=DIRECTION('',(0.,0.,-1.));
#2471=DIRECTION('center_axis',(0.,0.,1.));
#2472=DIRECTION('ref_axis',(0.,1.,0.));
#2473=DIRECTION('',(0.,-1.,0.));
#2474=DIRECTION('',(-1.,0.,0.));
#2475=DIRECTION('center_axis',(-1.,0.,0.));
#2476=DIRECTION('ref_axis',(0.,0.,-1.));
#2477=DIRECTION('',(0.,0.,1.));
#2478=DIRECTION('',(0.,-1.,0.));
#2479=DIRECTION('',(0.,0.,-1.));
#2480=DIRECTION('center_axis',(-0.020279984802861,0.,0.999794339960172));
#2481=DIRECTION('ref_axis',(-0.999794339960172,0.,-0.020279984802861));
#2482=DIRECTION('',(0.,-1.,0.));
#2483=DIRECTION('',(-0.999794339960172,0.,-0.020279984802861));
#2484=DIRECTION('center_axis',(0.,1.,0.));
#2485=DIRECTION('ref_axis',(-0.176696473233501,0.,-0.984265389184666));
#2486=DIRECTION('',(0.,-1.,0.));
#2487=DIRECTION('center_axis',(0.,1.,0.));
#2488=DIRECTION('ref_axis',(-0.176696473233501,0.,-0.984265389184666));
#2489=DIRECTION('center_axis',(0.,1.,0.));
#2490=DIRECTION('ref_axis',(-0.771239246317531,0.,-0.636545383252103));
#2491=DIRECTION('',(0.,-1.,0.));
#2492=DIRECTION('center_axis',(0.,1.,0.));
#2493=DIRECTION('ref_axis',(-0.771239246317531,0.,-0.636545383252103));
#2494=DIRECTION('center_axis',(0.,1.,0.));
#2495=DIRECTION('ref_axis',(-0.948367823287425,0.,-0.317172621380017));
#2496=DIRECTION('',(0.,-1.,0.));
#2497=DIRECTION('center_axis',(0.,1.,0.));
#2498=DIRECTION('ref_axis',(-0.948367823287425,0.,-0.317172621380017));
#2499=DIRECTION('center_axis',(0.,1.,0.));
#2500=DIRECTION('ref_axis',(-0.439511352040417,0.,0.898237035212646));
#2501=DIRECTION('',(0.,-1.,0.));
#2502=DIRECTION('center_axis',(0.,1.,0.));
#2503=DIRECTION('ref_axis',(-0.439511352040417,0.,0.898237035212646));
#2504=DIRECTION('center_axis',(0.,1.,0.));
#2505=DIRECTION('ref_axis',(0.669770919295773,0.,-0.7425677852329));
#2506=DIRECTION('',(0.,-1.,0.));
#2507=DIRECTION('center_axis',(0.,1.,0.));
#2508=DIRECTION('ref_axis',(0.669770919295773,0.,-0.7425677852329));
#2509=DIRECTION('center_axis',(0.,1.,0.));
#2510=DIRECTION('ref_axis',(-0.472281123007355,0.,0.881447979662391));
#2511=DIRECTION('',(0.,-1.,0.));
#2512=DIRECTION('center_axis',(0.,-1.,0.));
#2513=DIRECTION('ref_axis',(-0.472281123007355,0.,0.881447979662391));
#2514=DIRECTION('center_axis',(0.,1.,0.));
#2515=DIRECTION('ref_axis',(-0.62849604462392,0.,-0.777812780746169));
#2516=DIRECTION('center_axis',(0.,-1.,0.));
#2517=DIRECTION('ref_axis',(-0.62849604462392,0.,-0.777812780746169));
#2518=DIRECTION('center_axis',(-1.,0.,0.));
#2519=DIRECTION('ref_axis',(0.,-1.,0.));
#2520=DIRECTION('',(0.,0.,1.));
#2521=DIRECTION('center_axis',(0.,1.,0.));
#2522=DIRECTION('ref_axis',(0.,0.,-1.));
#2523=DIRECTION('center_axis',(0.,1.,0.));
#2524=DIRECTION('ref_axis',(-0.577563283883034,0.,-0.816345915105996));
#2525=DIRECTION('center_axis',(0.999800103106107,0.,0.0199938447782692));
#2526=DIRECTION('ref_axis',(0.,-1.,0.));
#2527=DIRECTION('center_axis',(0.,-1.,0.));
#2528=DIRECTION('ref_axis',(-0.577563283883034,0.,-0.816345915105996));
#2529=DIRECTION('center_axis',(-0.999800103106107,0.,-0.0199938447782696));
#2530=DIRECTION('ref_axis',(0.0141377832247053,-0.707106781186553,-0.706965432737332));
#2531=DIRECTION('center_axis',(-8.74000315265672E-16,0.,-1.));
#2532=DIRECTION('ref_axis',(1.,-1.40051653187571E-18,-8.73457597904507E-16));
#2533=DIRECTION('',(0.999800103106107,0.,0.0199938447782696));
#2534=DIRECTION('',(-0.999800103106107,0.,-0.0199938447782696));
#2535=DIRECTION('center_axis',(0.,-1.,0.));
#2536=DIRECTION('ref_axis',(1.,0.,0.));
#2537=DIRECTION('',(1.,0.,-8.74000315265672E-16));
#2538=DIRECTION('',(1.34490978149625E-15,0.,1.));
#2539=DIRECTION('center_axis',(0.,-1.,0.));
#2540=DIRECTION('ref_axis',(-0.518882516232725,0.,0.854845561694039));
#2541=DIRECTION('center_axis',(0.,-1.,0.));
#2542=DIRECTION('ref_axis',(0.458005673546373,0.,-0.888949269080825));
#2543=DIRECTION('center_axis',(0.,-1.,0.));
#2544=DIRECTION('ref_axis',(-0.360369358214451,0.,0.932809694235702));
#2545=DIRECTION('center_axis',(0.,-1.,0.));
#2546=DIRECTION('ref_axis',(-0.360369358214451,0.,0.932809694235702));
#2547=DIRECTION('',(0.,1.,0.));
#2548=DIRECTION('',(0.,1.,0.));
#2549=DIRECTION('center_axis',(0.,-1.,0.));
#2550=DIRECTION('ref_axis',(-0.949449133094894,0.,-0.313920919445256));
#2551=DIRECTION('',(0.,1.,0.));
#2552=DIRECTION('center_axis',(0.,1.,0.));
#2553=DIRECTION('ref_axis',(0.,0.,-1.));
#2554=DIRECTION('center_axis',(0.,1.,0.));
#2555=DIRECTION('ref_axis',(0.,0.,1.));
#2556=DIRECTION('center_axis',(0.,-1.,0.));
#2557=DIRECTION('ref_axis',(-0.518882516232725,0.,0.854845561694039));
#2558=DIRECTION('',(0.,1.,0.));
#2559=DIRECTION('center_axis',(-1.,0.,1.34490978149625E-15));
#2560=DIRECTION('ref_axis',(1.34490978149625E-15,0.,1.));
#2561=DIRECTION('',(0.,1.,0.));
#2562=DIRECTION('center_axis',(8.74000315265672E-16,0.,1.));
#2563=DIRECTION('ref_axis',(1.,0.,-8.74000315265672E-16));
#2564=DIRECTION('',(0.,1.,0.));
#2565=DIRECTION('center_axis',(-0.0199938447782696,0.,0.999800103106107));
#2566=DIRECTION('ref_axis',(0.999800103106107,0.,0.0199938447782696));
#2567=DIRECTION('center_axis',(0.,-1.,0.));
#2568=DIRECTION('ref_axis',(0.458005673546373,0.,-0.888949269080825));
#2569=DIRECTION('center_axis',(0.0199938447782697,0.,-0.999800103106107));
#2570=DIRECTION('ref_axis',(-0.999800103106107,0.,-0.0199938447782697));
#2571=DIRECTION('',(0.999800103106107,0.,0.0199938447782697));
#2572=DIRECTION('',(0.,1.,0.));
#2573=DIRECTION('',(-0.999800103106107,0.,-0.0199938447782697));
#2574=DIRECTION('',(0.,1.,0.));
#2575=DIRECTION('center_axis',(0.,-1.,0.));
#2576=DIRECTION('ref_axis',(-1.22464679914735E-16,0.,1.));
#2577=DIRECTION('center_axis',(0.,1.,0.));
#2578=DIRECTION('ref_axis',(-1.22464679914735E-16,0.,1.));
#2579=DIRECTION('',(0.,1.,0.));
#2580=DIRECTION('center_axis',(0.,-1.,0.));
#2581=DIRECTION('ref_axis',(-1.22464679914735E-16,0.,1.));
#2582=DIRECTION('',(0.,1.,0.));
#2583=DIRECTION('center_axis',(0.,-1.,0.));
#2584=DIRECTION('ref_axis',(-1.22464679914735E-16,0.,1.));
#2585=DIRECTION('center_axis',(0.,1.,0.));
#2586=DIRECTION('ref_axis',(-1.22464679914735E-16,0.,1.));
#2587=DIRECTION('',(0.,1.,0.));
#2588=DIRECTION('center_axis',(0.,-1.,0.));
#2589=DIRECTION('ref_axis',(-1.22464679914735E-16,0.,1.));
#2590=DIRECTION('center_axis',(0.,-1.,0.));
#2591=DIRECTION('ref_axis',(-0.912186736706869,0.,-0.409774764201107));
#2592=DIRECTION('center_axis',(0.,1.,0.));
#2593=DIRECTION('ref_axis',(-1.22464679914735E-16,0.,1.));
#2594=DIRECTION('',(0.,1.,0.));
#2595=DIRECTION('center_axis',(0.,-1.,0.));
#2596=DIRECTION('ref_axis',(-1.22464679914735E-16,0.,1.));
#2597=DIRECTION('center_axis',(0.,-1.,0.));
#2598=DIRECTION('ref_axis',(-1.22464679914735E-16,0.,1.));
#2599=DIRECTION('center_axis',(0.,-1.,0.));
#2600=DIRECTION('ref_axis',(-1.22464679914735E-16,0.,1.));
#2601=DIRECTION('',(0.,1.,0.));
#2602=DIRECTION('center_axis',(0.,1.,0.));
#2603=DIRECTION('ref_axis',(-1.22464679914735E-16,0.,1.));
#2604=DIRECTION('center_axis',(0.,1.,0.));
#2605=DIRECTION('ref_axis',(1.,0.,1.22464679914735E-16));
#2606=DIRECTION('center_axis',(0.,-1.,0.));
#2607=DIRECTION('ref_axis',(-0.0887813017461323,0.,-0.996051143496288));
#2608=DIRECTION('',(-1.22244510158152E-15,0.,-1.));
#2609=DIRECTION('',(-1.,0.,7.51535635350937E-16));
#2610=DIRECTION('center_axis',(0.,1.,0.));
#2611=DIRECTION('ref_axis',(0.518882516232725,0.,-0.854845561694039));
#2612=DIRECTION('center_axis',(0.,1.,0.));
#2613=DIRECTION('ref_axis',(0.573593960180403,0.,0.819139773692233));
#2614=DIRECTION('center_axis',(-0.32431265323148,-4.18002573433477E-14,
0.94594994738303));
#2615=DIRECTION('ref_axis',(8.96606520997502E-14,-1.,-1.34490978149625E-14));
#2616=DIRECTION('center_axis',(0.,1.,0.));
#2617=DIRECTION('ref_axis',(0.,0.,1.));
#2618=DIRECTION('center_axis',(0.,-1.,0.));
#2619=DIRECTION('ref_axis',(0.754926604536801,0.,-0.655809287645834));
#2620=DIRECTION('center_axis',(0.932809694235702,0.,0.360369358214453));
#2621=DIRECTION('ref_axis',(0.,-1.,0.));
#2622=DIRECTION('center_axis',(0.,1.,0.));
#2623=DIRECTION('ref_axis',(0.912186736706868,0.,-0.409774764201109));
#2624=DIRECTION('center_axis',(0.,-1.,0.));
#2625=DIRECTION('ref_axis',(-0.912186736706868,0.,-0.409774764201109));
#2626=DIRECTION('center_axis',(0.888949269080826,0.,0.458005673546371));
#2627=DIRECTION('ref_axis',(-0.458005673546371,0.,0.888949269080826));
#2628=DIRECTION('center_axis',(0.,1.,0.));
#2629=DIRECTION('ref_axis',(-0.458005673546368,0.,0.888949269080828));
#2630=DIRECTION('center_axis',(0.,-1.,0.));
#2631=DIRECTION('ref_axis',(0.518882516232725,0.,-0.854845561694039));
#2632=DIRECTION('',(0.,1.,0.));
#2633=DIRECTION('center_axis',(0.,-1.,0.));
#2634=DIRECTION('ref_axis',(0.518882516232725,0.,-0.854845561694039));
#2635=DIRECTION('center_axis',(0.,-1.,0.));
#2636=DIRECTION('ref_axis',(0.573593960180403,0.,0.819139773692233));
#2637=DIRECTION('',(0.,1.,0.));
#2638=DIRECTION('center_axis',(0.,-1.,0.));
#2639=DIRECTION('ref_axis',(0.573593960180403,0.,0.819139773692233));
#2640=DIRECTION('center_axis',(0.,1.,0.));
#2641=DIRECTION('ref_axis',(0.,0.,1.));
#2642=DIRECTION('center_axis',(-0.999800103106107,0.,-0.0199938447782693));
#2643=DIRECTION('ref_axis',(0.,-1.,0.));
#2644=DIRECTION('center_axis',(0.,-1.,0.));
#2645=DIRECTION('ref_axis',(0.577563283883034,0.,0.816345915105996));
#2646=DIRECTION('center_axis',(0.,-1.,0.));
#2647=DIRECTION('ref_axis',(-1.,0.,-1.22464679914735E-16));
#2648=DIRECTION('',(-0.999800103106107,0.,-0.0199938447782697));
#2649=DIRECTION('',(-1.,0.,7.51535635350937E-16));
#2650=DIRECTION('',(-1.22244510158152E-15,0.,-1.));
#2651=DIRECTION('center_axis',(0.,-1.,0.));
#2652=DIRECTION('ref_axis',(-0.0887813017461323,0.,-0.996051143496288));
#2653=DIRECTION('center_axis',(0.999800103106107,0.,0.0199938447782697));
#2654=DIRECTION('ref_axis',(-0.0141377832247054,-0.707106781186553,0.706965432737332));
#2655=DIRECTION('center_axis',(7.51535635350937E-16,0.,1.));
#2656=DIRECTION('ref_axis',(-1.,-1.40051653187571E-18,7.50992917989772E-16));
#2657=DIRECTION('center_axis',(0.,-1.,0.));
#2658=DIRECTION('ref_axis',(-0.0887813017461323,0.,-0.996051143496288));
#2659=DIRECTION('',(0.,1.,0.));
#2660=DIRECTION('center_axis',(1.,0.,-1.22244510158152E-15));
#2661=DIRECTION('ref_axis',(-1.22244510158152E-15,0.,-1.));
#2662=DIRECTION('',(0.,1.,0.));
#2663=DIRECTION('center_axis',(-7.51535635350937E-16,0.,-1.));
#2664=DIRECTION('ref_axis',(-1.,0.,7.51535635350937E-16));
#2665=DIRECTION('center_axis',(0.,1.,0.));
#2666=DIRECTION('ref_axis',(0.573593960180403,0.,-0.819139773692233));
#2667=DIRECTION('center_axis',(0.,-1.,0.));
#2668=DIRECTION('ref_axis',(0.573593960180403,0.,-0.819139773692233));
#2669=DIRECTION('',(0.,1.,0.));
#2670=DIRECTION('center_axis',(0.,1.,0.));
#2671=DIRECTION('ref_axis',(0.573593960180403,0.,-0.819139773692233));
#2672=DIRECTION('',(0.,1.,0.));
#2673=DIRECTION('center_axis',(0.,-1.,0.));
#2674=DIRECTION('ref_axis',(0.573593960180403,0.,-0.819139773692233));
#2675=DIRECTION('',(0.,1.,0.));
#2676=DIRECTION('center_axis',(0.,-1.,0.));
#2677=DIRECTION('ref_axis',(-0.087071938413568,0.,0.996202026468981));
#2678=DIRECTION('',(0.,1.,0.));
#2679=DIRECTION('center_axis',(0.,-1.,0.));
#2680=DIRECTION('ref_axis',(-0.087071938413568,0.,0.996202026468981));
#2681=DIRECTION('',(0.,-1.,0.));
#2682=DIRECTION('center_axis',(0.,-1.,0.));
#2683=DIRECTION('ref_axis',(-0.087071938413568,0.,0.996202026468981));
#2684=DIRECTION('center_axis',(1.,0.,1.22464679914735E-16));
#2685=DIRECTION('ref_axis',(-1.22464679914735E-16,0.,1.));
#2686=DIRECTION('',(-1.22464679914735E-16,0.,1.));
#2687=DIRECTION('',(0.,-1.,0.));
#2688=DIRECTION('',(-1.22464679914735E-16,0.,1.));
#2689=DIRECTION('center_axis',(-1.,0.,-1.22464679914735E-16));
#2690=DIRECTION('ref_axis',(1.22464679914735E-16,0.,-1.));
#2691=DIRECTION('',(0.,-1.,0.));
#2692=DIRECTION('',(1.22464679914735E-16,0.,-1.));
#2693=DIRECTION('',(1.22464679914735E-16,0.,-1.));
#2694=DIRECTION('center_axis',(0.,1.,0.));
#2695=DIRECTION('ref_axis',(-0.0887813017461325,0.,0.996051143496288));
#2696=DIRECTION('center_axis',(0.,1.,0.));
#2697=DIRECTION('ref_axis',(-0.0887813017461325,0.,0.996051143496288));
#2698=DIRECTION('center_axis',(0.,1.,0.));
#2699=DIRECTION('ref_axis',(-0.0887813017461325,0.,0.996051143496288));
#2700=DIRECTION('',(0.,1.,0.));
#2701=DIRECTION('center_axis',(0.,1.,0.));
#2702=DIRECTION('ref_axis',(-0.0887813017461325,0.,0.996051143496288));
#2703=DIRECTION('',(0.,1.,0.));
#2704=DIRECTION('center_axis',(0.,1.,0.));
#2705=DIRECTION('ref_axis',(0.0129435945539932,0.,0.999916228171151));
#2706=DIRECTION('',(0.,-1.,0.));
#2707=DIRECTION('center_axis',(0.,-1.,0.));
#2708=DIRECTION('ref_axis',(-0.0887813017461325,0.,0.996051143496288));
#2709=DIRECTION('center_axis',(0.,1.,0.));
#2710=DIRECTION('ref_axis',(0.0136517079840877,0.,0.999906811092472));
#2711=DIRECTION('center_axis',(0.,-1.,0.));
#2712=DIRECTION('ref_axis',(0.0136517079840877,0.,0.999906811092472));
#2713=DIRECTION('center_axis',(0.,-1.,0.));
#2714=DIRECTION('ref_axis',(0.0136517079840877,0.,0.999906811092472));
#2715=DIRECTION('',(0.,1.,0.));
#2716=DIRECTION('center_axis',(0.,-1.,0.));
#2717=DIRECTION('ref_axis',(1.,0.,1.22464679914735E-16));
#2718=DIRECTION('',(-1.22464679914735E-16,0.,1.));
#2719=DIRECTION('',(1.22464679914735E-16,0.,-1.));
#2720=DIRECTION('center_axis',(0.,-1.,0.));
#2721=DIRECTION('ref_axis',(1.,0.,1.22464679914735E-16));
#2722=DIRECTION('',(1.22464679914735E-16,0.,-1.));
#2723=DIRECTION('',(-1.,0.,-1.22464679914735E-16));
#2724=DIRECTION('',(-1.22464679914735E-16,0.,1.));
#2725=DIRECTION('center_axis',(1.,0.,1.22464679914735E-16));
#2726=DIRECTION('ref_axis',(0.,1.,0.));
#2727=DIRECTION('',(1.22464679914735E-16,0.,-1.));
#2728=DIRECTION('',(0.,1.,0.));
#2729=DIRECTION('center_axis',(-1.22464679914735E-16,0.,1.));
#2730=DIRECTION('ref_axis',(1.,0.,1.22464679914735E-16));
#2731=DIRECTION('',(-1.,0.,-1.22464679914735E-16));
#2732=DIRECTION('',(0.,-1.,0.));
#2733=DIRECTION('center_axis',(0.,1.,0.));
#2734=DIRECTION('ref_axis',(-1.,0.,-1.22464679914735E-16));
#2735=DIRECTION('center_axis',(0.,-1.,0.));
#2736=DIRECTION('ref_axis',(-0.087071938413568,0.,0.996202026468981));
#2737=DIRECTION('',(1.22464679914735E-16,0.,-1.));
#2738=DIRECTION('',(-1.,0.,-1.22464679914735E-16));
#2739=DIRECTION('',(1.22464679914735E-16,0.,-1.));
#2740=DIRECTION('',(1.,0.,1.22464679914735E-16));
#2741=DIRECTION('',(1.22464679914735E-16,0.,-1.));
#2742=DIRECTION('',(0.999794339960172,0.,-0.0202799848028609));
#2743=DIRECTION('center_axis',(0.,-1.,0.));
#2744=DIRECTION('ref_axis',(0.176696473233502,0.,-0.984265389184666));
#2745=DIRECTION('center_axis',(0.,-1.,0.));
#2746=DIRECTION('ref_axis',(0.771239246317531,0.,-0.636545383252103));
#2747=DIRECTION('center_axis',(0.,-1.,0.));
#2748=DIRECTION('ref_axis',(0.948367823287425,0.,-0.317172621380017));
#2749=DIRECTION('center_axis',(0.,-1.,0.));
#2750=DIRECTION('ref_axis',(0.439511352040416,0.,0.898237035212647));
#2751=DIRECTION('center_axis',(0.,-1.,0.));
#2752=DIRECTION('ref_axis',(-0.669770919295773,0.,-0.7425677852329));
#2753=DIRECTION('center_axis',(0.,1.,0.));
#2754=DIRECTION('ref_axis',(0.472281123007355,0.,0.881447979662391));
#2755=DIRECTION('center_axis',(0.,1.,0.));
#2756=DIRECTION('ref_axis',(0.62849604462392,0.,-0.777812780746169));
#2757=DIRECTION('center_axis',(0.,-1.,0.));
#2758=DIRECTION('ref_axis',(0.518882516232725,0.,0.854845561694039));
#2759=DIRECTION('center_axis',(0.,1.,0.));
#2760=DIRECTION('ref_axis',(-0.458005673546373,0.,-0.888949269080825));
#2761=DIRECTION('center_axis',(0.,1.,0.));
#2762=DIRECTION('ref_axis',(0.360369358214451,0.,0.932809694235703));
#2763=DIRECTION('center_axis',(0.,1.,0.));
#2764=DIRECTION('ref_axis',(0.949449133094894,0.,-0.313920919445256));
#2765=DIRECTION('',(-0.999800103106107,0.,0.0199938447782694));
#2766=DIRECTION('',(-1.,0.,-9.96464995180408E-16));
#2767=DIRECTION('',(-1.46737446141099E-15,0.,1.));
#2768=DIRECTION('center_axis',(0.,-1.,0.));
#2769=DIRECTION('ref_axis',(-0.087071938413568,0.,0.996202026468981));
#2770=DIRECTION('center_axis',(0.,-1.,0.));
#2771=DIRECTION('ref_axis',(-0.087071938413568,0.,0.996202026468981));
#2772=DIRECTION('',(0.,-1.,0.));
#2773=DIRECTION('center_axis',(-1.22464679914735E-16,0.,1.));
#2774=DIRECTION('ref_axis',(0.,-1.,0.));
#2775=DIRECTION('',(0.,1.,0.));
#2776=DIRECTION('',(1.,0.,1.22464679914735E-16));
#2777=DIRECTION('',(0.,-1.,0.));
#2778=DIRECTION('center_axis',(-1.,0.,-1.22464679914735E-16));
#2779=DIRECTION('ref_axis',(-1.22464679914735E-16,0.,1.));
#2780=DIRECTION('',(1.22464679914735E-16,0.,-1.));
#2781=DIRECTION('',(0.,1.,0.));
#2782=DIRECTION('center_axis',(1.22464679914735E-16,0.,-1.));
#2783=DIRECTION('ref_axis',(0.,1.,0.));
#2784=DIRECTION('',(1.,0.,1.22464679914735E-16));
#2785=DIRECTION('',(0.,-1.,0.));
#2786=DIRECTION('center_axis',(-1.,0.,-1.22464679914735E-16));
#2787=DIRECTION('ref_axis',(1.22464679914735E-16,0.,-1.));
#2788=DIRECTION('',(1.22464679914735E-16,0.,-1.));
#2789=DIRECTION('',(0.,-1.,0.));
#2790=DIRECTION('',(-1.22464679914735E-16,0.,1.));
#2791=DIRECTION('center_axis',(-0.0202799848028609,0.,-0.999794339960172));
#2792=DIRECTION('ref_axis',(0.999794339960172,0.,-0.0202799848028609));
#2793=DIRECTION('',(0.999794339960172,0.,-0.0202799848028609));
#2794=DIRECTION('',(0.,-1.,0.));
#2795=DIRECTION('center_axis',(0.,-1.,0.));
#2796=DIRECTION('ref_axis',(0.176696473233502,0.,-0.984265389184666));
#2797=DIRECTION('center_axis',(0.,-1.,0.));
#2798=DIRECTION('ref_axis',(0.176696473233502,0.,-0.984265389184666));
#2799=DIRECTION('',(0.,-1.,0.));
#2800=DIRECTION('center_axis',(0.,-1.,0.));
#2801=DIRECTION('ref_axis',(0.771239246317531,0.,-0.636545383252103));
#2802=DIRECTION('center_axis',(0.,-1.,0.));
#2803=DIRECTION('ref_axis',(0.771239246317531,0.,-0.636545383252103));
#2804=DIRECTION('',(0.,-1.,0.));
#2805=DIRECTION('center_axis',(0.,-1.,0.));
#2806=DIRECTION('ref_axis',(0.948367823287425,0.,-0.317172621380017));
#2807=DIRECTION('center_axis',(0.,-1.,0.));
#2808=DIRECTION('ref_axis',(0.948367823287425,0.,-0.317172621380017));
#2809=DIRECTION('',(0.,-1.,0.));
#2810=DIRECTION('center_axis',(0.,-1.,0.));
#2811=DIRECTION('ref_axis',(0.439511352040416,0.,0.898237035212647));
#2812=DIRECTION('center_axis',(0.,-1.,0.));
#2813=DIRECTION('ref_axis',(0.439511352040416,0.,0.898237035212647));
#2814=DIRECTION('',(0.,-1.,0.));
#2815=DIRECTION('center_axis',(0.,-1.,0.));
#2816=DIRECTION('ref_axis',(-0.669770919295773,0.,-0.7425677852329));
#2817=DIRECTION('center_axis',(0.,-1.,0.));
#2818=DIRECTION('ref_axis',(-0.669770919295773,0.,-0.7425677852329));
#2819=DIRECTION('',(0.,-1.,0.));
#2820=DIRECTION('center_axis',(0.,-1.,0.));
#2821=DIRECTION('ref_axis',(0.472281123007355,0.,0.881447979662391));
#2822=DIRECTION('center_axis',(0.,1.,0.));
#2823=DIRECTION('ref_axis',(0.472281123007355,0.,0.881447979662391));
#2824=DIRECTION('',(0.,-1.,0.));
#2825=DIRECTION('center_axis',(0.,-1.,0.));
#2826=DIRECTION('ref_axis',(0.62849604462392,0.,-0.777812780746169));
#2827=DIRECTION('center_axis',(0.,1.,0.));
#2828=DIRECTION('ref_axis',(0.62849604462392,0.,-0.777812780746169));
#2829=DIRECTION('center_axis',(-1.,0.,-1.22464679914735E-16));
#2830=DIRECTION('ref_axis',(0.,-1.,0.));
#2831=DIRECTION('',(-1.22464679914735E-16,0.,1.));
#2832=DIRECTION('center_axis',(0.,1.,0.));
#2833=DIRECTION('ref_axis',(0.,0.,-1.));
#2834=DIRECTION('center_axis',(0.,1.,0.));
#2835=DIRECTION('ref_axis',(0.577563283883034,0.,-0.816345915105996));
#2836=DIRECTION('center_axis',(0.999800103106107,0.,-0.0199938447782691));
#2837=DIRECTION('ref_axis',(0.,-1.,0.));
#2838=DIRECTION('center_axis',(0.,-1.,0.));
#2839=DIRECTION('ref_axis',(0.577563283883034,0.,-0.816345915105996));
#2840=DIRECTION('center_axis',(-0.999800103106107,0.,0.0199938447782694));
#2841=DIRECTION('ref_axis',(-0.0141377832247052,-0.707106781186553,-0.706965432737332));
#2842=DIRECTION('center_axis',(-9.96464995180408E-16,0.,1.));
#2843=DIRECTION('ref_axis',(-1.,-1.40051653187571E-18,-9.95922277819242E-16));
#2844=DIRECTION('',(0.999800103106107,0.,-0.0199938447782694));
#2845=DIRECTION('',(-0.999800103106107,0.,0.0199938447782694));
#2846=DIRECTION('center_axis',(0.,1.,0.));
#2847=DIRECTION('ref_axis',(-1.,0.,-1.22464679914735E-16));
#2848=DIRECTION('',(-1.,0.,-9.96464995180408E-16));
#2849=DIRECTION('center_axis',(0.,1.,0.));
#2850=DIRECTION('ref_axis',(0.360369358214451,0.,0.932809694235703));
#2851=DIRECTION('center_axis',(0.,1.,0.));
#2852=DIRECTION('ref_axis',(-0.458005673546373,0.,-0.888949269080825));
#2853=DIRECTION('center_axis',(0.,1.,0.));
#2854=DIRECTION('ref_axis',(0.518882516232725,0.,0.854845561694039));
#2855=DIRECTION('',(-1.46737446141099E-15,0.,1.));
#2856=DIRECTION('center_axis',(0.,1.,0.));
#2857=DIRECTION('ref_axis',(0.360369358214451,0.,0.932809694235703));
#2858=DIRECTION('',(0.,1.,0.));
#2859=DIRECTION('',(0.,1.,0.));
#2860=DIRECTION('center_axis',(0.,1.,0.));
#2861=DIRECTION('ref_axis',(0.949449133094894,0.,-0.313920919445256));
#2862=DIRECTION('',(0.,1.,0.));
#2863=DIRECTION('center_axis',(0.,-1.,0.));
#2864=DIRECTION('ref_axis',(1.22464679914735E-16,0.,-1.));
#2865=DIRECTION('center_axis',(0.,-1.,0.));
#2866=DIRECTION('ref_axis',(-1.22464679914735E-16,0.,1.));
#2867=DIRECTION('center_axis',(0.,1.,0.));
#2868=DIRECTION('ref_axis',(0.518882516232725,0.,0.854845561694039));
#2869=DIRECTION('',(0.,1.,0.));
#2870=DIRECTION('center_axis',(-1.,0.,-1.46737446141099E-15));
#2871=DIRECTION('ref_axis',(-1.46737446141099E-15,0.,1.));
#2872=DIRECTION('',(0.,1.,0.));
#2873=DIRECTION('center_axis',(9.96464995180408E-16,0.,-1.));
#2874=DIRECTION('ref_axis',(-1.,0.,-9.96464995180408E-16));
#2875=DIRECTION('',(0.,1.,0.));
#2876=DIRECTION('center_axis',(-0.0199938447782694,0.,-0.999800103106107));
#2877=DIRECTION('ref_axis',(-0.999800103106107,0.,0.0199938447782694));
#2878=DIRECTION('center_axis',(0.,1.,0.));
#2879=DIRECTION('ref_axis',(-0.458005673546373,0.,-0.888949269080825));
#2880=CARTESIAN_POINT('',(0.,0.,0.));
#2881=CARTESIAN_POINT('Origin',(0.28343217068365,0.0108206613475077,-0.0337187899815742));
#2882=CARTESIAN_POINT('',(3.59784833504951,0.0108206613475077,-0.0999999617028432));
#2883=CARTESIAN_POINT('',(0.28343217068365,0.0108206613475077,-0.0337187899815644));
#2884=CARTESIAN_POINT('',(0.915103460189861,0.0108206613475077,-0.0463508528049726));
#2885=CARTESIAN_POINT('',(3.59784833504951,0.0208206613475077,-0.0999999617028431));
#2886=CARTESIAN_POINT('',(3.59784833504951,0.0108206613475077,-0.0999999617028432));
#2887=CARTESIAN_POINT('',(0.28343217068365,0.0208206613475077,-0.0337187899815644));
#2888=CARTESIAN_POINT('',(0.915103460189861,0.0208206613475077,-0.0463508528049726));
#2889=CARTESIAN_POINT('',(0.28343217068365,0.0108206613475077,-0.0337187899815644));
#2890=CARTESIAN_POINT('Origin',(0.250049882322322,0.0108206613475077,-1.70301330115279));
#2891=CARTESIAN_POINT('',(-1.32933488679649,0.0108206613475077,-1.16153172872568));
#2892=CARTESIAN_POINT('Origin',(0.250049882322322,0.0108206613475077,-1.70301330115279));
#2893=CARTESIAN_POINT('',(-1.32933488679649,0.0208206613475077,-1.16153172872568));
#2894=CARTESIAN_POINT('Origin',(0.250049882322322,0.0208206613475077,-1.70301330115279));
#2895=CARTESIAN_POINT('',(-1.32933488679649,0.0108206613475077,-1.16153172872568));
#2896=CARTESIAN_POINT('Ctrl Pts',(-1.33116364015168,0.0108206613475098,
-1.17984373339414));
#2897=CARTESIAN_POINT('Ctrl Pts',(-1.33116364015168,0.0208206613475098,
-1.17984373339414));
#2898=CARTESIAN_POINT('Ctrl Pts',(-1.33150310111069,0.0108206613475098,
-1.17780279760111));
#2899=CARTESIAN_POINT('Ctrl Pts',(-1.33150310111069,0.0208206613475098,
-1.17780279760111));
#2900=CARTESIAN_POINT('Ctrl Pts',(-1.3316339949753,0.0108206613475071,-1.17573498612769));
#2901=CARTESIAN_POINT('Ctrl Pts',(-1.3316339949753,0.0208206613475071,-1.17573498612769));
#2902=CARTESIAN_POINT('Ctrl Pts',(-1.33153860166945,0.0108206613475071,
-1.17182561861568));
#2903=CARTESIAN_POINT('Ctrl Pts',(-1.33153860166945,0.0208206613475071,
-1.17182561861568));
#2904=CARTESIAN_POINT('Ctrl Pts',(-1.33135005492105,0.0108206613475072,
-1.16998637646104));
#2905=CARTESIAN_POINT('Ctrl Pts',(-1.33135005492105,0.0208206613475072,
-1.16998637646104));
#2906=CARTESIAN_POINT('Ctrl Pts',(-1.33065308881303,0.0108206613475072,
-1.16592320555573));
#2907=CARTESIAN_POINT('Ctrl Pts',(-1.33065308881303,0.0208206613475072,
-1.16592320555573));
#2908=CARTESIAN_POINT('Ctrl Pts',(-1.33007450187184,0.0108206613475077,
-1.16368902611955));
#2909=CARTESIAN_POINT('Ctrl Pts',(-1.33007450187184,0.0208206613475077,
-1.16368902611955));
#2910=CARTESIAN_POINT('Ctrl Pts',(-1.32933488679649,0.0108206613475077,
-1.16153172872568));
#2911=CARTESIAN_POINT('Ctrl Pts',(-1.32933488679649,0.0208206613475077,
-1.16153172872568));
#2912=CARTESIAN_POINT('',(-1.3311636401541,0.0108206613486293,-1.179843733395));
#2913=CARTESIAN_POINT('Ctrl Pts',(-1.32933488679649,0.0108206613475077,
-1.16153172872568));
#2914=CARTESIAN_POINT('Ctrl Pts',(-1.33007450187184,0.0108206613475077,
-1.16368902611955));
#2915=CARTESIAN_POINT('Ctrl Pts',(-1.33065308881303,0.0108206613475072,
-1.16592320555573));
#2916=CARTESIAN_POINT('Ctrl Pts',(-1.33103890678814,0.0108206613475072,
-1.1681724460183));
#2917=CARTESIAN_POINT('Ctrl Pts',(-1.33135005492105,0.0108206613475072,
-1.16998637646104));
#2918=CARTESIAN_POINT('Ctrl Pts',(-1.33153860166945,0.0108206613475071,
-1.17182561861568));
#2919=CARTESIAN_POINT('Ctrl Pts',(-1.33158351693635,0.0108206613475071,
-1.17366631680376));
#2920=CARTESIAN_POINT('Ctrl Pts',(-1.3316339949753,0.0108206613475071,-1.17573498612769));
#2921=CARTESIAN_POINT('Ctrl Pts',(-1.33150310111069,0.0108206613475098,
-1.17780279760111));
#2922=CARTESIAN_POINT('Ctrl Pts',(-1.33116364015168,0.0108206613475098,
-1.17984373339414));
#2923=CARTESIAN_POINT('',(-1.3311636401541,0.0208206613486293,-1.179843733395));
#2924=CARTESIAN_POINT('Ctrl Pts',(-1.33116364015168,0.0208206613475098,
-1.17984373339414));
#2925=CARTESIAN_POINT('Ctrl Pts',(-1.33150310111069,0.0208206613475098,
-1.17780279760111));
#2926=CARTESIAN_POINT('Ctrl Pts',(-1.3316339949753,0.0208206613475071,-1.17573498612769));
#2927=CARTESIAN_POINT('Ctrl Pts',(-1.33158351693635,0.0208206613475071,
-1.17366631680376));
#2928=CARTESIAN_POINT('Ctrl Pts',(-1.33153860166945,0.0208206613475071,
-1.17182561861568));
#2929=CARTESIAN_POINT('Ctrl Pts',(-1.33135005492105,0.0208206613475072,
-1.16998637646104));
#2930=CARTESIAN_POINT('Ctrl Pts',(-1.33103890678814,0.0208206613475072,
-1.1681724460183));
#2931=CARTESIAN_POINT('Ctrl Pts',(-1.33065308881303,0.0208206613475072,
-1.16592320555573));
#2932=CARTESIAN_POINT('Ctrl Pts',(-1.33007450187184,0.0208206613475077,
-1.16368902611955));
#2933=CARTESIAN_POINT('Ctrl Pts',(-1.32933488679649,0.0208206613475077,
-1.16153172872568));
#2934=CARTESIAN_POINT('',(-1.3311636401541,0.0108206613486293,-1.179843733395));
#2935=CARTESIAN_POINT('Origin',(-0.173521821480132,0.0108206613475077,-0.987297645809834));
#2936=CARTESIAN_POINT('',(-0.596431588848878,0.0108206613475077,-2.0819920802733));
#2937=CARTESIAN_POINT('Origin',(-0.173521821480132,0.0108206613475077,-0.987297645809834));
#2938=CARTESIAN_POINT('',(-0.596431588848878,0.0208206613475077,-2.0819920802733));
#2939=CARTESIAN_POINT('Origin',(-0.173521821480132,0.0208206613475077,-0.987297645809834));
#2940=CARTESIAN_POINT('',(-0.596431588848878,0.0108206613475077,-2.0819920802733));
#2941=CARTESIAN_POINT('Origin',(-0.552505883240859,0.0108206613475077,-1.96829117012844));
#2942=CARTESIAN_POINT('',(-0.496679210066753,0.0108206613475077,-1.85993644183639));
#2943=CARTESIAN_POINT('Origin',(-0.552505883240859,0.0108206613475077,-1.96829117012844));
#2944=CARTESIAN_POINT('',(-0.496679210066753,0.0208206613475077,-1.85993644183639));
#2945=CARTESIAN_POINT('Origin',(-0.552505883240859,0.0208206613475077,-1.96829117012844));
#2946=CARTESIAN_POINT('',(-0.496679210066753,0.0108206613475077,-1.85993644183639));
#2947=CARTESIAN_POINT('Origin',(-0.490048088948617,0.0108206613475077,-1.84706601115916));
#2948=CARTESIAN_POINT('',(-0.502324239960986,0.0108206613671481,-1.83939034388271));
#2949=CARTESIAN_POINT('Origin',(-0.490048088948617,0.0108206613475077,-1.84706601115916));
#2950=CARTESIAN_POINT('',(-0.502324239960986,0.0208206613671481,-1.83939034388271));
#2951=CARTESIAN_POINT('Origin',(-0.490048088948617,0.0208206613475077,-1.84706601115916));
#2952=CARTESIAN_POINT('',(-0.502324239960986,0.0108206613671481,-1.83939034388271));
#2953=CARTESIAN_POINT('Origin',(1.20096927280804,0.0208206613475077,3.8));
#2954=CARTESIAN_POINT('',(4.40000014042291,0.0208206613475077,-0.619999961702845));
#2955=CARTESIAN_POINT('',(0.100281858113091,0.0208206613475077,-0.737120673041414));
#2956=CARTESIAN_POINT('Origin',(1.30170618563276,0.0208206613475077,34.1402386905853));
#2957=CARTESIAN_POINT('',(-0.490605678542207,0.0208206613475077,-0.912308452339684));
#2958=CARTESIAN_POINT('Origin',(0.0668252455530031,0.0208206613475077,-1.70836606924484));
#2959=CARTESIAN_POINT('Origin',(-0.206251091814575,0.0208206613475077,-1.37951777850042));
#2960=CARTESIAN_POINT('',(4.40000014042291,0.0208206613475077,-0.0999999617028429));
#2961=CARTESIAN_POINT('',(2.79997823412607,0.0208206613475077,-0.0999999617028442));
#2962=CARTESIAN_POINT('',(4.40000014042291,0.0208206613475077,-0.574999997606426));
#2963=CARTESIAN_POINT('Ctrl Pts',(-1.32933488679649,0.0108206613475078,
-1.16153172872568));
#2964=CARTESIAN_POINT('Ctrl Pts',(-1.33057325529565,0.0116094784583177,
-1.1626016479817));
#2965=CARTESIAN_POINT('Ctrl Pts',(-1.33234845002136,0.0129354458359013,
-1.16412697420708));
#2966=CARTESIAN_POINT('Ctrl Pts',(-1.33623442069892,0.0165896251716378,
-1.16746124226038));
#2967=CARTESIAN_POINT('Ctrl Pts',(-1.33874668872821,0.0198437458468248,
-1.16962370145234));
#2968=CARTESIAN_POINT('Ctrl Pts',(-1.34055613321147,0.0231881663013727,
-1.17119504019024));
#2969=CARTESIAN_POINT('Ctrl Pts',(-1.32255250222025,0.00396059647675115,
-1.16385702420589));
#2970=CARTESIAN_POINT('Ctrl Pts',(-1.32429279633357,0.00479398907761846,
-1.16497404141029));
#2971=CARTESIAN_POINT('Ctrl Pts',(-1.32680482641844,0.00623563814107489,
-1.16656999257255));
#2972=CARTESIAN_POINT('Ctrl Pts',(-1.33233168011402,0.0103981645449309,
-1.17007497120412));
#2973=CARTESIAN_POINT('Ctrl Pts',(-1.33595115453817,0.0142380619378592,
-1.17235780196636));
#2974=CARTESIAN_POINT('Ctrl Pts',(-1.33856458127621,0.0183133716076694,
-1.17402409001059));
#2975=CARTESIAN_POINT('Ctrl Pts',(-1.31321738633446,6.23390860512615E-16,
-1.16705750665163));
#2976=CARTESIAN_POINT('Ctrl Pts',(-1.31554059923631,0.000570682194291039,
-1.16809859131485));
#2977=CARTESIAN_POINT('Ctrl Pts',(-1.31893655142827,0.00171445063063438,
-1.16961576222062));
#2978=CARTESIAN_POINT('Ctrl Pts',(-1.32652675311783,0.00552926042952117,
-1.17301982496081));
#2979=CARTESIAN_POINT('Ctrl Pts',(-1.3316099639067,0.00951580760733127,
-1.17531284834458));
#2980=CARTESIAN_POINT('Ctrl Pts',(-1.33532302879635,0.0140450781843877,
-1.17700894107538));
#2981=CARTESIAN_POINT('Ctrl Pts',(-1.30383061534828,-1.74838271594513E-16,
-1.17027569870527));
#2982=CARTESIAN_POINT('Ctrl Pts',(-1.30649259244224,7.33816778216755E-17,
-1.17119594494003));
#2983=CARTESIAN_POINT('Ctrl Pts',(-1.31048951602849,0.000389274181507994,
-1.17258285971504));
#2984=CARTESIAN_POINT('Ctrl Pts',(-1.31973286529381,0.00280247200595228,
-1.17580750822795));
#2985=CARTESIAN_POINT('Ctrl Pts',(-1.3262565746842,0.0062773795954187,-1.17810462442145));
#2986=CARTESIAN_POINT('Ctrl Pts',(-1.33116364015357,0.0108206613492666,
-1.17984373339482));
#2987=CARTESIAN_POINT('',(-1.30383061534828,0.,-1.17027569870527));
#2988=CARTESIAN_POINT('Ctrl Pts',(-1.33116364015357,0.0108206613492666,
-1.17984373339482));
#2989=CARTESIAN_POINT('Ctrl Pts',(-1.3262565746842,0.0062773795954187,-1.17810462442145));
#2990=CARTESIAN_POINT('Ctrl Pts',(-1.31973286529381,0.00280247200595228,
-1.17580750822795));
#2991=CARTESIAN_POINT('Ctrl Pts',(-1.31048951602849,0.000389274181507994,
-1.17258285971504));
#2992=CARTESIAN_POINT('Ctrl Pts',(-1.30649259244224,7.33816778216755E-17,
-1.17119594494003));
#2993=CARTESIAN_POINT('Ctrl Pts',(-1.30383061534828,-1.74838271594513E-16,
-1.17027569870527));
#2994=CARTESIAN_POINT('Origin',(-1.30383061534827,0.039,-1.17027569870527));
#2995=CARTESIAN_POINT('Origin',(-0.173521821480132,0.043,-0.987297645809834));
#2996=CARTESIAN_POINT('',(-0.586153224480055,0.,-2.05538671634439));
#2997=CARTESIAN_POINT('Origin',(-0.586153224480055,0.043,-2.05538671634439));
#2998=CARTESIAN_POINT('Origin',(-0.173521821480132,0.,-0.987297645809834));
#2999=CARTESIAN_POINT('Origin',(-0.552505883240859,0.043,-1.96829117012844));
#3000=CARTESIAN_POINT('',(-0.509742332911111,0.,-1.88529082972964));
#3001=CARTESIAN_POINT('Origin',(-0.509742332911111,0.043,-1.88529082972964));
#3002=CARTESIAN_POINT('Origin',(-0.552505883240859,0.,-1.96829117012844));
#3003=CARTESIAN_POINT('Ctrl Pts',(-0.502119876769568,0.0108206613867883,
-1.83907278336163));
#3004=CARTESIAN_POINT('Ctrl Pts',(-0.505689214555206,0.0108206613867883,
-1.84446338269158));
#3005=CARTESIAN_POINT('Ctrl Pts',(-0.504057827037996,0.0108206613867883,
-1.85071936447965));
#3006=CARTESIAN_POINT('Ctrl Pts',(-0.502426439520786,0.0108206613867883,
-1.85697534626773));
#3007=CARTESIAN_POINT('Ctrl Pts',(-0.496679210046455,0.0108206613867883,
-1.85993644179699));
#3008=CARTESIAN_POINT('Ctrl Pts',(-0.512298997350941,-5.4552037134862E-17,
-1.83233276847798));
#3009=CARTESIAN_POINT('Ctrl Pts',(-0.518878056667021,-5.48982046172665E-17,
-1.84226880560051));
#3010=CARTESIAN_POINT('Ctrl Pts',(-0.51587105764148,-5.51575073698279E-17,
-1.85379992922509));
#3011=CARTESIAN_POINT('Ctrl Pts',(-0.51286405861594,-5.54168101223893E-17,
-1.86533105284967));
#3012=CARTESIAN_POINT('Ctrl Pts',(-0.502270675225079,-5.54168101223893E-17,
-1.87078899051138));
#3013=CARTESIAN_POINT('Ctrl Pts',(-0.525900960718184,-5.46369598732853E-18,
-1.82332634844305));
#3014=CARTESIAN_POINT('Ctrl Pts',(-0.536501793985699,-5.46369598732853E-18,
-1.83933627749451));
#3015=CARTESIAN_POINT('Ctrl Pts',(-0.531656618745004,-5.46369598732853E-18,
-1.85791636821242));
#3016=CARTESIAN_POINT('Ctrl Pts',(-0.526811443504309,-5.46369598732853E-18,
-1.87649645893033));
#3017=CARTESIAN_POINT('Ctrl Pts',(-0.509742332911111,-5.46369598732853E-18,
-1.88529082972964));
#3018=CARTESIAN_POINT('',(-0.525900960718183,0.,-1.82332634844305));
#3019=CARTESIAN_POINT('Ctrl Pts',(-0.502324239960986,0.0108206613867883,
-1.83939034388271));
#3020=CARTESIAN_POINT('Ctrl Pts',(-0.505365275904362,0.00761524977332283,
-1.83743247739282));
#3021=CARTESIAN_POINT('Ctrl Pts',(-0.508822548917682,0.00503908674032923,
-1.83516313858404));
#3022=CARTESIAN_POINT('Ctrl Pts',(-0.516822291991178,0.00108792986753054,
-1.82975590981289));
#3023=CARTESIAN_POINT('Ctrl Pts',(-0.521365422573418,-2.91421153954652E-17,
-1.82659303654141));
#3024=CARTESIAN_POINT('Ctrl Pts',(-0.525900960718184,-1.33177589691133E-17,
-1.82332634844305));
#3025=CARTESIAN_POINT('Origin',(-0.490048088948617,0.,-1.84706601115916));
#3026=CARTESIAN_POINT('Origin',(-0.206251091814575,0.,-1.37951777850042));
#3027=CARTESIAN_POINT('',(-0.490605678542207,0.,-0.912308452339684));
#3028=CARTESIAN_POINT('',(-0.490605678542207,0.0108206613475077,-0.912308452339684));
#3029=CARTESIAN_POINT('Origin',(-0.206251091814575,0.,-1.37951777850042));
#3030=CARTESIAN_POINT('Origin',(0.0668252455530031,0.,-1.70836606924484));
#3031=CARTESIAN_POINT('',(0.100281858113091,0.,-0.737120673041414));
#3032=CARTESIAN_POINT('',(0.100281858113091,0.0108206613475077,-0.737120673041414));
#3033=CARTESIAN_POINT('Origin',(0.0668252455530031,0.,-1.70836606924484));
#3034=CARTESIAN_POINT('Origin',(0.250049882322322,0.039,-1.70301330115279));
#3035=CARTESIAN_POINT('',(0.282893105751166,0.,-0.0606749447909345));
#3036=CARTESIAN_POINT('Origin',(0.250049882322322,0.,-1.70301330115279));
#3037=CARTESIAN_POINT('Origin',(0.282893105751166,0.039,-0.0606749447909345));
#3038=CARTESIAN_POINT('Origin',(1.52669650648339,0.,-1.06300339577363));
#3039=CARTESIAN_POINT('',(4.40000014042291,0.,-0.619999961702845));
#3040=CARTESIAN_POINT('Origin',(1.30170618563276,0.,34.1402386905853));
#3041=CARTESIAN_POINT('',(4.40000014042291,0.,-0.0999999617028429));
#3042=CARTESIAN_POINT('',(4.40000014042291,0.,-0.0999999617028429));
#3043=CARTESIAN_POINT('',(2.2493561046987,0.,-0.0999999617028444));
#3044=CARTESIAN_POINT('',(4.19995642357211,0.,-0.0999999617028429));
#3045=CARTESIAN_POINT('',(0.914564395257378,0.,-0.0733070076143427));
#3046=CARTESIAN_POINT('Origin',(0.914564395257378,0.039,-0.0733070076143427));
#3047=CARTESIAN_POINT('Origin',(2.2493561046987,0.039,-0.0999999617028444));
#3048=CARTESIAN_POINT('Origin',(1.30170618563276,0.,34.1402386905853));
#3049=CARTESIAN_POINT('',(4.40000014042291,0.,-0.619999961702845));
#3050=CARTESIAN_POINT('Origin',(4.40000014042291,0.,-0.0999999617028429));
#3051=CARTESIAN_POINT('',(4.40000014042291,0.,-0.0999999617028429));
#3052=CARTESIAN_POINT('Origin',(4.19995642357211,0.,-0.0999999617028429));
#3053=CARTESIAN_POINT('Origin',(0.0668252455530031,0.,1.90836606924484));
#3054=CARTESIAN_POINT('',(0.100281858113091,0.015,0.937120673041414));
#3055=CARTESIAN_POINT('',(0.,0.015,0.938844872402226));
#3056=CARTESIAN_POINT('Origin',(0.0668252455530031,0.015,1.90836606924484));
#3057=CARTESIAN_POINT('',(0.,0.15,0.938844872402226));
#3058=CARTESIAN_POINT('',(0.,0.,0.938844872402226));
#3059=CARTESIAN_POINT('',(-0.490605678542207,0.15,1.11230845233968));
#3060=CARTESIAN_POINT('Origin',(0.0668252455530031,0.15,1.90836606924484));
#3061=CARTESIAN_POINT('',(-0.490605678542207,0.,1.11230845233968));
#3062=CARTESIAN_POINT('',(-0.490605678542207,0.,1.11230845233968));
#3063=CARTESIAN_POINT('',(0.100281858113091,0.,0.937120673041414));
#3064=CARTESIAN_POINT('Origin',(0.0668252455530031,0.,1.90836606924484));
#3065=CARTESIAN_POINT('',(0.100281858113091,0.,0.937120673041414));
#3066=CARTESIAN_POINT('Origin',(1.32608363801642,0.1,-33.9378993402766));
#3067=CARTESIAN_POINT('',(0.379999995407626,0.015,0.922821747437789));
#3068=CARTESIAN_POINT('',(0.379999995407626,0.15,0.922821747437789));
#3069=CARTESIAN_POINT('',(0.379999995407626,0.1,0.922821747437789));
#3070=CARTESIAN_POINT('',(0.850000027127153,0.15,0.93240741790477));
#3071=CARTESIAN_POINT('Origin',(1.32608363801642,0.15,-33.9378993402766));
#3072=CARTESIAN_POINT('',(0.850000027127153,0.015,0.93240741790477));
#3073=CARTESIAN_POINT('',(0.850000027127153,0.1,0.93240741790477));
#3074=CARTESIAN_POINT('Origin',(1.32608363801642,0.015,-33.9378993402766));
#3075=CARTESIAN_POINT('Origin',(0.379999995407626,0.15,0.899999989123326));
#3076=CARTESIAN_POINT('',(0.379999995407626,0.015,0.945633439737266));
#3077=CARTESIAN_POINT('',(0.379999995407626,0.015,0.899999989123326));
#3078=CARTESIAN_POINT('',(0.379999995407626,0.15,0.945633439737266));
#3079=CARTESIAN_POINT('',(0.379999995407626,0.,0.945633439737266));
#3080=CARTESIAN_POINT('',(0.379999995407626,0.15,1.08150169244848));
#3081=CARTESIAN_POINT('Origin',(0.,0.15,0.959999988398214));
#3082=CARTESIAN_POINT('',(0.,0.15,0.913308136577176));
#3083=CARTESIAN_POINT('',(0.,0.015,0.913308136577176));
#3084=CARTESIAN_POINT('',(0.,0.1,0.913308136577176));
#3085=CARTESIAN_POINT('',(0.,0.15,1.11150169208592));
#3086=CARTESIAN_POINT('',(0.,0.015,0.959999988398214));
#3087=CARTESIAN_POINT('Origin',(1.30170618563276,0.,-33.9402386905853));
#3088=CARTESIAN_POINT('Origin',(1.30170618563276,0.015,-33.9402386905853));
#3089=CARTESIAN_POINT('',(4.40000014042291,0.,0.819999961702845));
#3090=CARTESIAN_POINT('Origin',(1.30170618563276,0.,-33.9402386905853));
#3091=CARTESIAN_POINT('',(4.40000014042291,0.15,0.819999961702845));
#3092=CARTESIAN_POINT('',(4.40000014042291,0.,0.819999961702845));
#3093=CARTESIAN_POINT('Origin',(1.30170618563276,0.15,-33.9402386905853));
#3094=CARTESIAN_POINT('',(1.20096927280804,0.0148206613475077,0.9576619435318));
#3095=CARTESIAN_POINT('',(1.20096927280513,0.015,0.957661943531798));
#3096=CARTESIAN_POINT('',(1.20096927280804,0.,0.9576619435318));
#3097=CARTESIAN_POINT('',(0.850000027127153,0.0148206613475077,0.954883864589719));
#3098=CARTESIAN_POINT('Origin',(1.30170618563276,0.0148206613475077,-33.9402386905853));
#3099=CARTESIAN_POINT('',(0.850000027115303,0.015,0.954883864589577));
#3100=CARTESIAN_POINT('',(0.850000027127153,0.,0.954883864589719));
#3101=CARTESIAN_POINT('Origin',(1.3017061856327,0.015,-33.9402386906086));
#3102=CARTESIAN_POINT('Origin',(1.32608363801285,0.15,-33.9378993399729));
#3103=CARTESIAN_POINT('',(1.20096927280804,0.15,0.935432812098018));
#3104=CARTESIAN_POINT('Origin',(1.32608363801285,0.15,-33.9378993399729));
#3105=CARTESIAN_POINT('',(1.20096927280804,0.015,0.935432812098018));
#3106=CARTESIAN_POINT('',(1.20096927280804,0.1,0.935432812098018));
#3107=CARTESIAN_POINT('Origin',(1.32608363801285,0.015,-33.9378993399729));
#3108=CARTESIAN_POINT('Origin',(1.02548464996181,0.015,0.945034680718288));
#3109=CARTESIAN_POINT('',(0.850000027127153,0.015,-1.32748265964086));
#3110=CARTESIAN_POINT('',(1.20096927280804,0.015,-1.32748265964086));
#3111=CARTESIAN_POINT('Origin',(1.20096927280804,0.0148206613475077,-3.6));
#3112=CARTESIAN_POINT('',(1.20096927280804,0.0148206613475077,0.800000000000001));
#3113=CARTESIAN_POINT('',(1.20096927280804,0.0148206613475077,-3.6));
#3114=CARTESIAN_POINT('',(0.850000027127153,0.0148206613475077,0.800000000000001));
#3115=CARTESIAN_POINT('',(1.11322696138782,0.0148206613475077,0.800000000000001));
#3116=CARTESIAN_POINT('',(0.850000027127153,0.0148206613475077,-3.6));
#3117=CARTESIAN_POINT('Origin',(0.850000027127153,0.0108206613475077,-3.6));
#3118=CARTESIAN_POINT('',(0.850000027127153,0.015,0.800000000000001));
#3119=CARTESIAN_POINT('',(0.850000027127153,0.0331154968084882,0.800000000000001));
#3120=CARTESIAN_POINT('',(0.850000027127153,0.015,-1.16849830211318));
#3121=CARTESIAN_POINT('Origin',(1.0254846499676,0.0554103322694688,0.800000000000001));
#3122=CARTESIAN_POINT('',(1.20096927280804,0.015,0.800000000000001));
#3123=CARTESIAN_POINT('',(1.20096927280804,0.0777051677304493,0.800000000000001));
#3124=CARTESIAN_POINT('',(1.27609057822549,0.015,0.800000000000001));
#3125=CARTESIAN_POINT('Origin',(1.52669650648339,0.15,1.26300339577363));
#3126=CARTESIAN_POINT('',(4.40000014042291,0.15,0.299999961702843));
#3127=CARTESIAN_POINT('',(4.40000014042291,0.15,0.781501678738235));
#3128=CARTESIAN_POINT('',(4.19995642357211,0.15,0.299999961702843));
#3129=CARTESIAN_POINT('',(2.86332646502775,0.15,0.299999961702844));
#3130=CARTESIAN_POINT('',(0.283672865697519,0.15,0.221682740769797));
#3131=CARTESIAN_POINT('',(0.915344155203731,0.15,0.234314803593205));
#3132=CARTESIAN_POINT('',(-1.34660712745613,0.15,1.37510293810412));
#3133=CARTESIAN_POINT('Origin',(0.250049882322322,0.15,1.90301330115279));
#3134=CARTESIAN_POINT('',(-0.601649106883277,0.15,2.29549753319652));
#3135=CARTESIAN_POINT('Origin',(-0.173521821480132,0.15,1.18729764580983));
#3136=CARTESIAN_POINT('',(-0.490048088948617,0.15,2.04706601115916));
#3137=CARTESIAN_POINT('Origin',(-0.552505883240859,0.15,2.16829117012844));
#3138=CARTESIAN_POINT('Origin',(-0.206251091814575,0.15,1.57951777850042));
#3139=CARTESIAN_POINT('',(-0.566709154036559,0.15,1.13125014246134));
#3140=CARTESIAN_POINT('Origin',(0.0539502607048197,0.15,1.8993644836823));
#3141=CARTESIAN_POINT('',(-0.490605678542206,0.15,2.07763141346135));
#3142=CARTESIAN_POINT('Origin',(-0.223940211363777,0.15,1.57993687129246));
#3143=CARTESIAN_POINT('',(-0.601649106883277,0.15,2.28006590993194));
#3144=CARTESIAN_POINT('Origin',(-0.570059460868979,0.15,2.16572096388973));
#3145=CARTESIAN_POINT('',(-1.30896897442872,0.15,1.37510293810412));
#3146=CARTESIAN_POINT('Origin',(-0.0241252782698424,0.15,1.09977036313868));
#3147=CARTESIAN_POINT('',(-1.01769029005072,0.15,0.84795117052974));
#3148=CARTESIAN_POINT('Origin',(0.268432625266217,0.15,1.90264993839142));
#3149=CARTESIAN_POINT('',(-0.034206176808154,0.15,0.270213356756787));
#3150=CARTESIAN_POINT('Origin',(0.266265587340506,0.15,1.90766926702854));
#3151=CARTESIAN_POINT('',(0.226612772525464,0.15,0.244313555865232));
#3152=CARTESIAN_POINT('Origin',(0.260512264747836,0.15,1.91190521551091));
#3153=CARTESIAN_POINT('',(4.3625918094062,0.15,0.328208401695449));
#3154=CARTESIAN_POINT('',(2.95470419303571,0.15,0.299650589030429));
#3155=CARTESIAN_POINT('',(4.3625918094062,0.15,0.400000127657192));
#3156=CARTESIAN_POINT('',(4.3625918094062,0.15,1.01881220526832));
#3157=CARTESIAN_POINT('',(4.39989626728306,0.15,0.400000127657192));
#3158=CARTESIAN_POINT('',(2.96329638688323,0.15,0.400000127657192));
#3159=CARTESIAN_POINT('',(4.39989626728306,0.15,0.6993407239407));
#3160=CARTESIAN_POINT('',(4.39989626728306,0.15,0.906336910786288));
#3161=CARTESIAN_POINT('',(4.3625918094062,0.15,0.6993407239407));
#3162=CARTESIAN_POINT('',(2.96329638688323,0.15,0.6993407239407));
#3163=CARTESIAN_POINT('',(4.3625918094062,0.15,0.80320840169544));
#3164=CARTESIAN_POINT('',(4.3625918094062,0.15,1.01881220526832));
#3165=CARTESIAN_POINT('Origin',(1.32608363801642,0.15,-33.9378993402766));
#3166=CARTESIAN_POINT('Origin',(1.32608363801642,0.1,-33.9378993402766));
#3167=CARTESIAN_POINT('',(4.3625918094062,0.015,0.80320840169544));
#3168=CARTESIAN_POINT('',(4.3625918094062,0.1,0.80320840169544));
#3169=CARTESIAN_POINT('Origin',(1.32608363801642,0.015,-33.9378993402766));
#3170=CARTESIAN_POINT('Origin',(4.39989626728306,0.10000000319143,0.6993407239407));
#3171=CARTESIAN_POINT('',(4.39989626728306,0.0246970011286793,0.6993407239407));
#3172=CARTESIAN_POINT('',(4.39989626728306,0.10000000319143,0.6993407239407));
#3173=CARTESIAN_POINT('',(4.3625918094062,0.0246970011286793,0.6993407239407));
#3174=CARTESIAN_POINT('',(4.39989626728306,0.0246970011286793,0.6993407239407));
#3175=CARTESIAN_POINT('',(4.3625918094062,0.100000001595715,0.6993407239407));
#3176=CARTESIAN_POINT('Origin',(4.39989626728306,0.0623485021600546,0.549670425798946));
#3177=CARTESIAN_POINT('',(4.39989626728306,0.0246970011286793,0.400000127657192));
#3178=CARTESIAN_POINT('',(4.39989626728306,0.0246970011286793,0.400000127657192));
#3179=CARTESIAN_POINT('',(4.39989626728306,0.0246970011286793,0.6993407239407));
#3180=CARTESIAN_POINT('Origin',(4.39989626728306,0.0246970011286793,0.400000127657192));
#3181=CARTESIAN_POINT('',(4.3625918094062,0.0246970011286793,0.400000127657192));
#3182=CARTESIAN_POINT('',(4.3625918094062,0.0623485005643397,0.400000127657192));
#3183=CARTESIAN_POINT('',(4.39989626728306,0.0246970011286793,0.400000127657192));
#3184=CARTESIAN_POINT('Origin',(4.3625918094062,0.1,0.774621014763016));
#3185=CARTESIAN_POINT('',(4.3625918094062,0.0246970011286793,0.736980869351858));
#3186=CARTESIAN_POINT('',(4.3625918094062,0.015,0.328208401695449));
#3187=CARTESIAN_POINT('',(4.3625918094062,0.1,0.328208401695449));
#3188=CARTESIAN_POINT('',(4.3625918094062,0.015,0.328208401695449));
#3189=CARTESIAN_POINT('Origin',(4.3625918094062,0.1,0.328208401695449));
#3190=CARTESIAN_POINT('',(0.226612772525464,0.015,0.244313555865232));
#3191=CARTESIAN_POINT('',(0.226612772525464,0.1,0.244313555865232));
#3192=CARTESIAN_POINT('',(4.3625918094062,0.015,0.328208401695449));
#3193=CARTESIAN_POINT('Origin',(0.260512264747836,0.1,1.91190521551091));
#3194=CARTESIAN_POINT('',(-0.0342061768081543,0.015,0.270213356756787));
#3195=CARTESIAN_POINT('',(-0.0342061768081541,0.1,0.270213356756787));
#3196=CARTESIAN_POINT('Origin',(0.260512264747836,0.015,1.91190521551091));
#3197=CARTESIAN_POINT('Origin',(0.266265587340506,0.1,1.90766926702854));
#3198=CARTESIAN_POINT('',(-1.01769029005072,0.015,0.84795117052974));
#3199=CARTESIAN_POINT('',(-1.01769029005072,0.1,0.84795117052974));
#3200=CARTESIAN_POINT('Origin',(0.266265587340506,0.015,1.90766926702854));
#3201=CARTESIAN_POINT('Origin',(0.268432625266217,0.1,1.90264993839142));
#3202=CARTESIAN_POINT('',(-1.30896897442872,0.015,1.37510293810412));
#3203=CARTESIAN_POINT('',(-1.30896897442872,0.1,1.37510293810412));
#3204=CARTESIAN_POINT('Origin',(0.268432625266217,0.015,1.90264993839142));
#3205=CARTESIAN_POINT('Origin',(-0.0241252782698424,0.1,1.09977036313868));
#3206=CARTESIAN_POINT('',(-0.601649106883277,0.015,2.28006590993194));
#3207=CARTESIAN_POINT('',(-0.601649106883277,0.1,2.28006590993194));
#3208=CARTESIAN_POINT('Origin',(-0.0241252782698424,0.015,1.09977036313868));
#3209=CARTESIAN_POINT('Origin',(-0.570059460868979,0.1,2.16572096388973));
#3210=CARTESIAN_POINT('',(-0.490605678542206,0.015,2.07763141346135));
#3211=CARTESIAN_POINT('',(-0.490605678542206,0.1,2.07763141346135));
#3212=CARTESIAN_POINT('Origin',(-0.570059460868979,0.015,2.16572096388973));
#3213=CARTESIAN_POINT('Origin',(-0.223940211363777,0.1,1.57993687129246));
#3214=CARTESIAN_POINT('',(-0.566709154036559,0.015,1.13125014246134));
#3215=CARTESIAN_POINT('',(-0.566709154036559,0.1,1.13125014246134));
#3216=CARTESIAN_POINT('Origin',(-0.223940211363777,0.015,1.57993687129246));
#3217=CARTESIAN_POINT('Origin',(0.0539502607048197,0.1,1.8993644836823));
#3218=CARTESIAN_POINT('Origin',(0.0539502607048197,0.015,1.8993644836823));
#3219=CARTESIAN_POINT('Origin',(1.20096927280804,0.10000000319143,-3.6));
#3220=CARTESIAN_POINT('',(1.20096927280804,0.015,-1.16849830211318));
#3221=CARTESIAN_POINT('Origin',(0.250049882322322,0.039,1.90301330115279));
#3222=CARTESIAN_POINT('',(-1.34660712745613,0.039,1.37510293810412));
#3223=CARTESIAN_POINT('',(-1.33069881910616,0.,1.45626113603805));
#3224=CARTESIAN_POINT('Ctrl Pts',(-1.34660712745613,0.039,1.37510293810412));
#3225=CARTESIAN_POINT('Ctrl Pts',(-1.34660712745613,0.0371131160132511,
1.37510293810412));
#3226=CARTESIAN_POINT('Ctrl Pts',(-1.34656016864827,0.0352468661420699,
1.37539690262778));
#3227=CARTESIAN_POINT('Ctrl Pts',(-1.34633735641478,0.0307832829032564,
1.37678212643477));
#3228=CARTESIAN_POINT('Ctrl Pts',(-1.34611991447366,0.0283419132407656,
1.37812874961842));
#3229=CARTESIAN_POINT('Ctrl Pts',(-1.34542980729194,0.0227247816335719,
1.38233166515024));
#3230=CARTESIAN_POINT('Ctrl Pts',(-1.34487579784145,0.0197910621254579,
1.38564676425556));
#3231=CARTESIAN_POINT('Ctrl Pts',(-1.34325464635264,0.0131651923165707,
1.39505009087519));
#3232=CARTESIAN_POINT('Ctrl Pts',(-1.34191050532411,0.00955974346635623,
1.40258271182574));
#3233=CARTESIAN_POINT('Ctrl Pts',(-1.33765745248663,0.00237450476716126,
1.42472894270376));
#3234=CARTESIAN_POINT('Ctrl Pts',(-1.3343927280514,1.28205542058156E-17,
1.44036862044372));
#3235=CARTESIAN_POINT('Ctrl Pts',(-1.33069881910616,1.0329800226043E-17,
1.45626113603805));
#3236=CARTESIAN_POINT('',(0.283672865697519,0.039,0.221682740769797));
#3237=CARTESIAN_POINT('Origin',(0.250049882322322,0.039,1.90301330115279));
#3238=CARTESIAN_POINT('',(0.282893105751166,0.,0.260674944790935));
#3239=CARTESIAN_POINT('Origin',(0.282893105751166,0.039,0.260674944790935));
#3240=CARTESIAN_POINT('Origin',(0.250049882322322,0.,1.90301330115279));
#3241=CARTESIAN_POINT('Origin',(0.914564395257378,0.039,0.273307007614343));
#3242=CARTESIAN_POINT('',(2.2493561046987,0.,0.299999961702845));
#3243=CARTESIAN_POINT('',(4.19995642357211,0.039,0.299999961702843));
#3244=CARTESIAN_POINT('Origin',(2.2493561046987,0.039,0.299999961702845));
#3245=CARTESIAN_POINT('',(0.914564395257378,0.,0.273307007614343));
#3246=CARTESIAN_POINT('',(0.915344155203731,0.039,0.234314803593205));
#3247=CARTESIAN_POINT('Origin',(1.52669650648339,0.,1.26300339577363));
#3248=CARTESIAN_POINT('',(4.40000014042291,0.,0.299999961702843));
#3249=CARTESIAN_POINT('',(4.19995642357211,0.,0.299999961702843));
#3250=CARTESIAN_POINT('',(4.40000014042291,0.,0.299999961702843));
#3251=CARTESIAN_POINT('',(-0.490048088948617,0.,2.04706601115916));
#3252=CARTESIAN_POINT('Origin',(-0.206251091814575,0.,1.57951777850042));
#3253=CARTESIAN_POINT('',(-0.601649106883277,0.,2.29549753319652));
#3254=CARTESIAN_POINT('Origin',(-0.552505883240859,0.,2.16829117012844));
#3255=CARTESIAN_POINT('Origin',(-0.173521821480132,0.,1.18729764580983));
#3256=CARTESIAN_POINT('Origin',(-0.173521821480132,0.,1.18729764580983));
#3257=CARTESIAN_POINT('',(-1.34660712745613,0.,1.37510293810412));
#3258=CARTESIAN_POINT('',(-0.601649106883277,0.,2.29549753319652));
#3259=CARTESIAN_POINT('Origin',(0.250049882322322,0.,1.90301330115279));
#3260=CARTESIAN_POINT('',(0.283672865697519,0.,0.221682740769797));
#3261=CARTESIAN_POINT('Origin',(4.39989626728306,0.0246970011286793,0.6993407239407));
#3262=CARTESIAN_POINT('Origin',(4.18442893542924,0.015,0.548481433571192));
#3263=CARTESIAN_POINT('Origin',(-0.206251091814575,0.,1.57951777850042));
#3264=CARTESIAN_POINT('',(-0.490048088948617,0.,2.04706601115916));
#3265=CARTESIAN_POINT('Origin',(4.40000014042291,0.,0.299999961702843));
#3266=CARTESIAN_POINT('',(4.40000014042291,0.,0.299999961702843));
#3267=CARTESIAN_POINT('Origin',(4.19995642357211,0.,0.299999961702843));
#3268=CARTESIAN_POINT('',(4.19995642357211,0.,0.299999961702843));
#3269=CARTESIAN_POINT('Origin',(0.283672865697519,0.,0.221682740769806));
#3270=CARTESIAN_POINT('Origin',(-0.552505883240859,0.,2.16829117012844));
#3271=CARTESIAN_POINT('Origin',(3.20885015608224,0.0108206613475077,3.04515491494372));
#3272=CARTESIAN_POINT('',(-0.105566008283622,0.0108206613475077,2.97887374322245));
#3273=CARTESIAN_POINT('',(3.20885015608224,0.0108206613475077,3.04515491494373));
#3274=CARTESIAN_POINT('',(2.57717886657602,0.0108206613475077,3.03252285212032));
#3275=CARTESIAN_POINT('',(3.20885015608224,0.0208206613475077,3.04515491494373));
#3276=CARTESIAN_POINT('',(3.20885015608224,0.0108206613475077,3.04515491494373));
#3277=CARTESIAN_POINT('',(-0.105566008283622,0.0208206613475077,2.97887374322245));
#3278=CARTESIAN_POINT('',(2.57717886657602,0.0208206613475077,3.03252285212032));
#3279=CARTESIAN_POINT('',(-0.105566008283622,0.0108206613475077,2.97887374322245));
#3280=CARTESIAN_POINT('Origin',(3.24223244444356,0.0108206613475077,1.37586040377251));
#3281=CARTESIAN_POINT('',(4.82161721356237,0.0108206613475077,1.91734197619961));
#3282=CARTESIAN_POINT('Origin',(3.24223244444356,0.0108206613475077,1.37586040377251));
#3283=CARTESIAN_POINT('',(4.82161721356237,0.0208206613475077,1.91734197619961));
#3284=CARTESIAN_POINT('',(4.82161721356237,0.0108206613475077,1.91734197619961));
#3285=CARTESIAN_POINT('Origin',(3.24223244444356,0.0208206613475077,1.37586040377251));
#3286=CARTESIAN_POINT('Ctrl Pts',(4.82344596691756,0.0108206613475122,1.89902997153115));
#3287=CARTESIAN_POINT('Ctrl Pts',(4.82344596691756,0.0208206613475122,1.89902997153115));
#3288=CARTESIAN_POINT('Ctrl Pts',(4.82378542787658,0.0108206613475122,1.90107090732418));
#3289=CARTESIAN_POINT('Ctrl Pts',(4.82378542787658,0.0208206613475122,1.90107090732418));
#3290=CARTESIAN_POINT('Ctrl Pts',(4.82391632174118,0.0108206613475071,1.90313871879761));
#3291=CARTESIAN_POINT('Ctrl Pts',(4.82391632174118,0.0208206613475071,1.90313871879761));
#3292=CARTESIAN_POINT('Ctrl Pts',(4.82382092843534,0.0108206613475071,1.90704808630962));
#3293=CARTESIAN_POINT('Ctrl Pts',(4.82382092843534,0.0208206613475071,1.90704808630962));
#3294=CARTESIAN_POINT('Ctrl Pts',(4.82363238168694,0.0108206613475072,1.90888732846426));
#3295=CARTESIAN_POINT('Ctrl Pts',(4.82363238168694,0.0208206613475072,1.90888732846426));
#3296=CARTESIAN_POINT('Ctrl Pts',(4.82293541557892,0.0108206613475072,1.91295049936957));
#3297=CARTESIAN_POINT('Ctrl Pts',(4.82293541557892,0.0208206613475072,1.91295049936957));
#3298=CARTESIAN_POINT('Ctrl Pts',(4.82235682863773,0.0108206613475067,1.91518467880574));
#3299=CARTESIAN_POINT('Ctrl Pts',(4.82235682863773,0.0208206613475067,1.91518467880574));
#3300=CARTESIAN_POINT('Ctrl Pts',(4.82161721356237,0.0108206613475067,1.91734197619961));
#3301=CARTESIAN_POINT('Ctrl Pts',(4.82161721356237,0.0208206613475067,1.91734197619961));
#3302=CARTESIAN_POINT('',(4.82344596691998,0.0108206613486293,1.89902997153029));
#3303=CARTESIAN_POINT('Ctrl Pts',(4.82161721356237,0.0108206613475067,1.91734197619961));
#3304=CARTESIAN_POINT('Ctrl Pts',(4.82235682863773,0.0108206613475067,1.91518467880574));
#3305=CARTESIAN_POINT('Ctrl Pts',(4.82293541557892,0.0108206613475072,1.91295049936957));
#3306=CARTESIAN_POINT('Ctrl Pts',(4.82332123355402,0.0108206613475072,1.91070125890699));
#3307=CARTESIAN_POINT('Ctrl Pts',(4.82363238168694,0.0108206613475072,1.90888732846426));
#3308=CARTESIAN_POINT('Ctrl Pts',(4.82382092843534,0.0108206613475071,1.90704808630962));
#3309=CARTESIAN_POINT('Ctrl Pts',(4.82386584370224,0.0108206613475071,1.90520738812154));
#3310=CARTESIAN_POINT('Ctrl Pts',(4.82391632174118,0.0108206613475071,1.90313871879761));
#3311=CARTESIAN_POINT('Ctrl Pts',(4.82378542787658,0.0108206613475122,1.90107090732418));
#3312=CARTESIAN_POINT('Ctrl Pts',(4.82344596691756,0.0108206613475122,1.89902997153115));
#3313=CARTESIAN_POINT('',(4.82344596691998,0.0208206613486293,1.89902997153029));
#3314=CARTESIAN_POINT('',(4.82344596691998,0.0108206613486293,1.89902997153029));
#3315=CARTESIAN_POINT('Ctrl Pts',(4.82344596691756,0.0208206613475122,1.89902997153115));
#3316=CARTESIAN_POINT('Ctrl Pts',(4.82378542787658,0.0208206613475122,1.90107090732418));
#3317=CARTESIAN_POINT('Ctrl Pts',(4.82391632174118,0.0208206613475071,1.90313871879761));
#3318=CARTESIAN_POINT('Ctrl Pts',(4.82386584370224,0.0208206613475071,1.90520738812154));
#3319=CARTESIAN_POINT('Ctrl Pts',(4.82382092843534,0.0208206613475071,1.90704808630962));
#3320=CARTESIAN_POINT('Ctrl Pts',(4.82363238168694,0.0208206613475072,1.90888732846426));
#3321=CARTESIAN_POINT('Ctrl Pts',(4.82332123355402,0.0208206613475072,1.91070125890699));
#3322=CARTESIAN_POINT('Ctrl Pts',(4.82293541557892,0.0208206613475072,1.91295049936957));
#3323=CARTESIAN_POINT('Ctrl Pts',(4.82235682863773,0.0208206613475067,1.91518467880574));
#3324=CARTESIAN_POINT('Ctrl Pts',(4.82161721356237,0.0208206613475067,1.91734197619961));
#3325=CARTESIAN_POINT('Origin',(3.66580414824602,0.0108206613475077,2.09157605911546));
#3326=CARTESIAN_POINT('',(4.08871391561476,0.0108206613475077,0.996881624651993));
#3327=CARTESIAN_POINT('Origin',(3.66580414824602,0.0108206613475077,2.09157605911546));
#3328=CARTESIAN_POINT('',(4.08871391561476,0.0208206613475077,0.996881624651993));
#3329=CARTESIAN_POINT('',(4.08871391561476,0.0108206613475077,0.996881624651993));
#3330=CARTESIAN_POINT('Origin',(3.66580414824602,0.0208206613475077,2.09157605911546));
#3331=CARTESIAN_POINT('Origin',(4.04478821000674,0.0108206613475077,1.11058253479686));
#3332=CARTESIAN_POINT('',(3.98896153683264,0.0108206613475077,1.21893726308891));
#3333=CARTESIAN_POINT('Origin',(4.04478821000674,0.0108206613475077,1.11058253479686));
#3334=CARTESIAN_POINT('',(3.98896153683264,0.0208206613475077,1.21893726308891));
#3335=CARTESIAN_POINT('',(3.98896153683264,0.0108206613475077,1.21893726308891));
#3336=CARTESIAN_POINT('Origin',(4.04478821000674,0.0208206613475077,1.11058253479686));
#3337=CARTESIAN_POINT('Origin',(3.9823304157145,0.0108206613475077,1.23180769376613));
#3338=CARTESIAN_POINT('',(3.99460656672687,0.0108206613671481,1.23948336104259));
#3339=CARTESIAN_POINT('Origin',(3.9823304157145,0.0108206613475077,1.23180769376613));
#3340=CARTESIAN_POINT('',(3.99460656672687,0.0208206613671481,1.23948336104259));
#3341=CARTESIAN_POINT('',(3.99460656672687,0.0108206613671481,1.23948336104259));
#3342=CARTESIAN_POINT('Origin',(3.9823304157145,0.0208206613475077,1.23180769376613));
#3343=CARTESIAN_POINT('Origin',(2.29131305395785,0.0208206613475077,6.8788737049253));
#3344=CARTESIAN_POINT('',(-0.907717813657025,0.0208206613475077,2.45887374322245));
#3345=CARTESIAN_POINT('',(3.3920004686528,0.0208206613475077,2.34175303188388));
#3346=CARTESIAN_POINT('Origin',(2.19057614113312,0.0208206613475077,37.2191123955106));
#3347=CARTESIAN_POINT('',(-0.907717813657025,0.0208206613475077,2.97887374322245));
#3348=CARTESIAN_POINT('',(-0.907717813657025,0.0208206613475077,2.50387370731887));
#3349=CARTESIAN_POINT('',(0.692304092639821,0.0208206613475077,2.97887374322245));
#3350=CARTESIAN_POINT('',(3.98288800530809,0.0208206613475077,2.16656525258561));
#3351=CARTESIAN_POINT('Origin',(3.69853341858046,0.0208206613475077,1.69935592642488));
#3352=CARTESIAN_POINT('Origin',(3.42545708121288,0.0208206613475077,1.37050763568046));
#3353=CARTESIAN_POINT('Ctrl Pts',(4.82161721356237,0.0108206613475061,1.91734197619961));
#3354=CARTESIAN_POINT('Ctrl Pts',(4.82285558206153,0.011609478458316,1.9162720569436));
#3355=CARTESIAN_POINT('Ctrl Pts',(4.82463077702261,0.0129354448811292,1.91474673045436));
#3356=CARTESIAN_POINT('Ctrl Pts',(4.82851674783771,0.0165896236813253,1.91141246225838));
#3357=CARTESIAN_POINT('Ctrl Pts',(4.8310290154941,0.019843745846827,1.90925000347295));
#3358=CARTESIAN_POINT('Ctrl Pts',(4.83283845997736,0.0231881663013716,1.90767866473506));
#3359=CARTESIAN_POINT('Ctrl Pts',(4.81483482898614,0.00396059647674939,
1.9150166807194));
#3360=CARTESIAN_POINT('Ctrl Pts',(4.81657512309945,0.00479398907761665,
1.91389966351501));
#3361=CARTESIAN_POINT('Ctrl Pts',(4.81908715342346,0.00623563923908132,
1.9123037115358));
#3362=CARTESIAN_POINT('Ctrl Pts',(4.82461400719181,0.0103981655921215,1.90879873263509));
#3363=CARTESIAN_POINT('Ctrl Pts',(4.82823348130406,0.0142380619378619,1.90651590295894));
#3364=CARTESIAN_POINT('Ctrl Pts',(4.8308469080421,0.0183133716076681,1.90484961491471));
#3365=CARTESIAN_POINT('Ctrl Pts',(4.80549971310034,-5.40885596913979E-16,
1.91181619827367));
#3366=CARTESIAN_POINT('Ctrl Pts',(4.80782292600219,0.000570682194289675,
1.91077511361045));
#3367=CARTESIAN_POINT('Ctrl Pts',(4.81121887886014,0.00171445151386862,
1.90925794201669));
#3368=CARTESIAN_POINT('Ctrl Pts',(4.81880908076918,0.00552926113152585,
1.90585387904352));
#3369=CARTESIAN_POINT('Ctrl Pts',(4.82389229067259,0.00951580760733429,
1.90356085658072));
#3370=CARTESIAN_POINT('Ctrl Pts',(4.82760535556223,0.0140450781843863,1.90186476384992));
#3371=CARTESIAN_POINT('Ctrl Pts',(4.79611294211416,-6.55643518479423E-17,
1.90859800622003));
#3372=CARTESIAN_POINT('Ctrl Pts',(4.79877491920812,-2.18428028156624E-16,
1.90767775998527));
#3373=CARTESIAN_POINT('Ctrl Pts',(4.80277184331368,0.000389272473887065,
1.90629084501814));
#3374=CARTESIAN_POINT('Ctrl Pts',(4.81201519291672,0.00280246931347375,
1.90306619638121));
#3375=CARTESIAN_POINT('Ctrl Pts',(4.81853890145009,0.00627737959542177,
1.90076908050385));
#3376=CARTESIAN_POINT('Ctrl Pts',(4.82344596691946,0.0108206613492652,1.89902997153048));
#3377=CARTESIAN_POINT('',(4.79611294211416,0.,1.90859800622003));
#3378=CARTESIAN_POINT('Origin',(4.79611294211416,0.039,1.90859800622003));
#3379=CARTESIAN_POINT('Ctrl Pts',(4.82344596691946,0.0108206613492652,1.89902997153048));
#3380=CARTESIAN_POINT('Ctrl Pts',(4.81853890145009,0.00627737959542177,
1.90076908050385));
#3381=CARTESIAN_POINT('Ctrl Pts',(4.81201519291672,0.00280246931347375,
1.90306619638121));
#3382=CARTESIAN_POINT('Ctrl Pts',(4.80277184331368,0.000389272473887065,
1.90629084501814));
#3383=CARTESIAN_POINT('Ctrl Pts',(4.79877491920812,-2.18428028156624E-16,
1.90767775998527));
#3384=CARTESIAN_POINT('Ctrl Pts',(4.79611294211416,-6.55643518479423E-17,
1.90859800622003));
#3385=CARTESIAN_POINT('Origin',(3.66580414824602,0.043,2.09157605911546));
#3386=CARTESIAN_POINT('',(4.07843555124594,0.,1.02348698858091));
#3387=CARTESIAN_POINT('Origin',(3.66580414824602,0.,2.09157605911546));
#3388=CARTESIAN_POINT('Origin',(4.07843555124594,0.043,1.02348698858091));
#3389=CARTESIAN_POINT('Origin',(4.04478821000674,0.043,1.11058253479686));
#3390=CARTESIAN_POINT('',(4.002024659677,0.,1.19358287519566));
#3391=CARTESIAN_POINT('Origin',(4.04478821000674,0.,1.11058253479686));
#3392=CARTESIAN_POINT('Origin',(4.002024659677,0.043,1.19358287519566));
#3393=CARTESIAN_POINT('Ctrl Pts',(3.99440220353546,0.0108206613867881,1.23980092156367));
#3394=CARTESIAN_POINT('Ctrl Pts',(3.99797154132109,0.0108206613867881,1.23441032223372));
#3395=CARTESIAN_POINT('Ctrl Pts',(3.99634015380388,0.0108206613867881,1.22815434044564));
#3396=CARTESIAN_POINT('Ctrl Pts',(3.99470876628667,0.0108206613867881,1.22189835865757));
#3397=CARTESIAN_POINT('Ctrl Pts',(3.98896153681234,0.0108206613867881,1.2189372631283));
#3398=CARTESIAN_POINT('Ctrl Pts',(4.00458132411683,-5.48495250344231E-17,
1.24654093644732));
#3399=CARTESIAN_POINT('Ctrl Pts',(4.01116038343291,-5.39830533680101E-17,
1.23660489932478));
#3400=CARTESIAN_POINT('Ctrl Pts',(4.00815338440737,-5.33340077483675E-17,
1.2250737757002));
#3401=CARTESIAN_POINT('Ctrl Pts',(4.00514638538183,-5.2684962128725E-17,
1.21354265207563));
#3402=CARTESIAN_POINT('Ctrl Pts',(3.99455300199097,-5.2684962128725E-17,
1.20808471441392));
#3403=CARTESIAN_POINT('Ctrl Pts',(4.01818328748407,0.,1.25554735648225));
#3404=CARTESIAN_POINT('Ctrl Pts',(4.02878412075159,0.,1.23953742743078));
#3405=CARTESIAN_POINT('Ctrl Pts',(4.02393894551089,0.,1.22095733671288));
#3406=CARTESIAN_POINT('Ctrl Pts',(4.0190937702702,0.,1.20237724599497));
#3407=CARTESIAN_POINT('Ctrl Pts',(4.002024659677,0.,1.19358287519566));
#3408=CARTESIAN_POINT('',(4.01818328748407,0.,1.25554735648225));
#3409=CARTESIAN_POINT('Origin',(3.9823304157145,0.,1.23180769376613));
#3410=CARTESIAN_POINT('Ctrl Pts',(3.99460656672687,0.0108206613867881,1.23948336104259));
#3411=CARTESIAN_POINT('Ctrl Pts',(3.99764760267025,0.00761524977332291,
1.24144122753248));
#3412=CARTESIAN_POINT('Ctrl Pts',(4.00110487568357,0.00503908674032923,
1.24371056634125));
#3413=CARTESIAN_POINT('Ctrl Pts',(4.00910461875706,0.00108792986753054,
1.24911779511241));
#3414=CARTESIAN_POINT('Ctrl Pts',(4.0136477493393,-4.79554484279028E-17,
1.25228066838389));
#3415=CARTESIAN_POINT('Ctrl Pts',(4.01818328748407,-6.47106493499222E-17,
1.25554735648225));
#3416=CARTESIAN_POINT('Origin',(3.69853341858046,0.,1.69935592642488));
#3417=CARTESIAN_POINT('',(3.98288800530809,0.,2.16656525258561));
#3418=CARTESIAN_POINT('',(3.98288800530809,0.0108206613475077,2.16656525258561));
#3419=CARTESIAN_POINT('Origin',(3.69853341858046,0.,1.69935592642488));
#3420=CARTESIAN_POINT('Origin',(3.42545708121288,0.,1.37050763568046));
#3421=CARTESIAN_POINT('',(3.3920004686528,0.,2.34175303188388));
#3422=CARTESIAN_POINT('',(3.3920004686528,0.0108206613475077,2.34175303188388));
#3423=CARTESIAN_POINT('Origin',(3.42545708121288,0.,1.37050763568046));
#3424=CARTESIAN_POINT('Origin',(3.24223244444356,0.039,1.37586040377251));
#3425=CARTESIAN_POINT('',(3.20938922101472,0.,3.01819876013436));
#3426=CARTESIAN_POINT('Origin',(3.20938922101472,0.039,3.01819876013436));
#3427=CARTESIAN_POINT('Origin',(3.24223244444356,0.,1.37586040377251));
#3428=CARTESIAN_POINT('Origin',(1.96558582028249,0.,2.01587030915167));
#3429=CARTESIAN_POINT('',(1.24292622206719,0.,2.97887374322245));
#3430=CARTESIAN_POINT('',(2.57771793150851,0.,3.00556669731095));
#3431=CARTESIAN_POINT('',(-0.907717813657025,0.,2.97887374322245));
#3432=CARTESIAN_POINT('',(-0.707674096806229,0.,2.97887374322245));
#3433=CARTESIAN_POINT('',(-0.907717813657025,0.,2.45887374322245));
#3434=CARTESIAN_POINT('',(-0.907717813657025,0.,2.97887374322245));
#3435=CARTESIAN_POINT('Origin',(2.19057614113312,0.,37.2191123955106));
#3436=CARTESIAN_POINT('Origin',(2.57771793150851,0.039,3.00556669731095));
#3437=CARTESIAN_POINT('Origin',(1.24292622206719,0.039,2.97887374322245));
#3438=CARTESIAN_POINT('Origin',(2.19057614113312,0.,37.2191123955106));
#3439=CARTESIAN_POINT('',(-0.907717813657025,0.,2.45887374322245));
#3440=CARTESIAN_POINT('Origin',(-0.907717813657025,0.,2.97887374322245));
#3441=CARTESIAN_POINT('',(-0.907717813657025,0.,2.97887374322245));
#3442=CARTESIAN_POINT('Origin',(-0.707674096806229,0.,2.97887374322245));
#3443=CARTESIAN_POINT('Origin',(4.43994531374743,0.,-0.200954352218003));
#3444=CARTESIAN_POINT('',(4.40648870118734,0.015,-1.17219974842143));
#3445=CARTESIAN_POINT('',(4.50677055930043,0.015,-1.17047554906062));
#3446=CARTESIAN_POINT('Origin',(4.43994531374743,0.015,-0.200954352218003));
#3447=CARTESIAN_POINT('',(4.40648870118734,0.,-1.17219974842143));
#3448=CARTESIAN_POINT('',(4.40648870118734,0.,-1.17219974842143));
#3449=CARTESIAN_POINT('',(4.99737623784264,0.,-0.997011969123159));
#3450=CARTESIAN_POINT('Origin',(4.43994531374743,0.,-0.200954352218003));
#3451=CARTESIAN_POINT('',(4.99737623784264,0.15,-0.997011969123159));
#3452=CARTESIAN_POINT('',(4.99737623784264,0.,-0.997011969123159));
#3453=CARTESIAN_POINT('',(4.50677055930043,0.15,-1.17047554906062));
#3454=CARTESIAN_POINT('Origin',(4.43994531374743,0.15,-0.200954352218003));
#3455=CARTESIAN_POINT('',(4.50677055930043,0.,-1.17047554906062));
#3456=CARTESIAN_POINT('Origin',(3.18068692128402,0.1,-36.0472197617394));
#3457=CARTESIAN_POINT('',(4.12677056389281,0.015,-1.18649867402505));
#3458=CARTESIAN_POINT('',(4.12677056389281,0.15,-1.18649867402505));
#3459=CARTESIAN_POINT('',(4.12677056389281,0.1,-1.18649867402505));
#3460=CARTESIAN_POINT('',(3.65677053217328,0.015,-1.17691300355807));
#3461=CARTESIAN_POINT('Origin',(3.18068692128402,0.015,-36.0472197617394));
#3462=CARTESIAN_POINT('',(3.65677053217328,0.15,-1.17691300355807));
#3463=CARTESIAN_POINT('',(3.65677053217328,0.1,-1.17691300355807));
#3464=CARTESIAN_POINT('Origin',(3.18068692128402,0.15,-36.0472197617394));
#3465=CARTESIAN_POINT('Origin',(4.12677056389281,0.15,-1.20932043233952));
#3466=CARTESIAN_POINT('',(4.12677056389281,0.15,-1.16368698172558));
#3467=CARTESIAN_POINT('',(4.12677056389281,0.15,-1.02781872901437));
#3468=CARTESIAN_POINT('',(4.12677056389281,0.015,-1.16368698172558));
#3469=CARTESIAN_POINT('',(4.12677056389281,0.,-1.16368698172558));
#3470=CARTESIAN_POINT('',(4.12677056389281,0.015,-1.20932043233952));
#3471=CARTESIAN_POINT('Origin',(4.50677055930043,0.15,-1.14932043306463));
#3472=CARTESIAN_POINT('',(4.50677055930043,0.15,-1.19601228488567));
#3473=CARTESIAN_POINT('',(4.50677055930043,0.015,-1.19601228488567));
#3474=CARTESIAN_POINT('',(4.50677055930043,0.1,-1.19601228488567));
#3475=CARTESIAN_POINT('',(4.50677055930043,0.015,-1.14932043306463));
#3476=CARTESIAN_POINT('',(4.50677055930043,0.15,-0.997818729376921));
#3477=CARTESIAN_POINT('Origin',(3.20506437366768,0.,-36.0495591120481));
#3478=CARTESIAN_POINT('Origin',(3.20506437366768,0.015,-36.0495591120481));
#3479=CARTESIAN_POINT('',(0.106770418877522,0.15,-1.28932045976));
#3480=CARTESIAN_POINT('Origin',(3.20506437366768,0.15,-36.0495591120481));
#3481=CARTESIAN_POINT('',(0.106770418877522,0.,-1.28932045976));
#3482=CARTESIAN_POINT('',(0.106770418877522,0.,-1.28932045976));
#3483=CARTESIAN_POINT('Origin',(3.20506437366768,0.,-36.0495591120481));
#3484=CARTESIAN_POINT('',(3.30580128649239,0.0148206613475077,-1.15165847793104));
#3485=CARTESIAN_POINT('',(3.3058012864953,0.015,-1.15165847793105));
#3486=CARTESIAN_POINT('',(3.30580128649239,0.,-1.15165847793104));
#3487=CARTESIAN_POINT('',(3.65677053218513,0.015,-1.15443655687327));
#3488=CARTESIAN_POINT('Origin',(3.20506437366774,0.015,-36.0495591120715));
#3489=CARTESIAN_POINT('',(3.65677053217328,0.0148206613475077,-1.15443655687313));
#3490=CARTESIAN_POINT('',(3.65677053217328,0.,-1.15443655687313));
#3491=CARTESIAN_POINT('Origin',(3.20506437366768,0.0148206613475077,-36.0495591120481));
#3492=CARTESIAN_POINT('Origin',(3.18068692128759,0.15,-36.0472197614357));
#3493=CARTESIAN_POINT('',(3.30580128649239,0.15,-1.17388760936483));
#3494=CARTESIAN_POINT('Origin',(3.18068692128759,0.15,-36.0472197614357));
#3495=CARTESIAN_POINT('',(3.30580128649239,0.015,-1.17388760936483));
#3496=CARTESIAN_POINT('Origin',(3.18068692128759,0.015,-36.0472197614357));
#3497=CARTESIAN_POINT('',(3.30580128649239,0.1,-1.17388760936483));
#3498=CARTESIAN_POINT('Origin',(3.48128590933862,0.015,-1.16428574074456));
#3499=CARTESIAN_POINT('',(3.65677053217328,0.015,-3.4368030811037));
#3500=CARTESIAN_POINT('',(3.30580128649239,0.015,-3.4368030811037));
#3501=CARTESIAN_POINT('Origin',(3.30580128649239,0.0148206613475077,-5.70932042146284));
#3502=CARTESIAN_POINT('',(3.65677053217328,0.0148206613475077,-1.30932042146284));
#3503=CARTESIAN_POINT('',(3.65677053217328,0.0148206613475077,-5.70932042146284));
#3504=CARTESIAN_POINT('',(3.30580128649239,0.0148206613475077,-1.30932042146284));
#3505=CARTESIAN_POINT('',(3.39354359791261,0.0148206613475077,-1.30932042146284));
#3506=CARTESIAN_POINT('',(3.30580128649239,0.0148206613475077,-5.70932042146284));
#3507=CARTESIAN_POINT('Origin',(3.65677053217328,0.0108206613475077,-5.70932042146284));
#3508=CARTESIAN_POINT('',(3.65677053217328,0.015,-1.30932042146284));
#3509=CARTESIAN_POINT('',(3.65677053217328,0.015,-3.27781872357603));
#3510=CARTESIAN_POINT('',(3.65677053217328,0.0331154968084882,-1.30932042146284));
#3511=CARTESIAN_POINT('Origin',(3.48128590933284,0.0554103322694688,-1.30932042146284));
#3512=CARTESIAN_POINT('',(3.30580128649239,0.015,-1.30932042146284));
#3513=CARTESIAN_POINT('',(3.23067998107494,0.015,-1.30932042146284));
#3514=CARTESIAN_POINT('',(3.30580128649239,0.0777051677304493,-1.30932042146284));
#3515=CARTESIAN_POINT('Origin',(2.98007405281704,0.15,-0.846317025689213));
#3516=CARTESIAN_POINT('',(0.144178749894238,0.15,-1.3061120197674));
#3517=CARTESIAN_POINT('Origin',(3.18068692128402,0.15,-36.0472197617394));
#3518=CARTESIAN_POINT('',(0.144178749894237,0.15,-1.40997969752214));
#3519=CARTESIAN_POINT('',(0.144178749894237,0.15,-1.09050821619452));
#3520=CARTESIAN_POINT('',(0.106874292017375,0.15,-1.40997969752214));
#3521=CARTESIAN_POINT('',(1.54347417241721,0.15,-1.40997969752214));
#3522=CARTESIAN_POINT('',(0.106874292017375,0.15,-1.70932029380565));
#3523=CARTESIAN_POINT('',(0.106874292017375,0.15,-1.20298351067656));
#3524=CARTESIAN_POINT('',(0.144178749894237,0.15,-1.70932029380565));
#3525=CARTESIAN_POINT('',(1.54347417241721,0.15,-1.70932029380565));
#3526=CARTESIAN_POINT('',(0.144178749894237,0.15,-1.7811120197674));
#3527=CARTESIAN_POINT('',(0.144178749894237,0.15,-1.09050821619452));
#3528=CARTESIAN_POINT('',(4.28015778677497,0.15,-1.86500686559761));
#3529=CARTESIAN_POINT('',(1.55206636626472,0.15,-1.80966983243241));
#3530=CARTESIAN_POINT('',(4.54097673610859,0.15,-1.83910706470606));
#3531=CARTESIAN_POINT('Origin',(4.2462582945526,0.15,-0.197415205951934));
#3532=CARTESIAN_POINT('',(5.52446084935115,0.15,-1.2613692509331));
#3533=CARTESIAN_POINT('Origin',(4.24050497195993,0.15,-0.201651154434299));
#3534=CARTESIAN_POINT('',(5.81573953372916,0.15,-0.734217483358719));
#3535=CARTESIAN_POINT('Origin',(4.23833793403422,0.15,-0.20667048307142));
#3536=CARTESIAN_POINT('',(5.10841966618371,0.15,0.170745488469099));
#3537=CARTESIAN_POINT('Origin',(4.53089583757028,0.15,-1.00955005832416));
#3538=CARTESIAN_POINT('',(4.99737623784264,0.15,-0.0316890080014916));
#3539=CARTESIAN_POINT('Origin',(5.07683002016941,0.15,0.0564005424268901));
#3540=CARTESIAN_POINT('',(5.07347971333699,0.15,-0.978070279001503));
#3541=CARTESIAN_POINT('Origin',(4.73071077066421,0.15,-0.529383550170381));
#3542=CARTESIAN_POINT('Origin',(4.45282029859561,0.15,-0.209955937780543));
#3543=CARTESIAN_POINT('',(4.99681864824905,0.15,-0.0622544103036804));
#3544=CARTESIAN_POINT('Origin',(4.71302165111501,0.15,-0.529802642962422));
#3545=CARTESIAN_POINT('',(5.10841966618371,0.15,0.186177111733681));
#3546=CARTESIAN_POINT('Origin',(5.05927644254129,0.15,0.0589707486655952));
#3547=CARTESIAN_POINT('',(5.85337768675656,0.15,-0.734217483358719));
#3548=CARTESIAN_POINT('Origin',(4.68029238078056,0.15,-0.922022775653009));
#3549=CARTESIAN_POINT('',(4.22309769360291,0.15,-1.88763768069305));
#3550=CARTESIAN_POINT('Origin',(4.25672067697811,0.15,-0.206307120310056));
#3551=CARTESIAN_POINT('',(0.306814135728319,0.15,-1.80932045976));
#3552=CARTESIAN_POINT('',(3.5914264040967,0.15,-1.87500561786964));
#3553=CARTESIAN_POINT('',(0.106770418877522,0.15,-1.80932045976));
#3554=CARTESIAN_POINT('',(1.64344409427268,0.15,-1.80932045976));
#3555=CARTESIAN_POINT('',(0.106770418877522,0.15,-1.32781874272461));
#3556=CARTESIAN_POINT('Origin',(3.18068692128402,0.1,-36.0472197617394));
#3557=CARTESIAN_POINT('',(0.144178749894238,0.015,-1.3061120197674));
#3558=CARTESIAN_POINT('Origin',(3.18068692128402,0.015,-36.0472197617394));
#3559=CARTESIAN_POINT('',(0.144178749894238,0.1,-1.3061120197674));
#3560=CARTESIAN_POINT('Origin',(0.106874292017375,0.10000000319143,-1.40997969752214));
#3561=CARTESIAN_POINT('',(0.144178749894237,0.0246970011286793,-1.40997969752214));
#3562=CARTESIAN_POINT('',(0.144178749894237,0.100000001595715,-1.40997969752214));
#3563=CARTESIAN_POINT('',(0.106874292017375,0.0246970011286793,-1.40997969752214));
#3564=CARTESIAN_POINT('',(0.106874292017375,0.0246970011286793,-1.40997969752214));
#3565=CARTESIAN_POINT('',(0.106874292017375,0.10000000319143,-1.40997969752214));
#3566=CARTESIAN_POINT('Origin',(0.106874292017375,0.0623485021600546,-1.5596499956639));
#3567=CARTESIAN_POINT('',(0.106874292017375,0.0246970011286793,-1.70932029380565));
#3568=CARTESIAN_POINT('',(0.106874292017375,0.0246970011286793,-1.40997969752214));
#3569=CARTESIAN_POINT('',(0.106874292017375,0.0246970011286793,-1.70932029380565));
#3570=CARTESIAN_POINT('Origin',(0.106874292017375,0.0246970011286793,-1.70932029380565));
#3571=CARTESIAN_POINT('',(0.144178749894237,0.0246970011286793,-1.70932029380565));
#3572=CARTESIAN_POINT('',(0.106874292017375,0.0246970011286793,-1.70932029380565));
#3573=CARTESIAN_POINT('',(0.144178749894237,0.0623485005643397,-1.70932029380565));
#3574=CARTESIAN_POINT('Origin',(0.144178749894237,0.1,-1.33469940669983));
#3575=CARTESIAN_POINT('',(0.144178749894237,0.015,-1.7811120197674));
#3576=CARTESIAN_POINT('',(0.144178749894237,0.015,-1.7811120197674));
#3577=CARTESIAN_POINT('',(0.144178749894237,0.1,-1.7811120197674));
#3578=CARTESIAN_POINT('',(0.144178749894237,0.0246970011286793,-1.37233955211099));
#3579=CARTESIAN_POINT('Origin',(0.144178749894237,0.1,-1.7811120197674));
#3580=CARTESIAN_POINT('',(4.28015778677497,0.015,-1.86500686559761));
#3581=CARTESIAN_POINT('',(0.144178749894237,0.015,-1.7811120197674));
#3582=CARTESIAN_POINT('',(4.28015778677497,0.1,-1.86500686559761));
#3583=CARTESIAN_POINT('Origin',(4.2462582945526,0.1,-0.197415205951934));
#3584=CARTESIAN_POINT('',(4.54097673610859,0.015,-1.83910706470606));
#3585=CARTESIAN_POINT('Origin',(4.2462582945526,0.015,-0.197415205951934));
#3586=CARTESIAN_POINT('',(4.54097673610859,0.1,-1.83910706470606));
#3587=CARTESIAN_POINT('Origin',(4.24050497195993,0.1,-0.201651154434299));
#3588=CARTESIAN_POINT('',(5.52446084935115,0.015,-1.2613692509331));
#3589=CARTESIAN_POINT('Origin',(4.24050497195993,0.015,-0.201651154434299));
#3590=CARTESIAN_POINT('',(5.52446084935115,0.1,-1.2613692509331));
#3591=CARTESIAN_POINT('Origin',(4.23833793403422,0.1,-0.20667048307142));
#3592=CARTESIAN_POINT('',(5.81573953372916,0.015,-0.734217483358719));
#3593=CARTESIAN_POINT('Origin',(4.23833793403422,0.015,-0.20667048307142));
#3594=CARTESIAN_POINT('',(5.81573953372916,0.1,-0.734217483358719));
#3595=CARTESIAN_POINT('Origin',(4.53089583757028,0.1,-1.00955005832416));
#3596=CARTESIAN_POINT('',(5.10841966618371,0.015,0.170745488469099));
#3597=CARTESIAN_POINT('Origin',(4.53089583757028,0.015,-1.00955005832416));
#3598=CARTESIAN_POINT('',(5.10841966618371,0.1,0.170745488469099));
#3599=CARTESIAN_POINT('Origin',(5.07683002016941,0.1,0.0564005424268901));
#3600=CARTESIAN_POINT('',(4.99737623784264,0.015,-0.0316890080014916));
#3601=CARTESIAN_POINT('Origin',(5.07683002016941,0.015,0.0564005424268901));
#3602=CARTESIAN_POINT('',(4.99737623784264,0.1,-0.0316890080014916));
#3603=CARTESIAN_POINT('Origin',(4.73071077066421,0.1,-0.529383550170381));
#3604=CARTESIAN_POINT('',(5.07347971333699,0.015,-0.978070279001503));
#3605=CARTESIAN_POINT('Origin',(4.73071077066421,0.015,-0.529383550170381));
#3606=CARTESIAN_POINT('',(5.07347971333699,0.1,-0.978070279001503));
#3607=CARTESIAN_POINT('Origin',(4.45282029859561,0.1,-0.209955937780543));
#3608=CARTESIAN_POINT('Origin',(4.45282029859561,0.015,-0.209955937780543));
#3609=CARTESIAN_POINT('Origin',(3.30580128649239,0.10000000319143,-5.70932042146284));
#3610=CARTESIAN_POINT('',(3.30580128649239,0.015,-3.27781872357603));
#3611=CARTESIAN_POINT('Origin',(4.25672067697811,0.039,-0.206307120310056));
#3612=CARTESIAN_POINT('',(5.85337768675656,0.039,-0.734217483358719));
#3613=CARTESIAN_POINT('',(5.8374693784066,0.,-0.653059285424794));
#3614=CARTESIAN_POINT('Ctrl Pts',(5.85337768675656,0.039,-0.734217483358717));
#3615=CARTESIAN_POINT('Ctrl Pts',(5.85337768675656,0.0371131160132511,-0.734217483358717));
#3616=CARTESIAN_POINT('Ctrl Pts',(5.8533307279487,0.0352468661420699,-0.733923518835059));
#3617=CARTESIAN_POINT('Ctrl Pts',(5.85310791571522,0.0307832829032564,-0.732538295028076));
#3618=CARTESIAN_POINT('Ctrl Pts',(5.85289047377409,0.0283419132407656,-0.731191671844427));
#3619=CARTESIAN_POINT('Ctrl Pts',(5.85220036659237,0.0227247816335719,-0.7269887563126));
#3620=CARTESIAN_POINT('Ctrl Pts',(5.85164635714188,0.0197910621254579,-0.723673657207281));
#3621=CARTESIAN_POINT('Ctrl Pts',(5.85002520565307,0.0131651923165707,-0.71427033058765));
#3622=CARTESIAN_POINT('Ctrl Pts',(5.84868106462455,0.00955974346635623,
-0.706737709637106));
#3623=CARTESIAN_POINT('Ctrl Pts',(5.84442801178707,0.00237450476716126,
-0.684591478759079));
#3624=CARTESIAN_POINT('Ctrl Pts',(5.84116328735184,3.52139276664924E-17,
-0.668951801019127));
#3625=CARTESIAN_POINT('Ctrl Pts',(5.8374693784066,2.70623691872366E-17,
-0.653059285424794));
#3626=CARTESIAN_POINT('',(4.22387745354927,0.,-1.84864547667191));
#3627=CARTESIAN_POINT('Origin',(4.25672067697811,0.,-0.206307120310056));
#3628=CARTESIAN_POINT('',(4.22309769360291,0.039,-1.88763768069305));
#3629=CARTESIAN_POINT('Origin',(4.22387745354927,0.039,-1.84864547667191));
#3630=CARTESIAN_POINT('Origin',(4.25672067697811,0.039,-0.206307120310056));
#3631=CARTESIAN_POINT('Origin',(3.59220616404305,0.039,-1.8360134138485));
#3632=CARTESIAN_POINT('',(2.25741445460174,0.,-1.80932045976));
#3633=CARTESIAN_POINT('',(0.306814135728319,0.039,-1.80932045976));
#3634=CARTESIAN_POINT('Origin',(2.25741445460174,0.039,-1.80932045976));
#3635=CARTESIAN_POINT('',(3.5914264040967,0.039,-1.87500561786964));
#3636=CARTESIAN_POINT('',(3.59220616404305,0.,-1.8360134138485));
#3637=CARTESIAN_POINT('Origin',(2.98007405281704,0.,-0.846317025689213));
#3638=CARTESIAN_POINT('',(0.106770418877522,0.,-1.80932045976));
#3639=CARTESIAN_POINT('',(0.306814135728319,0.,-1.80932045976));
#3640=CARTESIAN_POINT('',(5.10841966618371,0.,0.186177111733681));
#3641=CARTESIAN_POINT('Origin',(4.68029238078056,0.,-0.922022775653009));
#3642=CARTESIAN_POINT('',(4.99681864824905,0.,-0.0622544103036804));
#3643=CARTESIAN_POINT('Origin',(5.05927644254129,0.,0.0589707486655952));
#3644=CARTESIAN_POINT('Origin',(4.71302165111501,0.,-0.529802642962422));
#3645=CARTESIAN_POINT('',(0.106770418877522,0.,-1.80932045976));
#3646=CARTESIAN_POINT('Origin',(4.68029238078056,0.,-0.922022775653009));
#3647=CARTESIAN_POINT('',(5.10841966618371,0.,0.186177111733681));
#3648=CARTESIAN_POINT('',(5.85337768675656,0.,-0.734217483358719));
#3649=CARTESIAN_POINT('Origin',(4.25672067697811,0.,-0.206307120310056));
#3650=CARTESIAN_POINT('',(4.22309769360291,0.,-1.88763768069305));
#3651=CARTESIAN_POINT('Origin',(0.106874292017375,0.0246970011286793,-1.40997969752214));
#3652=CARTESIAN_POINT('Origin',(0.322341623871192,0.015,-1.56083898789165));
#3653=CARTESIAN_POINT('Origin',(4.71302165111501,0.,-0.529802642962422));
#3654=CARTESIAN_POINT('',(4.99681864824905,0.,-0.0622544103036804));
#3655=CARTESIAN_POINT('Origin',(0.106770418877522,0.,-1.80932045976));
#3656=CARTESIAN_POINT('',(0.106770418877522,0.,-1.80932045976));
#3657=CARTESIAN_POINT('Origin',(0.306814135728319,0.,-1.80932045976));
#3658=CARTESIAN_POINT('',(0.306814135728319,0.,-1.80932045976));
#3659=CARTESIAN_POINT('Origin',(4.22309769360291,0.,-1.88763768069304));
#3660=CARTESIAN_POINT('Origin',(5.05927644254129,0.,0.0589707486655952));
#3661=UNCERTAINTY_MEASURE_WITH_UNIT(LENGTH_MEASURE(0.000393700787401575),
#3666,'DISTANCE_ACCURACY_VALUE',
'Maximum model space distance between geometric entities at asserted c
onnectivities');
#3662=UNCERTAINTY_MEASURE_WITH_UNIT(LENGTH_MEASURE(0.000393700787401575),
#3666,'DISTANCE_ACCURACY_VALUE',
'Maximum model space distance between geometric entities at asserted c
onnectivities');
#3663=(
GEOMETRIC_REPRESENTATION_CONTEXT(3)
GLOBAL_UNCERTAINTY_ASSIGNED_CONTEXT((#3661))
GLOBAL_UNIT_ASSIGNED_CONTEXT((#3666,#3670,#3671))
REPRESENTATION_CONTEXT('','3D')
);
#3664=(
GEOMETRIC_REPRESENTATION_CONTEXT(3)
GLOBAL_UNCERTAINTY_ASSIGNED_CONTEXT((#3662))
GLOBAL_UNIT_ASSIGNED_CONTEXT((#3666,#3670,#3671))
REPRESENTATION_CONTEXT('','3D')
);
#3665=DIMENSIONAL_EXPONENTS(1.,0.,0.,0.,0.,0.,0.);
#3666=(
CONVERSION_BASED_UNIT('inch',#3669)
LENGTH_UNIT()
NAMED_UNIT(#3665)
);
#3667=(
LENGTH_UNIT()
NAMED_UNIT(*)
SI_UNIT(.MILLI.,.METRE.)
);
#3668=(
LENGTH_UNIT()
NAMED_UNIT(*)
SI_UNIT($,.METRE.)
);
#3669=LENGTH_MEASURE_WITH_UNIT(LENGTH_MEASURE(25.4),#3667);
#3670=(
NAMED_UNIT(*)
PLANE_ANGLE_UNIT()
SI_UNIT($,.RADIAN.)
);
#3671=(
NAMED_UNIT(*)
SI_UNIT($,.STERADIAN.)
SOLID_ANGLE_UNIT()
);
#3672=SHAPE_DEFINITION_REPRESENTATION(#3673,#3674);
#3673=PRODUCT_DEFINITION_SHAPE('',$,#3676);
#3674=SHAPE_REPRESENTATION('',(#2025),#3663);
#3675=PRODUCT_DEFINITION_CONTEXT('part definition',#3680,'design');
#3676=PRODUCT_DEFINITION('2026-09-06-10-07-56-167','ARC-VisionA',#3677,
#3675);
#3677=PRODUCT_DEFINITION_FORMATION('',$,#3682);
#3678=PRODUCT_RELATED_PRODUCT_CATEGORY('ARC-VisionA','ARC-VisionA',(#3682));
#3679=APPLICATION_PROTOCOL_DEFINITION('international standard',
'automotive_design',2009,#3680);
#3680=APPLICATION_CONTEXT(
'Core Data for Automotive Mechanical Design Process');
#3681=PRODUCT_CONTEXT('part definition',#3680,'mechanical');
#3682=PRODUCT('2026-09-06-10-07-56-167','ARC-VisionA',$,(#3681));
#3683=PRESENTATION_STYLE_ASSIGNMENT((#3684));
#3684=SURFACE_STYLE_USAGE(.BOTH.,#3685);
#3685=SURFACE_SIDE_STYLE('',(#3686));
#3686=SURFACE_STYLE_FILL_AREA(#3687);
#3687=FILL_AREA_STYLE('Steel - Satin',(#3688));
#3688=FILL_AREA_STYLE_COLOUR('Steel - Satin',#3689);
#3689=COLOUR_RGB('Steel - Satin',0.627450980392157,0.627450980392157,0.627450980392157);
ENDSEC;
END-ISO-10303-21;
