ISO-10303-21;
HEADER;
/* Generated by software containing ST-Developer
 * from STEP Tools, Inc. (www.steptools.com) 
 */

FILE_DESCRIPTION(
/* description */ (''),
/* implementation_level */ '2;1');

FILE_NAME(
/* name */ 'ARC-VisionFrames.step',
/* time_stamp */ '2026-09-06T10:15:41-05:00',
/* author */ (''),
/* organization */ (''),
/* preprocessor_version */ 'ST-DEVELOPER v20.1',
/* originating_system */ 'Autodesk Translation Framework v15.8.0.0',
/* authorisation */ '');

FILE_SCHEMA (('AUTOMOTIVE_DESIGN { 1 0 10303 214 3 1 1 }'));
ENDSEC;

DATA;
#10=MECHANICAL_DESIGN_GEOMETRIC_PRESENTATION_REPRESENTATION('',(#13),#4457);
#11=SHAPE_REPRESENTATION_RELATIONSHIP('SRR','None',#4467,#12);
#12=ADVANCED_BREP_SHAPE_REPRESENTATION('',(#14),#4456);
#13=STYLED_ITEM('',(#4476),#14);
#14=MANIFOLD_SOLID_BREP('Body10',#2680);
#15=FACE_BOUND('',#314,.T.);
#16=FACE_BOUND('',#345,.T.);
#17=FACE_BOUND('',#373,.T.);
#18=FACE_BOUND('',#376,.T.);
#19=FACE_BOUND('',#382,.T.);
#20=FACE_BOUND('',#408,.T.);
#21=FACE_BOUND('',#420,.T.);
#22=CIRCLE('',#2696,9.21643846479171);
#23=CIRCLE('',#2697,9.21643846479171);
#24=CIRCLE('',#2700,2.0696368456523);
#25=CIRCLE('',#2701,2.0696368456523);
#26=CIRCLE('',#2703,1.64060581391526);
#27=CIRCLE('',#2704,1.64060581391526);
#28=CIRCLE('',#2706,2.85511591207725);
#29=CIRCLE('',#2707,2.85511591207725);
#30=CIRCLE('',#2710,4.72847447288354);
#31=CIRCLE('',#2711,4.72847447288354);
#32=CIRCLE('',#2713,1.77992604790352);
#33=CIRCLE('',#2714,1.77992604790352);
#34=CIRCLE('',#2726,0.161500000000077);
#35=CIRCLE('',#2727,0.161500000000077);
#36=CIRCLE('',#2728,0.161500000001722);
#37=CIRCLE('',#2729,0.161500000000077);
#38=CIRCLE('',#2730,0.161500000001722);
#39=CIRCLE('',#2731,0.161500000000077);
#40=CIRCLE('',#2732,0.161500000000077);
#41=CIRCLE('',#2733,0.161500000001722);
#42=CIRCLE('',#2734,0.161500000000077);
#43=CIRCLE('',#2735,0.161500000001722);
#44=CIRCLE('',#2740,1.99538455287574);
#45=CIRCLE('',#2741,1.99538455287574);
#46=CIRCLE('',#2743,0.324177606615571);
#47=CIRCLE('',#2744,0.1935473);
#48=CIRCLE('',#2745,2.05096263135118);
#49=CIRCLE('',#2746,0.1935473);
#50=CIRCLE('',#2747,0.242371701308674);
#51=CIRCLE('',#2748,0.048386825);
#52=CIRCLE('',#2749,0.048386825);
#53=CIRCLE('',#2750,6.96830906059613);
#54=CIRCLE('',#2751,1.9953845528535);
#55=CIRCLE('',#2752,2.93379428706802);
#56=CIRCLE('',#2753,0.193547299999998);
#57=CIRCLE('',#2754,4.29457078394363);
#58=CIRCLE('',#2755,0.193547299999998);
#59=CIRCLE('',#2756,3.21690528691089);
#60=CIRCLE('',#2757,0.193547299999994);
#61=CIRCLE('',#2758,1.91524437014505);
#62=CIRCLE('',#2759,0.193547300000002);
#63=CIRCLE('',#2766,1.99538455287574);
#64=CIRCLE('',#2767,1.99538455287574);
#65=CIRCLE('',#2769,0.324177606615571);
#66=CIRCLE('',#2773,0.193547299999994);
#67=CIRCLE('',#2774,0.193547299999994);
#68=CIRCLE('',#2776,1.91524437014505);
#69=CIRCLE('',#2777,1.91524437014505);
#70=CIRCLE('',#2779,0.193547300000002);
#71=CIRCLE('',#2780,0.193547300000002);
#72=CIRCLE('',#2782,2.93379428706802);
#73=CIRCLE('',#2783,2.93379428706802);
#74=CIRCLE('',#2785,3.21690528691089);
#75=CIRCLE('',#2786,3.21690528691089);
#76=CIRCLE('',#2788,0.193547300000002);
#77=CIRCLE('',#2790,1.91524437014505);
#78=CIRCLE('',#2792,0.193547299999994);
#79=CIRCLE('',#2794,3.21690528691089);
#80=CIRCLE('',#2796,2.93379428706802);
#81=CIRCLE('',#2801,1.99538455287574);
#82=CIRCLE('',#2802,1.9953845528535);
#83=CIRCLE('',#2803,1.9953845528535);
#84=CIRCLE('',#2810,1.9953845528535);
#85=CIRCLE('',#2811,1.99538455287574);
#86=CIRCLE('',#2813,0.1935473);
#87=CIRCLE('',#2814,2.05096263135118);
#88=CIRCLE('',#2815,0.1935473);
#89=CIRCLE('',#2816,0.242371701308674);
#90=CIRCLE('',#2817,0.048386825);
#91=CIRCLE('',#2818,0.048386825);
#92=CIRCLE('',#2819,6.96830906059613);
#93=CIRCLE('',#2820,0.193547299999998);
#94=CIRCLE('',#2821,4.29457078394363);
#95=CIRCLE('',#2822,0.193547299999998);
#96=CIRCLE('',#2829,6.96830906059613);
#97=CIRCLE('',#2832,0.242371701308674);
#98=CIRCLE('',#2834,0.048386825);
#99=CIRCLE('',#2837,0.048386825);
#100=CIRCLE('',#2839,0.193547299999998);
#101=CIRCLE('',#2841,4.29457078394363);
#102=CIRCLE('',#2843,0.193547299999998);
#103=CIRCLE('',#2846,0.1935473);
#104=CIRCLE('',#2848,2.05096263135118);
#105=CIRCLE('',#2850,0.1935473);
#106=CIRCLE('',#2866,0.324177606615571);
#107=CIRCLE('',#2880,6.96830906059613);
#108=CIRCLE('',#2883,0.242371701308674);
#109=CIRCLE('',#2885,0.048386825);
#110=CIRCLE('',#2888,0.048386825);
#111=CIRCLE('',#2890,0.193547299999998);
#112=CIRCLE('',#2892,4.29457078394363);
#113=CIRCLE('',#2894,0.193547299999998);
#114=CIRCLE('',#2897,0.1935473);
#115=CIRCLE('',#2899,2.05096263135118);
#116=CIRCLE('',#2901,0.1935473);
#117=CIRCLE('',#2918,0.324177606615571);
#118=CYLINDRICAL_SURFACE('',#2695,9.21643846479171);
#119=CYLINDRICAL_SURFACE('',#2699,2.0696368456523);
#120=CYLINDRICAL_SURFACE('',#2702,1.64060581391526);
#121=CYLINDRICAL_SURFACE('',#2705,2.85511591207725);
#122=CYLINDRICAL_SURFACE('',#2709,4.72847447288354);
#123=CYLINDRICAL_SURFACE('',#2712,1.77992604790352);
#124=CYLINDRICAL_SURFACE('',#2725,0.1615);
#125=CYLINDRICAL_SURFACE('',#2772,0.193547299999994);
#126=CYLINDRICAL_SURFACE('',#2775,1.91524437014505);
#127=CYLINDRICAL_SURFACE('',#2778,0.193547300000002);
#128=CYLINDRICAL_SURFACE('',#2781,2.93379428706802);
#129=CYLINDRICAL_SURFACE('',#2784,3.21690528691089);
#130=CYLINDRICAL_SURFACE('',#2787,0.193547300000002);
#131=CYLINDRICAL_SURFACE('',#2789,1.91524437014505);
#132=CYLINDRICAL_SURFACE('',#2791,0.193547299999994);
#133=CYLINDRICAL_SURFACE('',#2793,3.21690528691089);
#134=CYLINDRICAL_SURFACE('',#2795,2.93379428706802);
#135=CYLINDRICAL_SURFACE('',#2800,1.9953845528535);
#136=CYLINDRICAL_SURFACE('',#2809,1.9953845528535);
#137=CYLINDRICAL_SURFACE('',#2828,6.96830906059613);
#138=CYLINDRICAL_SURFACE('',#2831,0.242371701308674);
#139=CYLINDRICAL_SURFACE('',#2833,0.048386825);
#140=CYLINDRICAL_SURFACE('',#2836,0.048386825);
#141=CYLINDRICAL_SURFACE('',#2838,0.193547299999998);
#142=CYLINDRICAL_SURFACE('',#2840,4.29457078394363);
#143=CYLINDRICAL_SURFACE('',#2842,0.193547299999998);
#144=CYLINDRICAL_SURFACE('',#2845,0.1935473);
#145=CYLINDRICAL_SURFACE('',#2847,2.05096263135118);
#146=CYLINDRICAL_SURFACE('',#2849,0.1935473);
#147=CYLINDRICAL_SURFACE('',#2865,0.324177606615571);
#148=CYLINDRICAL_SURFACE('',#2879,6.96830906059613);
#149=CYLINDRICAL_SURFACE('',#2882,0.242371701308674);
#150=CYLINDRICAL_SURFACE('',#2884,0.048386825);
#151=CYLINDRICAL_SURFACE('',#2887,0.048386825);
#152=CYLINDRICAL_SURFACE('',#2889,0.193547299999998);
#153=CYLINDRICAL_SURFACE('',#2891,4.29457078394363);
#154=CYLINDRICAL_SURFACE('',#2893,0.193547299999998);
#155=CYLINDRICAL_SURFACE('',#2896,0.1935473);
#156=CYLINDRICAL_SURFACE('',#2898,2.05096263135118);
#157=CYLINDRICAL_SURFACE('',#2900,0.1935473);
#158=CYLINDRICAL_SURFACE('',#2919,0.324177606615571);
#159=FACE_OUTER_BOUND('',#289,.T.);
#160=FACE_OUTER_BOUND('',#290,.T.);
#161=FACE_OUTER_BOUND('',#291,.T.);
#162=FACE_OUTER_BOUND('',#292,.T.);
#163=FACE_OUTER_BOUND('',#293,.T.);
#164=FACE_OUTER_BOUND('',#294,.T.);
#165=FACE_OUTER_BOUND('',#295,.T.);
#166=FACE_OUTER_BOUND('',#296,.T.);
#167=FACE_OUTER_BOUND('',#297,.T.);
#168=FACE_OUTER_BOUND('',#298,.T.);
#169=FACE_OUTER_BOUND('',#299,.T.);
#170=FACE_OUTER_BOUND('',#300,.T.);
#171=FACE_OUTER_BOUND('',#301,.T.);
#172=FACE_OUTER_BOUND('',#302,.T.);
#173=FACE_OUTER_BOUND('',#303,.T.);
#174=FACE_OUTER_BOUND('',#304,.T.);
#175=FACE_OUTER_BOUND('',#305,.T.);
#176=FACE_OUTER_BOUND('',#306,.T.);
#177=FACE_OUTER_BOUND('',#307,.T.);
#178=FACE_OUTER_BOUND('',#308,.T.);
#179=FACE_OUTER_BOUND('',#309,.T.);
#180=FACE_OUTER_BOUND('',#310,.T.);
#181=FACE_OUTER_BOUND('',#311,.T.);
#182=FACE_OUTER_BOUND('',#312,.T.);
#183=FACE_OUTER_BOUND('',#313,.T.);
#184=FACE_OUTER_BOUND('',#315,.T.);
#185=FACE_OUTER_BOUND('',#316,.T.);
#186=FACE_OUTER_BOUND('',#317,.T.);
#187=FACE_OUTER_BOUND('',#318,.T.);
#188=FACE_OUTER_BOUND('',#319,.T.);
#189=FACE_OUTER_BOUND('',#320,.T.);
#190=FACE_OUTER_BOUND('',#321,.T.);
#191=FACE_OUTER_BOUND('',#322,.T.);
#192=FACE_OUTER_BOUND('',#323,.T.);
#193=FACE_OUTER_BOUND('',#324,.T.);
#194=FACE_OUTER_BOUND('',#325,.T.);
#195=FACE_OUTER_BOUND('',#326,.T.);
#196=FACE_OUTER_BOUND('',#327,.T.);
#197=FACE_OUTER_BOUND('',#328,.T.);
#198=FACE_OUTER_BOUND('',#329,.T.);
#199=FACE_OUTER_BOUND('',#330,.T.);
#200=FACE_OUTER_BOUND('',#331,.T.);
#201=FACE_OUTER_BOUND('',#332,.T.);
#202=FACE_OUTER_BOUND('',#333,.T.);
#203=FACE_OUTER_BOUND('',#334,.T.);
#204=FACE_OUTER_BOUND('',#335,.T.);
#205=FACE_OUTER_BOUND('',#336,.T.);
#206=FACE_OUTER_BOUND('',#337,.T.);
#207=FACE_OUTER_BOUND('',#338,.T.);
#208=FACE_OUTER_BOUND('',#339,.T.);
#209=FACE_OUTER_BOUND('',#340,.T.);
#210=FACE_OUTER_BOUND('',#341,.T.);
#211=FACE_OUTER_BOUND('',#342,.T.);
#212=FACE_OUTER_BOUND('',#343,.T.);
#213=FACE_OUTER_BOUND('',#344,.T.);
#214=FACE_OUTER_BOUND('',#346,.T.);
#215=FACE_OUTER_BOUND('',#347,.T.);
#216=FACE_OUTER_BOUND('',#348,.T.);
#217=FACE_OUTER_BOUND('',#349,.T.);
#218=FACE_OUTER_BOUND('',#350,.T.);
#219=FACE_OUTER_BOUND('',#351,.T.);
#220=FACE_OUTER_BOUND('',#352,.T.);
#221=FACE_OUTER_BOUND('',#353,.T.);
#222=FACE_OUTER_BOUND('',#354,.T.);
#223=FACE_OUTER_BOUND('',#355,.T.);
#224=FACE_OUTER_BOUND('',#356,.T.);
#225=FACE_OUTER_BOUND('',#357,.T.);
#226=FACE_OUTER_BOUND('',#358,.T.);
#227=FACE_OUTER_BOUND('',#359,.T.);
#228=FACE_OUTER_BOUND('',#360,.T.);
#229=FACE_OUTER_BOUND('',#361,.T.);
#230=FACE_OUTER_BOUND('',#362,.T.);
#231=FACE_OUTER_BOUND('',#363,.T.);
#232=FACE_OUTER_BOUND('',#364,.T.);
#233=FACE_OUTER_BOUND('',#365,.T.);
#234=FACE_OUTER_BOUND('',#366,.T.);
#235=FACE_OUTER_BOUND('',#367,.T.);
#236=FACE_OUTER_BOUND('',#368,.T.);
#237=FACE_OUTER_BOUND('',#369,.T.);
#238=FACE_OUTER_BOUND('',#370,.T.);
#239=FACE_OUTER_BOUND('',#371,.T.);
#240=FACE_OUTER_BOUND('',#372,.T.);
#241=FACE_OUTER_BOUND('',#374,.T.);
#242=FACE_OUTER_BOUND('',#375,.T.);
#243=FACE_OUTER_BOUND('',#377,.T.);
#244=FACE_OUTER_BOUND('',#378,.T.);
#245=FACE_OUTER_BOUND('',#379,.T.);
#246=FACE_OUTER_BOUND('',#380,.T.);
#247=FACE_OUTER_BOUND('',#381,.T.);
#248=FACE_OUTER_BOUND('',#383,.T.);
#249=FACE_OUTER_BOUND('',#384,.T.);
#250=FACE_OUTER_BOUND('',#385,.T.);
#251=FACE_OUTER_BOUND('',#386,.T.);
#252=FACE_OUTER_BOUND('',#387,.T.);
#253=FACE_OUTER_BOUND('',#388,.T.);
#254=FACE_OUTER_BOUND('',#389,.T.);
#255=FACE_OUTER_BOUND('',#390,.T.);
#256=FACE_OUTER_BOUND('',#391,.T.);
#257=FACE_OUTER_BOUND('',#392,.T.);
#258=FACE_OUTER_BOUND('',#393,.T.);
#259=FACE_OUTER_BOUND('',#394,.T.);
#260=FACE_OUTER_BOUND('',#395,.T.);
#261=FACE_OUTER_BOUND('',#396,.T.);
#262=FACE_OUTER_BOUND('',#397,.T.);
#263=FACE_OUTER_BOUND('',#398,.T.);
#264=FACE_OUTER_BOUND('',#399,.T.);
#265=FACE_OUTER_BOUND('',#400,.T.);
#266=FACE_OUTER_BOUND('',#401,.T.);
#267=FACE_OUTER_BOUND('',#402,.T.);
#268=FACE_OUTER_BOUND('',#403,.T.);
#269=FACE_OUTER_BOUND('',#404,.T.);
#270=FACE_OUTER_BOUND('',#405,.T.);
#271=FACE_OUTER_BOUND('',#406,.T.);
#272=FACE_OUTER_BOUND('',#407,.T.);
#273=FACE_OUTER_BOUND('',#409,.T.);
#274=FACE_OUTER_BOUND('',#410,.T.);
#275=FACE_OUTER_BOUND('',#411,.T.);
#276=FACE_OUTER_BOUND('',#412,.T.);
#277=FACE_OUTER_BOUND('',#413,.T.);
#278=FACE_OUTER_BOUND('',#414,.T.);
#279=FACE_OUTER_BOUND('',#415,.T.);
#280=FACE_OUTER_BOUND('',#416,.T.);
#281=FACE_OUTER_BOUND('',#417,.T.);
#282=FACE_OUTER_BOUND('',#418,.T.);
#283=FACE_OUTER_BOUND('',#419,.T.);
#284=FACE_OUTER_BOUND('',#421,.T.);
#285=FACE_OUTER_BOUND('',#422,.T.);
#286=FACE_OUTER_BOUND('',#423,.T.);
#287=FACE_OUTER_BOUND('',#424,.T.);
#288=FACE_OUTER_BOUND('',#425,.T.);
#289=EDGE_LOOP('',(#1673,#1674,#1675,#1676));
#290=EDGE_LOOP('',(#1677,#1678,#1679,#1680));
#291=EDGE_LOOP('',(#1681,#1682,#1683,#1684,#1685));
#292=EDGE_LOOP('',(#1686,#1687,#1688,#1689,#1690));
#293=EDGE_LOOP('',(#1691,#1692,#1693,#1694));
#294=EDGE_LOOP('',(#1695,#1696,#1697,#1698,#1699));
#295=EDGE_LOOP('',(#1700,#1701,#1702,#1703));
#296=EDGE_LOOP('',(#1704,#1705,#1706,#1707,#1708,#1709));
#297=EDGE_LOOP('',(#1710,#1711,#1712,#1713));
#298=EDGE_LOOP('',(#1714,#1715,#1716,#1717,#1718,#1719,#1720,#1721,#1722));
#299=EDGE_LOOP('',(#1723,#1724,#1725,#1726,#1727,#1728,#1729,#1730));
#300=EDGE_LOOP('',(#1731,#1732,#1733,#1734));
#301=EDGE_LOOP('',(#1735,#1736,#1737,#1738));
#302=EDGE_LOOP('',(#1739,#1740,#1741,#1742));
#303=EDGE_LOOP('',(#1743,#1744,#1745,#1746));
#304=EDGE_LOOP('',(#1747,#1748,#1749,#1750));
#305=EDGE_LOOP('',(#1751,#1752,#1753,#1754));
#306=EDGE_LOOP('',(#1755,#1756,#1757,#1758,#1759));
#307=EDGE_LOOP('',(#1760,#1761,#1762,#1763,#1764));
#308=EDGE_LOOP('',(#1765,#1766,#1767,#1768,#1769,#1770,#1771,#1772,#1773,
#1774,#1775,#1776,#1777,#1778,#1779,#1780,#1781,#1782,#1783,#1784));
#309=EDGE_LOOP('',(#1785,#1786,#1787,#1788,#1789,#1790));
#310=EDGE_LOOP('',(#1791,#1792,#1793,#1794));
#311=EDGE_LOOP('',(#1795,#1796,#1797,#1798));
#312=EDGE_LOOP('',(#1799,#1800,#1801,#1802,#1803,#1804,#1805,#1806));
#313=EDGE_LOOP('',(#1807,#1808,#1809,#1810,#1811,#1812,#1813,#1814,#1815,
#1816,#1817,#1818,#1819,#1820,#1821));
#314=EDGE_LOOP('',(#1822,#1823,#1824,#1825,#1826,#1827,#1828,#1829));
#315=EDGE_LOOP('',(#1830,#1831,#1832,#1833,#1834,#1835));
#316=EDGE_LOOP('',(#1836,#1837,#1838,#1839));
#317=EDGE_LOOP('',(#1840,#1841,#1842,#1843));
#318=EDGE_LOOP('',(#1844,#1845,#1846,#1847));
#319=EDGE_LOOP('',(#1848,#1849,#1850,#1851));
#320=EDGE_LOOP('',(#1852,#1853,#1854,#1855,#1856,#1857,#1858,#1859,#1860,
#1861,#1862,#1863,#1864,#1865));
#321=EDGE_LOOP('',(#1866,#1867,#1868,#1869,#1870,#1871,#1872,#1873,#1874,
#1875,#1876,#1877,#1878,#1879,#1880,#1881,#1882,#1883,#1884,#1885,#1886,
#1887,#1888));
#322=EDGE_LOOP('',(#1889,#1890,#1891,#1892));
#323=EDGE_LOOP('',(#1893,#1894,#1895,#1896));
#324=EDGE_LOOP('',(#1897,#1898,#1899,#1900));
#325=EDGE_LOOP('',(#1901,#1902,#1903,#1904));
#326=EDGE_LOOP('',(#1905,#1906,#1907,#1908));
#327=EDGE_LOOP('',(#1909,#1910,#1911,#1912));
#328=EDGE_LOOP('',(#1913,#1914,#1915,#1916));
#329=EDGE_LOOP('',(#1917,#1918,#1919,#1920));
#330=EDGE_LOOP('',(#1921,#1922,#1923,#1924));
#331=EDGE_LOOP('',(#1925,#1926,#1927,#1928));
#332=EDGE_LOOP('',(#1929,#1930,#1931,#1932));
#333=EDGE_LOOP('',(#1933,#1934,#1935,#1936));
#334=EDGE_LOOP('',(#1937,#1938,#1939,#1940));
#335=EDGE_LOOP('',(#1941,#1942,#1943,#1944));
#336=EDGE_LOOP('',(#1945,#1946,#1947,#1948));
#337=EDGE_LOOP('',(#1949,#1950,#1951,#1952,#1953,#1954,#1955,#1956,#1957,
#1958));
#338=EDGE_LOOP('',(#1959,#1960,#1961,#1962));
#339=EDGE_LOOP('',(#1963,#1964,#1965,#1966));
#340=EDGE_LOOP('',(#1967,#1968,#1969,#1970,#1971,#1972,#1973,#1974));
#341=EDGE_LOOP('',(#1975,#1976,#1977,#1978,#1979,#1980,#1981,#1982,#1983));
#342=EDGE_LOOP('',(#1984,#1985,#1986,#1987));
#343=EDGE_LOOP('',(#1988,#1989,#1990,#1991,#1992,#1993,#1994,#1995,#1996,
#1997));
#344=EDGE_LOOP('',(#1998,#1999,#2000,#2001,#2002,#2003,#2004,#2005,#2006,
#2007,#2008,#2009,#2010,#2011,#2012,#2013,#2014,#2015,#2016,#2017,#2018,
#2019,#2020,#2021,#2022,#2023,#2024));
#345=EDGE_LOOP('',(#2025,#2026,#2027,#2028,#2029,#2030,#2031,#2032));
#346=EDGE_LOOP('',(#2033,#2034,#2035,#2036));
#347=EDGE_LOOP('',(#2037,#2038,#2039,#2040));
#348=EDGE_LOOP('',(#2041,#2042,#2043,#2044));
#349=EDGE_LOOP('',(#2045,#2046,#2047,#2048));
#350=EDGE_LOOP('',(#2049,#2050,#2051,#2052));
#351=EDGE_LOOP('',(#2053,#2054,#2055,#2056));
#352=EDGE_LOOP('',(#2057,#2058,#2059,#2060,#2061,#2062));
#353=EDGE_LOOP('',(#2063,#2064,#2065,#2066));
#354=EDGE_LOOP('',(#2067,#2068,#2069,#2070));
#355=EDGE_LOOP('',(#2071,#2072,#2073,#2074));
#356=EDGE_LOOP('',(#2075,#2076,#2077,#2078));
#357=EDGE_LOOP('',(#2079,#2080,#2081,#2082));
#358=EDGE_LOOP('',(#2083,#2084,#2085,#2086));
#359=EDGE_LOOP('',(#2087,#2088,#2089,#2090));
#360=EDGE_LOOP('',(#2091,#2092,#2093,#2094));
#361=EDGE_LOOP('',(#2095,#2096,#2097,#2098));
#362=EDGE_LOOP('',(#2099,#2100,#2101,#2102));
#363=EDGE_LOOP('',(#2103,#2104,#2105,#2106));
#364=EDGE_LOOP('',(#2107,#2108,#2109,#2110));
#365=EDGE_LOOP('',(#2111,#2112,#2113,#2114));
#366=EDGE_LOOP('',(#2115,#2116,#2117,#2118));
#367=EDGE_LOOP('',(#2119,#2120,#2121,#2122));
#368=EDGE_LOOP('',(#2123,#2124,#2125,#2126));
#369=EDGE_LOOP('',(#2127,#2128,#2129,#2130));
#370=EDGE_LOOP('',(#2131,#2132,#2133,#2134));
#371=EDGE_LOOP('',(#2135,#2136,#2137,#2138));
#372=EDGE_LOOP('',(#2139,#2140,#2141,#2142));
#373=EDGE_LOOP('',(#2143,#2144,#2145,#2146));
#374=EDGE_LOOP('',(#2147,#2148,#2149,#2150));
#375=EDGE_LOOP('',(#2151,#2152,#2153,#2154));
#376=EDGE_LOOP('',(#2155,#2156,#2157,#2158));
#377=EDGE_LOOP('',(#2159,#2160,#2161,#2162));
#378=EDGE_LOOP('',(#2163,#2164,#2165,#2166));
#379=EDGE_LOOP('',(#2167,#2168,#2169,#2170));
#380=EDGE_LOOP('',(#2171,#2172,#2173,#2174));
#381=EDGE_LOOP('',(#2175,#2176,#2177,#2178,#2179,#2180,#2181,#2182,#2183,
#2184,#2185,#2186,#2187,#2188,#2189,#2190));
#382=EDGE_LOOP('',(#2191,#2192,#2193,#2194,#2195,#2196,#2197,#2198));
#383=EDGE_LOOP('',(#2199,#2200,#2201,#2202,#2203,#2204,#2205,#2206,#2207,
#2208));
#384=EDGE_LOOP('',(#2209,#2210,#2211,#2212));
#385=EDGE_LOOP('',(#2213,#2214,#2215,#2216,#2217,#2218,#2219,#2220,#2221,
#2222));
#386=EDGE_LOOP('',(#2223,#2224,#2225,#2226));
#387=EDGE_LOOP('',(#2227,#2228,#2229,#2230,#2231,#2232,#2233,#2234,#2235,
#2236,#2237,#2238,#2239,#2240,#2241,#2242,#2243,#2244,#2245,#2246));
#388=EDGE_LOOP('',(#2247,#2248,#2249,#2250));
#389=EDGE_LOOP('',(#2251,#2252,#2253,#2254));
#390=EDGE_LOOP('',(#2255,#2256,#2257,#2258));
#391=EDGE_LOOP('',(#2259,#2260,#2261,#2262));
#392=EDGE_LOOP('',(#2263,#2264,#2265,#2266,#2267,#2268,#2269,#2270,#2271));
#393=EDGE_LOOP('',(#2272,#2273,#2274,#2275));
#394=EDGE_LOOP('',(#2276,#2277,#2278,#2279));
#395=EDGE_LOOP('',(#2280,#2281,#2282,#2283,#2284,#2285));
#396=EDGE_LOOP('',(#2286,#2287,#2288,#2289));
#397=EDGE_LOOP('',(#2290,#2291,#2292,#2293));
#398=EDGE_LOOP('',(#2294,#2295,#2296,#2297));
#399=EDGE_LOOP('',(#2298,#2299,#2300,#2301));
#400=EDGE_LOOP('',(#2302,#2303,#2304,#2305));
#401=EDGE_LOOP('',(#2306,#2307,#2308,#2309));
#402=EDGE_LOOP('',(#2310,#2311,#2312,#2313));
#403=EDGE_LOOP('',(#2314,#2315,#2316,#2317));
#404=EDGE_LOOP('',(#2318,#2319,#2320,#2321));
#405=EDGE_LOOP('',(#2322,#2323,#2324,#2325));
#406=EDGE_LOOP('',(#2326,#2327,#2328,#2329));
#407=EDGE_LOOP('',(#2330,#2331,#2332,#2333,#2334,#2335,#2336,#2337,#2338,
#2339,#2340,#2341,#2342,#2343,#2344,#2345,#2346,#2347,#2348,#2349,#2350,
#2351,#2352,#2353,#2354,#2355,#2356,#2357,#2358));
#408=EDGE_LOOP('',(#2359,#2360,#2361,#2362,#2363,#2364,#2365,#2366));
#409=EDGE_LOOP('',(#2367,#2368,#2369,#2370));
#410=EDGE_LOOP('',(#2371,#2372,#2373,#2374));
#411=EDGE_LOOP('',(#2375,#2376,#2377,#2378));
#412=EDGE_LOOP('',(#2379,#2380,#2381,#2382));
#413=EDGE_LOOP('',(#2383,#2384,#2385,#2386));
#414=EDGE_LOOP('',(#2387,#2388,#2389,#2390));
#415=EDGE_LOOP('',(#2391,#2392,#2393,#2394));
#416=EDGE_LOOP('',(#2395,#2396,#2397,#2398,#2399));
#417=EDGE_LOOP('',(#2400,#2401,#2402,#2403,#2404,#2405,#2406,#2407,#2408,
#2409));
#418=EDGE_LOOP('',(#2410,#2411,#2412,#2413));
#419=EDGE_LOOP('',(#2414,#2415,#2416,#2417));
#420=EDGE_LOOP('',(#2418,#2419,#2420,#2421));
#421=EDGE_LOOP('',(#2422,#2423,#2424,#2425));
#422=EDGE_LOOP('',(#2426,#2427,#2428,#2429));
#423=EDGE_LOOP('',(#2430,#2431,#2432,#2433));
#424=EDGE_LOOP('',(#2434,#2435,#2436,#2437,#2438,#2439,#2440,#2441,#2442,
#2443,#2444,#2445,#2446,#2447,#2448,#2449,#2450,#2451,#2452,#2453,#2454,
#2455,#2456));
#425=EDGE_LOOP('',(#2457,#2458,#2459,#2460));
#426=LINE('',#3676,#724);
#427=LINE('',#3678,#725);
#428=LINE('',#3680,#726);
#429=LINE('',#3681,#727);
#430=LINE('',#3687,#728);
#431=LINE('',#3690,#729);
#432=LINE('',#3693,#730);
#433=LINE('',#3695,#731);
#434=LINE('',#3697,#732);
#435=LINE('',#3698,#733);
#436=LINE('',#3703,#734);
#437=LINE('',#3705,#735);
#438=LINE('',#3710,#736);
#439=LINE('',#3716,#737);
#440=LINE('',#3718,#738);
#441=LINE('',#3722,#739);
#442=LINE('',#3724,#740);
#443=LINE('',#3725,#741);
#444=LINE('',#3730,#742);
#445=LINE('',#3732,#743);
#446=LINE('',#3737,#744);
#447=LINE('',#3738,#745);
#448=LINE('',#3739,#746);
#449=LINE('',#3744,#747);
#450=LINE('',#3746,#748);
#451=LINE('',#3748,#749);
#452=LINE('',#3749,#750);
#453=LINE('',#3752,#751);
#454=LINE('',#3754,#752);
#455=LINE('',#3755,#753);
#456=LINE('',#3758,#754);
#457=LINE('',#3760,#755);
#458=LINE('',#3761,#756);
#459=LINE('',#3763,#757);
#460=LINE('',#3764,#758);
#461=LINE('',#3767,#759);
#462=LINE('',#3769,#760);
#463=LINE('',#3770,#761);
#464=LINE('',#3774,#762);
#465=LINE('',#3776,#763);
#466=LINE('',#3778,#764);
#467=LINE('',#3779,#765);
#468=LINE('',#3781,#766);
#469=LINE('',#3782,#767);
#470=LINE('',#3784,#768);
#471=LINE('',#3785,#769);
#472=LINE('',#3789,#770);
#473=LINE('',#3793,#771);
#474=LINE('',#3797,#772);
#475=LINE('',#3801,#773);
#476=LINE('',#3805,#774);
#477=LINE('',#3809,#775);
#478=LINE('',#3814,#776);
#479=LINE('',#3818,#777);
#480=LINE('',#3822,#778);
#481=LINE('',#3826,#779);
#482=LINE('',#3828,#780);
#483=LINE('',#3830,#781);
#484=LINE('',#3832,#782);
#485=LINE('',#3833,#783);
#486=LINE('',#3836,#784);
#487=LINE('',#3838,#785);
#488=LINE('',#3839,#786);
#489=LINE('',#3842,#787);
#490=LINE('',#3843,#788);
#491=LINE('',#3846,#789);
#492=LINE('',#3850,#790);
#493=LINE('',#3852,#791);
#494=LINE('',#3854,#792);
#495=LINE('',#3858,#793);
#496=LINE('',#3862,#794);
#497=LINE('',#3870,#795);
#498=LINE('',#3876,#796);
#499=LINE('',#3883,#797);
#500=LINE('',#3902,#798);
#501=LINE('',#3904,#799);
#502=LINE('',#3905,#800);
#503=LINE('',#3907,#801);
#504=LINE('',#3910,#802);
#505=LINE('',#3912,#803);
#506=LINE('',#3913,#804);
#507=LINE('',#3916,#805);
#508=LINE('',#3918,#806);
#509=LINE('',#3919,#807);
#510=LINE('',#3922,#808);
#511=LINE('',#3923,#809);
#512=LINE('',#3926,#810);
#513=LINE('',#3928,#811);
#514=LINE('',#3930,#812);
#515=LINE('',#3932,#813);
#516=LINE('',#3936,#814);
#517=LINE('',#3938,#815);
#518=LINE('',#3940,#816);
#519=LINE('',#3944,#817);
#520=LINE('',#3946,#818);
#521=LINE('',#3947,#819);
#522=LINE('',#3950,#820);
#523=LINE('',#3951,#821);
#524=LINE('',#3955,#822);
#525=LINE('',#3957,#823);
#526=LINE('',#3959,#824);
#527=LINE('',#3961,#825);
#528=LINE('',#3963,#826);
#529=LINE('',#3965,#827);
#530=LINE('',#3967,#828);
#531=LINE('',#3969,#829);
#532=LINE('',#3971,#830);
#533=LINE('',#3973,#831);
#534=LINE('',#3975,#832);
#535=LINE('',#3977,#833);
#536=LINE('',#3979,#834);
#537=LINE('',#3981,#835);
#538=LINE('',#3983,#836);
#539=LINE('',#3985,#837);
#540=LINE('',#3986,#838);
#541=LINE('',#3988,#839);
#542=LINE('',#3990,#840);
#543=LINE('',#3996,#841);
#544=LINE('',#3999,#842);
#545=LINE('',#4004,#843);
#546=LINE('',#4010,#844);
#547=LINE('',#4016,#845);
#548=LINE('',#4022,#846);
#549=LINE('',#4026,#847);
#550=LINE('',#4029,#848);
#551=LINE('',#4032,#849);
#552=LINE('',#4036,#850);
#553=LINE('',#4040,#851);
#554=LINE('',#4045,#852);
#555=LINE('',#4047,#853);
#556=LINE('',#4048,#854);
#557=LINE('',#4050,#855);
#558=LINE('',#4051,#856);
#559=LINE('',#4055,#857);
#560=LINE('',#4059,#858);
#561=LINE('',#4063,#859);
#562=LINE('',#4067,#860);
#563=LINE('',#4068,#861);
#564=LINE('',#4071,#862);
#565=LINE('',#4073,#863);
#566=LINE('',#4074,#864);
#567=LINE('',#4076,#865);
#568=LINE('',#4079,#866);
#569=LINE('',#4081,#867);
#570=LINE('',#4083,#868);
#571=LINE('',#4085,#869);
#572=LINE('',#4087,#870);
#573=LINE('',#4089,#871);
#574=LINE('',#4090,#872);
#575=LINE('',#4094,#873);
#576=LINE('',#4096,#874);
#577=LINE('',#4098,#875);
#578=LINE('',#4099,#876);
#579=LINE('',#4102,#877);
#580=LINE('',#4106,#878);
#581=LINE('',#4109,#879);
#582=LINE('',#4111,#880);
#583=LINE('',#4113,#881);
#584=LINE('',#4115,#882);
#585=LINE('',#4117,#883);
#586=LINE('',#4119,#884);
#587=LINE('',#4121,#885);
#588=LINE('',#4123,#886);
#589=LINE('',#4125,#887);
#590=LINE('',#4127,#888);
#591=LINE('',#4129,#889);
#592=LINE('',#4131,#890);
#593=LINE('',#4133,#891);
#594=LINE('',#4135,#892);
#595=LINE('',#4137,#893);
#596=LINE('',#4139,#894);
#597=LINE('',#4147,#895);
#598=LINE('',#4153,#896);
#599=LINE('',#4164,#897);
#600=LINE('',#4166,#898);
#601=LINE('',#4167,#899);
#602=LINE('',#4170,#900);
#603=LINE('',#4172,#901);
#604=LINE('',#4173,#902);
#605=LINE('',#4176,#903);
#606=LINE('',#4177,#904);
#607=LINE('',#4179,#905);
#608=LINE('',#4181,#906);
#609=LINE('',#4184,#907);
#610=LINE('',#4187,#908);
#611=LINE('',#4189,#909);
#612=LINE('',#4191,#910);
#613=LINE('',#4192,#911);
#614=LINE('',#4195,#912);
#615=LINE('',#4197,#913);
#616=LINE('',#4202,#914);
#617=LINE('',#4205,#915);
#618=LINE('',#4206,#916);
#619=LINE('',#4212,#917);
#620=LINE('',#4216,#918);
#621=LINE('',#4221,#919);
#622=LINE('',#4222,#920);
#623=LINE('',#4226,#921);
#624=LINE('',#4229,#922);
#625=LINE('',#4234,#923);
#626=LINE('',#4236,#924);
#627=LINE('',#4237,#925);
#628=LINE('',#4239,#926);
#629=LINE('',#4241,#927);
#630=LINE('',#4243,#928);
#631=LINE('',#4245,#929);
#632=LINE('',#4247,#930);
#633=LINE('',#4249,#931);
#634=LINE('',#4251,#932);
#635=LINE('',#4253,#933);
#636=LINE('',#4255,#934);
#637=LINE('',#4257,#935);
#638=LINE('',#4264,#936);
#639=LINE('',#4266,#937);
#640=LINE('',#4268,#938);
#641=LINE('',#4269,#939);
#642=LINE('',#4272,#940);
#643=LINE('',#4274,#941);
#644=LINE('',#4275,#942);
#645=LINE('',#4279,#943);
#646=LINE('',#4280,#944);
#647=LINE('',#4281,#945);
#648=LINE('',#4282,#946);
#649=LINE('',#4284,#947);
#650=LINE('',#4286,#948);
#651=LINE('',#4287,#949);
#652=LINE('',#4291,#950);
#653=LINE('',#4293,#951);
#654=LINE('',#4295,#952);
#655=LINE('',#4297,#953);
#656=LINE('',#4298,#954);
#657=LINE('',#4301,#955);
#658=LINE('',#4302,#956);
#659=LINE('',#4305,#957);
#660=LINE('',#4306,#958);
#661=LINE('',#4308,#959);
#662=LINE('',#4309,#960);
#663=LINE('',#4312,#961);
#664=LINE('',#4314,#962);
#665=LINE('',#4316,#963);
#666=LINE('',#4317,#964);
#667=LINE('',#4321,#965);
#668=LINE('',#4326,#966);
#669=LINE('',#4328,#967);
#670=LINE('',#4329,#968);
#671=LINE('',#4331,#969);
#672=LINE('',#4332,#970);
#673=LINE('',#4335,#971);
#674=LINE('',#4337,#972);
#675=LINE('',#4342,#973);
#676=LINE('',#4345,#974);
#677=LINE('',#4346,#975);
#678=LINE('',#4351,#976);
#679=LINE('',#4355,#977);
#680=LINE('',#4361,#978);
#681=LINE('',#4362,#979);
#682=LINE('',#4365,#980);
#683=LINE('',#4369,#981);
#684=LINE('',#4374,#982);
#685=LINE('',#4376,#983);
#686=LINE('',#4378,#984);
#687=LINE('',#4380,#985);
#688=LINE('',#4382,#986);
#689=LINE('',#4384,#987);
#690=LINE('',#4386,#988);
#691=LINE('',#4388,#989);
#692=LINE('',#4390,#990);
#693=LINE('',#4392,#991);
#694=LINE('',#4394,#992);
#695=LINE('',#4396,#993);
#696=LINE('',#4398,#994);
#697=LINE('',#4399,#995);
#698=LINE('',#4402,#996);
#699=LINE('',#4403,#997);
#700=LINE('',#4406,#998);
#701=LINE('',#4407,#999);
#702=LINE('',#4410,#1000);
#703=LINE('',#4411,#1001);
#704=LINE('',#4414,#1002);
#705=LINE('',#4415,#1003);
#706=LINE('',#4418,#1004);
#707=LINE('',#4419,#1005);
#708=LINE('',#4422,#1006);
#709=LINE('',#4423,#1007);
#710=LINE('',#4426,#1008);
#711=LINE('',#4427,#1009);
#712=LINE('',#4429,#1010);
#713=LINE('',#4430,#1011);
#714=LINE('',#4433,#1012);
#715=LINE('',#4434,#1013);
#716=LINE('',#4437,#1014);
#717=LINE('',#4438,#1015);
#718=LINE('',#4441,#1016);
#719=LINE('',#4442,#1017);
#720=LINE('',#4445,#1018);
#721=LINE('',#4446,#1019);
#722=LINE('',#4448,#1020);
#723=LINE('',#4450,#1021);
#724=VECTOR('',#2924,0.374015748031496);
#725=VECTOR('',#2925,0.374015748031496);
#726=VECTOR('',#2926,0.374015748031496);
#727=VECTOR('',#2927,0.393700787401575);
#728=VECTOR('',#2932,0.393700787401575);
#729=VECTOR('',#2935,0.393700787401575);
#730=VECTOR('',#2938,0.393700787401575);
#731=VECTOR('',#2939,0.380998622047244);
#732=VECTOR('',#2940,0.393700787401575);
#733=VECTOR('',#2941,0.393700787401575);
#734=VECTOR('',#2946,0.393700787401575);
#735=VECTOR('',#2949,0.380998622047244);
#736=VECTOR('',#2954,0.393700787401575);
#737=VECTOR('',#2961,0.380998622047244);
#738=VECTOR('',#2962,0.393700787401575);
#739=VECTOR('',#2967,0.380998622047244);
#740=VECTOR('',#2968,0.393700787401575);
#741=VECTOR('',#2969,0.393700787401575);
#742=VECTOR('',#2974,0.393700787401575);
#743=VECTOR('',#2977,0.393700787401575);
#744=VECTOR('',#2986,0.374015748031496);
#745=VECTOR('',#2987,0.393700787401575);
#746=VECTOR('',#2988,0.393700787401575);
#747=VECTOR('',#2993,0.374015748031496);
#748=VECTOR('',#2994,0.374015748031496);
#749=VECTOR('',#2995,0.374015748031496);
#750=VECTOR('',#2996,0.374015748031496);
#751=VECTOR('',#2999,0.374015748031496);
#752=VECTOR('',#3000,0.374015748031496);
#753=VECTOR('',#3001,0.374015748031496);
#754=VECTOR('',#3004,0.374015748031496);
#755=VECTOR('',#3005,0.374015748031496);
#756=VECTOR('',#3006,0.374015748031496);
#757=VECTOR('',#3009,0.374015748031496);
#758=VECTOR('',#3010,0.374015748031496);
#759=VECTOR('',#3013,0.374015748031496);
#760=VECTOR('',#3014,0.374015748031496);
#761=VECTOR('',#3015,0.374015748031496);
#762=VECTOR('',#3018,0.374015748031496);
#763=VECTOR('',#3019,0.374015748031496);
#764=VECTOR('',#3020,0.374015748031496);
#765=VECTOR('',#3021,0.374015748031496);
#766=VECTOR('',#3024,0.374015748031496);
#767=VECTOR('',#3025,0.374015748031496);
#768=VECTOR('',#3028,0.374015748031496);
#769=VECTOR('',#3029,0.374015748031496);
#770=VECTOR('',#3032,0.374015748031496);
#771=VECTOR('',#3035,0.1615);
#772=VECTOR('',#3038,0.374015748031496);
#773=VECTOR('',#3041,0.374015748031496);
#774=VECTOR('',#3044,0.374015748031496);
#775=VECTOR('',#3047,0.374015748031496);
#776=VECTOR('',#3052,0.374015748031496);
#777=VECTOR('',#3055,0.374015748031496);
#778=VECTOR('',#3058,0.374015748031496);
#779=VECTOR('',#3063,0.380998622047244);
#780=VECTOR('',#3064,0.380998622047244);
#781=VECTOR('',#3065,0.380998622047244);
#782=VECTOR('',#3066,0.374015748031496);
#783=VECTOR('',#3067,0.374015748031496);
#784=VECTOR('',#3070,0.374015748031496);
#785=VECTOR('',#3071,0.380998622047244);
#786=VECTOR('',#3072,0.380998622047244);
#787=VECTOR('',#3075,0.374015748031496);
#788=VECTOR('',#3076,0.374015748031496);
#789=VECTOR('',#3079,0.374015748031496);
#790=VECTOR('',#3082,0.374015748031496);
#791=VECTOR('',#3083,0.374015748031496);
#792=VECTOR('',#3084,0.374015748031496);
#793=VECTOR('',#3089,0.380998622047244);
#794=VECTOR('',#3092,0.380998622047244);
#795=VECTOR('',#3099,0.380998622047244);
#796=VECTOR('',#3104,0.380998622047244);
#797=VECTOR('',#3111,0.380998622047244);
#798=VECTOR('',#3130,0.374015748031496);
#799=VECTOR('',#3131,0.380998622047244);
#800=VECTOR('',#3132,0.380998622047244);
#801=VECTOR('',#3135,0.380998622047244);
#802=VECTOR('',#3138,0.374015748031496);
#803=VECTOR('',#3139,0.374015748031496);
#804=VECTOR('',#3140,0.374015748031496);
#805=VECTOR('',#3143,0.374015748031496);
#806=VECTOR('',#3144,0.374015748031496);
#807=VECTOR('',#3145,0.374015748031496);
#808=VECTOR('',#3148,0.374015748031496);
#809=VECTOR('',#3149,0.374015748031496);
#810=VECTOR('',#3152,0.374015748031496);
#811=VECTOR('',#3153,0.374015748031496);
#812=VECTOR('',#3154,0.374015748031496);
#813=VECTOR('',#3155,0.374015748031496);
#814=VECTOR('',#3158,0.374015748031496);
#815=VECTOR('',#3159,0.374015748031496);
#816=VECTOR('',#3160,0.374015748031496);
#817=VECTOR('',#3163,0.374015748031496);
#818=VECTOR('',#3164,0.374015748031496);
#819=VECTOR('',#3165,0.374015748031496);
#820=VECTOR('',#3168,0.374015748031496);
#821=VECTOR('',#3169,0.374015748031496);
#822=VECTOR('',#3172,0.380998622047244);
#823=VECTOR('',#3173,0.380998622047244);
#824=VECTOR('',#3174,0.380998622047244);
#825=VECTOR('',#3175,0.380998622047244);
#826=VECTOR('',#3176,0.380998622047244);
#827=VECTOR('',#3177,0.380998622047244);
#828=VECTOR('',#3178,0.380998622047244);
#829=VECTOR('',#3179,0.380998622047244);
#830=VECTOR('',#3180,0.380998622047244);
#831=VECTOR('',#3181,0.380998622047244);
#832=VECTOR('',#3182,0.380998622047244);
#833=VECTOR('',#3183,0.380998622047244);
#834=VECTOR('',#3184,0.380998622047244);
#835=VECTOR('',#3185,0.380998622047244);
#836=VECTOR('',#3186,0.380998622047244);
#837=VECTOR('',#3187,0.380998622047244);
#838=VECTOR('',#3188,0.374015748031496);
#839=VECTOR('',#3191,0.374015748031496);
#840=VECTOR('',#3194,0.374015748031496);
#841=VECTOR('',#3199,0.374015748031496);
#842=VECTOR('',#3202,0.374015748031496);
#843=VECTOR('',#3207,0.374015748031496);
#844=VECTOR('',#3214,0.374015748031496);
#845=VECTOR('',#3221,0.380998622047244);
#846=VECTOR('',#3228,0.380998622047244);
#847=VECTOR('',#3233,0.374015748031496);
#848=VECTOR('',#3236,0.374015748031496);
#849=VECTOR('',#3239,0.374015748031496);
#850=VECTOR('',#3244,0.374015748031496);
#851=VECTOR('',#3249,0.380998622047244);
#852=VECTOR('',#3256,0.380998622047244);
#853=VECTOR('',#3259,0.374015748031496);
#854=VECTOR('',#3260,0.374015748031496);
#855=VECTOR('',#3263,0.374015748031496);
#856=VECTOR('',#3264,0.374015748031496);
#857=VECTOR('',#3269,0.380998622047244);
#858=VECTOR('',#3272,0.374015748031496);
#859=VECTOR('',#3275,0.380998622047244);
#860=VECTOR('',#3280,0.374015748031496);
#861=VECTOR('',#3281,0.374015748031496);
#862=VECTOR('',#3284,0.380998622047244);
#863=VECTOR('',#3285,0.374015748031496);
#864=VECTOR('',#3286,0.374015748031496);
#865=VECTOR('',#3289,0.374015748031496);
#866=VECTOR('',#3292,0.380998622047244);
#867=VECTOR('',#3293,0.380998622047244);
#868=VECTOR('',#3294,0.374015748031496);
#869=VECTOR('',#3295,0.374015748031496);
#870=VECTOR('',#3296,0.374015748031496);
#871=VECTOR('',#3297,0.374015748031496);
#872=VECTOR('',#3298,0.374015748031496);
#873=VECTOR('',#3301,0.374015748031496);
#874=VECTOR('',#3302,0.374015748031496);
#875=VECTOR('',#3303,0.374015748031496);
#876=VECTOR('',#3304,0.374015748031496);
#877=VECTOR('',#3307,0.380998622047244);
#878=VECTOR('',#3310,0.374015748031496);
#879=VECTOR('',#3315,0.374015748031496);
#880=VECTOR('',#3316,0.380998622047244);
#881=VECTOR('',#3317,0.380998622047244);
#882=VECTOR('',#3318,0.380998622047244);
#883=VECTOR('',#3319,0.380998622047244);
#884=VECTOR('',#3320,0.380998622047244);
#885=VECTOR('',#3321,0.380998622047244);
#886=VECTOR('',#3322,0.380998622047244);
#887=VECTOR('',#3323,0.380998622047244);
#888=VECTOR('',#3324,0.380998622047244);
#889=VECTOR('',#3325,0.380998622047244);
#890=VECTOR('',#3326,0.380998622047244);
#891=VECTOR('',#3327,0.380998622047244);
#892=VECTOR('',#3328,0.380998622047244);
#893=VECTOR('',#3329,0.380998622047244);
#894=VECTOR('',#3330,0.380998622047244);
#895=VECTOR('',#3337,0.380998622047244);
#896=VECTOR('',#3342,0.380998622047244);
#897=VECTOR('',#3355,0.374015748031496);
#898=VECTOR('',#3356,0.374015748031496);
#899=VECTOR('',#3357,0.374015748031496);
#900=VECTOR('',#3360,0.374015748031496);
#901=VECTOR('',#3361,0.374015748031496);
#902=VECTOR('',#3362,0.374015748031496);
#903=VECTOR('',#3365,0.374015748031496);
#904=VECTOR('',#3366,0.374015748031496);
#905=VECTOR('',#3369,0.374015748031496);
#906=VECTOR('',#3372,0.374015748031496);
#907=VECTOR('',#3375,0.380998622047244);
#908=VECTOR('',#3380,0.380998622047244);
#909=VECTOR('',#3381,0.380998622047244);
#910=VECTOR('',#3382,0.380998622047244);
#911=VECTOR('',#3383,0.380998622047244);
#912=VECTOR('',#3386,0.380998622047244);
#913=VECTOR('',#3387,0.380998622047244);
#914=VECTOR('',#3394,0.380998622047244);
#915=VECTOR('',#3397,0.380998622047244);
#916=VECTOR('',#3398,0.380998622047244);
#917=VECTOR('',#3407,0.380998622047244);
#918=VECTOR('',#3412,0.380998622047244);
#919=VECTOR('',#3419,0.380998622047244);
#920=VECTOR('',#3420,0.380998622047244);
#921=VECTOR('',#3425,0.380998622047244);
#922=VECTOR('',#3428,0.380998622047244);
#923=VECTOR('',#3437,0.380998622047244);
#924=VECTOR('',#3440,0.380998622047244);
#925=VECTOR('',#3441,0.380998622047244);
#926=VECTOR('',#3444,0.380998622047244);
#927=VECTOR('',#3447,0.380998622047244);
#928=VECTOR('',#3450,0.380998622047244);
#929=VECTOR('',#3453,0.380998622047244);
#930=VECTOR('',#3456,0.380998622047244);
#931=VECTOR('',#3459,0.380998622047244);
#932=VECTOR('',#3462,0.380998622047244);
#933=VECTOR('',#3465,0.380998622047244);
#934=VECTOR('',#3468,0.380998622047244);
#935=VECTOR('',#3471,0.380998622047244);
#936=VECTOR('',#3484,0.374015748031496);
#937=VECTOR('',#3485,0.374015748031496);
#938=VECTOR('',#3486,0.374015748031496);
#939=VECTOR('',#3487,0.374015748031496);
#940=VECTOR('',#3490,0.374015748031496);
#941=VECTOR('',#3491,0.374015748031496);
#942=VECTOR('',#3492,0.374015748031496);
#943=VECTOR('',#3495,0.374015748031496);
#944=VECTOR('',#3496,0.374015748031496);
#945=VECTOR('',#3497,0.374015748031496);
#946=VECTOR('',#3498,0.374015748031496);
#947=VECTOR('',#3499,0.374015748031496);
#948=VECTOR('',#3500,0.374015748031496);
#949=VECTOR('',#3501,0.374015748031496);
#950=VECTOR('',#3506,0.374015748031496);
#951=VECTOR('',#3507,0.374015748031496);
#952=VECTOR('',#3508,0.374015748031496);
#953=VECTOR('',#3509,0.374015748031496);
#954=VECTOR('',#3510,0.374015748031496);
#955=VECTOR('',#3513,0.374015748031496);
#956=VECTOR('',#3514,0.374015748031496);
#957=VECTOR('',#3517,0.374015748031496);
#958=VECTOR('',#3518,0.374015748031496);
#959=VECTOR('',#3521,0.374015748031496);
#960=VECTOR('',#3522,0.374015748031496);
#961=VECTOR('',#3527,0.374015748031496);
#962=VECTOR('',#3528,0.380998622047244);
#963=VECTOR('',#3529,0.380998622047244);
#964=VECTOR('',#3530,0.380998622047244);
#965=VECTOR('',#3535,0.380998622047244);
#966=VECTOR('',#3540,0.380998622047244);
#967=VECTOR('',#3541,0.380998622047244);
#968=VECTOR('',#3542,0.380998622047244);
#969=VECTOR('',#3543,0.380998622047244);
#970=VECTOR('',#3544,0.380998622047244);
#971=VECTOR('',#3547,0.380998622047244);
#972=VECTOR('',#3548,0.380998622047244);
#973=VECTOR('',#3555,0.380998622047244);
#974=VECTOR('',#3558,0.380998622047244);
#975=VECTOR('',#3559,0.380998622047244);
#976=VECTOR('',#3566,0.380998622047244);
#977=VECTOR('',#3571,0.380998622047244);
#978=VECTOR('',#3580,0.380998622047244);
#979=VECTOR('',#3581,0.380998622047244);
#980=VECTOR('',#3584,0.380998622047244);
#981=VECTOR('',#3589,0.380998622047244);
#982=VECTOR('',#3598,0.380998622047244);
#983=VECTOR('',#3599,0.380998622047244);
#984=VECTOR('',#3600,0.380998622047244);
#985=VECTOR('',#3601,0.380998622047244);
#986=VECTOR('',#3602,0.380998622047244);
#987=VECTOR('',#3603,0.380998622047244);
#988=VECTOR('',#3604,0.380998622047244);
#989=VECTOR('',#3605,0.380998622047244);
#990=VECTOR('',#3606,0.380998622047244);
#991=VECTOR('',#3607,0.380998622047244);
#992=VECTOR('',#3608,0.380998622047244);
#993=VECTOR('',#3609,0.380998622047244);
#994=VECTOR('',#3610,0.380998622047244);
#995=VECTOR('',#3611,0.380998622047244);
#996=VECTOR('',#3614,0.380998622047244);
#997=VECTOR('',#3615,0.380998622047244);
#998=VECTOR('',#3618,0.380998622047244);
#999=VECTOR('',#3619,0.380998622047244);
#1000=VECTOR('',#3622,0.380998622047244);
#1001=VECTOR('',#3623,0.380998622047244);
#1002=VECTOR('',#3626,0.380998622047244);
#1003=VECTOR('',#3627,0.380998622047244);
#1004=VECTOR('',#3630,0.380998622047244);
#1005=VECTOR('',#3631,0.380998622047244);
#1006=VECTOR('',#3634,0.380998622047244);
#1007=VECTOR('',#3635,0.380998622047244);
#1008=VECTOR('',#3638,0.380998622047244);
#1009=VECTOR('',#3639,0.380998622047244);
#1010=VECTOR('',#3642,0.380998622047244);
#1011=VECTOR('',#3643,0.380998622047244);
#1012=VECTOR('',#3646,0.380998622047244);
#1013=VECTOR('',#3647,0.380998622047244);
#1014=VECTOR('',#3650,0.380998622047244);
#1015=VECTOR('',#3651,0.380998622047244);
#1016=VECTOR('',#3654,0.380998622047244);
#1017=VECTOR('',#3655,0.380998622047244);
#1018=VECTOR('',#3658,0.380998622047244);
#1019=VECTOR('',#3659,0.380998622047244);
#1020=VECTOR('',#3662,0.380998622047244);
#1021=VECTOR('',#3665,0.380998622047244);
#1022=VERTEX_POINT('',#3674);
#1023=VERTEX_POINT('',#3675);
#1024=VERTEX_POINT('',#3677);
#1025=VERTEX_POINT('',#3679);
#1026=VERTEX_POINT('',#3683);
#1027=VERTEX_POINT('',#3684);
#1028=VERTEX_POINT('',#3686);
#1029=VERTEX_POINT('',#3688);
#1030=VERTEX_POINT('',#3692);
#1031=VERTEX_POINT('',#3694);
#1032=VERTEX_POINT('',#3696);
#1033=VERTEX_POINT('',#3700);
#1034=VERTEX_POINT('',#3702);
#1035=VERTEX_POINT('',#3707);
#1036=VERTEX_POINT('',#3709);
#1037=VERTEX_POINT('',#3713);
#1038=VERTEX_POINT('',#3715);
#1039=VERTEX_POINT('',#3717);
#1040=VERTEX_POINT('',#3721);
#1041=VERTEX_POINT('',#3723);
#1042=VERTEX_POINT('',#3727);
#1043=VERTEX_POINT('',#3729);
#1044=VERTEX_POINT('',#3742);
#1045=VERTEX_POINT('',#3743);
#1046=VERTEX_POINT('',#3745);
#1047=VERTEX_POINT('',#3747);
#1048=VERTEX_POINT('',#3751);
#1049=VERTEX_POINT('',#3753);
#1050=VERTEX_POINT('',#3757);
#1051=VERTEX_POINT('',#3759);
#1052=VERTEX_POINT('',#3766);
#1053=VERTEX_POINT('',#3768);
#1054=VERTEX_POINT('',#3772);
#1055=VERTEX_POINT('',#3773);
#1056=VERTEX_POINT('',#3775);
#1057=VERTEX_POINT('',#3777);
#1058=VERTEX_POINT('',#3787);
#1059=VERTEX_POINT('',#3788);
#1060=VERTEX_POINT('',#3790);
#1061=VERTEX_POINT('',#3792);
#1062=VERTEX_POINT('',#3794);
#1063=VERTEX_POINT('',#3796);
#1064=VERTEX_POINT('',#3798);
#1065=VERTEX_POINT('',#3800);
#1066=VERTEX_POINT('',#3802);
#1067=VERTEX_POINT('',#3804);
#1068=VERTEX_POINT('',#3806);
#1069=VERTEX_POINT('',#3808);
#1070=VERTEX_POINT('',#3811);
#1071=VERTEX_POINT('',#3813);
#1072=VERTEX_POINT('',#3815);
#1073=VERTEX_POINT('',#3817);
#1074=VERTEX_POINT('',#3819);
#1075=VERTEX_POINT('',#3821);
#1076=VERTEX_POINT('',#3825);
#1077=VERTEX_POINT('',#3827);
#1078=VERTEX_POINT('',#3829);
#1079=VERTEX_POINT('',#3831);
#1080=VERTEX_POINT('',#3835);
#1081=VERTEX_POINT('',#3837);
#1082=VERTEX_POINT('',#3841);
#1083=VERTEX_POINT('',#3845);
#1084=VERTEX_POINT('',#3847);
#1085=VERTEX_POINT('',#3849);
#1086=VERTEX_POINT('',#3851);
#1087=VERTEX_POINT('',#3853);
#1088=VERTEX_POINT('',#3857);
#1089=VERTEX_POINT('',#3859);
#1090=VERTEX_POINT('',#3861);
#1091=VERTEX_POINT('',#3863);
#1092=VERTEX_POINT('',#3865);
#1093=VERTEX_POINT('',#3867);
#1094=VERTEX_POINT('',#3869);
#1095=VERTEX_POINT('',#3871);
#1096=VERTEX_POINT('',#3873);
#1097=VERTEX_POINT('',#3875);
#1098=VERTEX_POINT('',#3877);
#1099=VERTEX_POINT('',#3879);
#1100=VERTEX_POINT('',#3881);
#1101=VERTEX_POINT('',#3884);
#1102=VERTEX_POINT('',#3885);
#1103=VERTEX_POINT('',#3887);
#1104=VERTEX_POINT('',#3889);
#1105=VERTEX_POINT('',#3891);
#1106=VERTEX_POINT('',#3893);
#1107=VERTEX_POINT('',#3895);
#1108=VERTEX_POINT('',#3897);
#1109=VERTEX_POINT('',#3901);
#1110=VERTEX_POINT('',#3903);
#1111=VERTEX_POINT('',#3909);
#1112=VERTEX_POINT('',#3911);
#1113=VERTEX_POINT('',#3915);
#1114=VERTEX_POINT('',#3917);
#1115=VERTEX_POINT('',#3921);
#1116=VERTEX_POINT('',#3925);
#1117=VERTEX_POINT('',#3927);
#1118=VERTEX_POINT('',#3929);
#1119=VERTEX_POINT('',#3931);
#1120=VERTEX_POINT('',#3933);
#1121=VERTEX_POINT('',#3935);
#1122=VERTEX_POINT('',#3937);
#1123=VERTEX_POINT('',#3939);
#1124=VERTEX_POINT('',#3941);
#1125=VERTEX_POINT('',#3943);
#1126=VERTEX_POINT('',#3945);
#1127=VERTEX_POINT('',#3949);
#1128=VERTEX_POINT('',#3952);
#1129=VERTEX_POINT('',#3954);
#1130=VERTEX_POINT('',#3956);
#1131=VERTEX_POINT('',#3958);
#1132=VERTEX_POINT('',#3960);
#1133=VERTEX_POINT('',#3962);
#1134=VERTEX_POINT('',#3964);
#1135=VERTEX_POINT('',#3966);
#1136=VERTEX_POINT('',#3968);
#1137=VERTEX_POINT('',#3970);
#1138=VERTEX_POINT('',#3972);
#1139=VERTEX_POINT('',#3974);
#1140=VERTEX_POINT('',#3976);
#1141=VERTEX_POINT('',#3978);
#1142=VERTEX_POINT('',#3980);
#1143=VERTEX_POINT('',#3982);
#1144=VERTEX_POINT('',#3984);
#1145=VERTEX_POINT('',#3992);
#1146=VERTEX_POINT('',#3993);
#1147=VERTEX_POINT('',#3995);
#1148=VERTEX_POINT('',#3997);
#1149=VERTEX_POINT('',#4001);
#1150=VERTEX_POINT('',#4003);
#1151=VERTEX_POINT('',#4007);
#1152=VERTEX_POINT('',#4009);
#1153=VERTEX_POINT('',#4013);
#1154=VERTEX_POINT('',#4015);
#1155=VERTEX_POINT('',#4019);
#1156=VERTEX_POINT('',#4021);
#1157=VERTEX_POINT('',#4025);
#1158=VERTEX_POINT('',#4027);
#1159=VERTEX_POINT('',#4031);
#1160=VERTEX_POINT('',#4035);
#1161=VERTEX_POINT('',#4039);
#1162=VERTEX_POINT('',#4043);
#1163=VERTEX_POINT('',#4054);
#1164=VERTEX_POINT('',#4056);
#1165=VERTEX_POINT('',#4058);
#1166=VERTEX_POINT('',#4060);
#1167=VERTEX_POINT('',#4062);
#1168=VERTEX_POINT('',#4066);
#1169=VERTEX_POINT('',#4070);
#1170=VERTEX_POINT('',#4072);
#1171=VERTEX_POINT('',#4078);
#1172=VERTEX_POINT('',#4080);
#1173=VERTEX_POINT('',#4082);
#1174=VERTEX_POINT('',#4084);
#1175=VERTEX_POINT('',#4086);
#1176=VERTEX_POINT('',#4088);
#1177=VERTEX_POINT('',#4092);
#1178=VERTEX_POINT('',#4093);
#1179=VERTEX_POINT('',#4095);
#1180=VERTEX_POINT('',#4097);
#1181=VERTEX_POINT('',#4101);
#1182=VERTEX_POINT('',#4103);
#1183=VERTEX_POINT('',#4105);
#1184=VERTEX_POINT('',#4110);
#1185=VERTEX_POINT('',#4112);
#1186=VERTEX_POINT('',#4114);
#1187=VERTEX_POINT('',#4116);
#1188=VERTEX_POINT('',#4118);
#1189=VERTEX_POINT('',#4120);
#1190=VERTEX_POINT('',#4122);
#1191=VERTEX_POINT('',#4124);
#1192=VERTEX_POINT('',#4126);
#1193=VERTEX_POINT('',#4128);
#1194=VERTEX_POINT('',#4130);
#1195=VERTEX_POINT('',#4132);
#1196=VERTEX_POINT('',#4134);
#1197=VERTEX_POINT('',#4136);
#1198=VERTEX_POINT('',#4138);
#1199=VERTEX_POINT('',#4140);
#1200=VERTEX_POINT('',#4142);
#1201=VERTEX_POINT('',#4144);
#1202=VERTEX_POINT('',#4146);
#1203=VERTEX_POINT('',#4148);
#1204=VERTEX_POINT('',#4150);
#1205=VERTEX_POINT('',#4152);
#1206=VERTEX_POINT('',#4154);
#1207=VERTEX_POINT('',#4157);
#1208=VERTEX_POINT('',#4159);
#1209=VERTEX_POINT('',#4163);
#1210=VERTEX_POINT('',#4165);
#1211=VERTEX_POINT('',#4169);
#1212=VERTEX_POINT('',#4171);
#1213=VERTEX_POINT('',#4175);
#1214=VERTEX_POINT('',#4183);
#1215=VERTEX_POINT('',#4188);
#1216=VERTEX_POINT('',#4190);
#1217=VERTEX_POINT('',#4194);
#1218=VERTEX_POINT('',#4196);
#1219=VERTEX_POINT('',#4200);
#1220=VERTEX_POINT('',#4204);
#1221=VERTEX_POINT('',#4210);
#1222=VERTEX_POINT('',#4214);
#1223=VERTEX_POINT('',#4220);
#1224=VERTEX_POINT('',#4224);
#1225=VERTEX_POINT('',#4228);
#1226=VERTEX_POINT('',#4265);
#1227=VERTEX_POINT('',#4267);
#1228=VERTEX_POINT('',#4271);
#1229=VERTEX_POINT('',#4273);
#1230=VERTEX_POINT('',#4277);
#1231=VERTEX_POINT('',#4278);
#1232=VERTEX_POINT('',#4283);
#1233=VERTEX_POINT('',#4285);
#1234=VERTEX_POINT('',#4290);
#1235=VERTEX_POINT('',#4292);
#1236=VERTEX_POINT('',#4294);
#1237=VERTEX_POINT('',#4296);
#1238=VERTEX_POINT('',#4300);
#1239=VERTEX_POINT('',#4304);
#1240=VERTEX_POINT('',#4313);
#1241=VERTEX_POINT('',#4315);
#1242=VERTEX_POINT('',#4320);
#1243=VERTEX_POINT('',#4324);
#1244=VERTEX_POINT('',#4325);
#1245=VERTEX_POINT('',#4327);
#1246=VERTEX_POINT('',#4330);
#1247=VERTEX_POINT('',#4334);
#1248=VERTEX_POINT('',#4336);
#1249=VERTEX_POINT('',#4340);
#1250=VERTEX_POINT('',#4344);
#1251=VERTEX_POINT('',#4350);
#1252=VERTEX_POINT('',#4354);
#1253=VERTEX_POINT('',#4360);
#1254=VERTEX_POINT('',#4364);
#1255=VERTEX_POINT('',#4368);
#1256=VERTEX_POINT('',#4375);
#1257=VERTEX_POINT('',#4377);
#1258=VERTEX_POINT('',#4379);
#1259=VERTEX_POINT('',#4381);
#1260=VERTEX_POINT('',#4383);
#1261=VERTEX_POINT('',#4385);
#1262=VERTEX_POINT('',#4387);
#1263=VERTEX_POINT('',#4389);
#1264=VERTEX_POINT('',#4391);
#1265=VERTEX_POINT('',#4393);
#1266=VERTEX_POINT('',#4395);
#1267=VERTEX_POINT('',#4397);
#1268=VERTEX_POINT('',#4401);
#1269=VERTEX_POINT('',#4405);
#1270=VERTEX_POINT('',#4409);
#1271=VERTEX_POINT('',#4413);
#1272=VERTEX_POINT('',#4417);
#1273=VERTEX_POINT('',#4421);
#1274=VERTEX_POINT('',#4425);
#1275=VERTEX_POINT('',#4432);
#1276=VERTEX_POINT('',#4436);
#1277=VERTEX_POINT('',#4440);
#1278=VERTEX_POINT('',#4444);
#1279=EDGE_CURVE('',#1022,#1023,#426,.T.);
#1280=EDGE_CURVE('',#1023,#1024,#427,.T.);
#1281=EDGE_CURVE('',#1024,#1025,#428,.T.);
#1282=EDGE_CURVE('',#1025,#1022,#429,.T.);
#1283=EDGE_CURVE('',#1026,#1027,#22,.T.);
#1284=EDGE_CURVE('',#1027,#1028,#430,.T.);
#1285=EDGE_CURVE('',#1028,#1029,#23,.T.);
#1286=EDGE_CURVE('',#1026,#1029,#431,.T.);
#1287=EDGE_CURVE('',#1030,#1027,#432,.T.);
#1288=EDGE_CURVE('',#1030,#1031,#433,.T.);
#1289=EDGE_CURVE('',#1031,#1032,#434,.T.);
#1290=EDGE_CURVE('',#1032,#1028,#435,.T.);
#1291=EDGE_CURVE('',#1033,#1030,#24,.T.);
#1292=EDGE_CURVE('',#1033,#1034,#436,.T.);
#1293=EDGE_CURVE('',#1034,#1032,#25,.T.);
#1294=EDGE_CURVE('',#1030,#1031,#437,.T.);
#1295=EDGE_CURVE('',#1035,#1033,#26,.T.);
#1296=EDGE_CURVE('',#1035,#1036,#438,.T.);
#1297=EDGE_CURVE('',#1036,#1034,#27,.T.);
#1298=EDGE_CURVE('',#1037,#1035,#28,.T.);
#1299=EDGE_CURVE('',#1037,#1038,#439,.T.);
#1300=EDGE_CURVE('',#1038,#1039,#440,.T.);
#1301=EDGE_CURVE('',#1039,#1036,#29,.T.);
#1302=EDGE_CURVE('',#1038,#1040,#441,.T.);
#1303=EDGE_CURVE('',#1040,#1041,#442,.T.);
#1304=EDGE_CURVE('',#1041,#1039,#443,.T.);
#1305=EDGE_CURVE('',#1025,#1042,#30,.T.);
#1306=EDGE_CURVE('',#1042,#1043,#444,.T.);
#1307=EDGE_CURVE('',#1043,#1041,#31,.T.);
#1308=EDGE_CURVE('',#1022,#1040,#445,.T.);
#1309=EDGE_CURVE('',#1042,#1026,#32,.T.);
#1310=EDGE_CURVE('',#1029,#1043,#33,.T.);
#1311=EDGE_CURVE('',#1024,#1025,#446,.T.);
#1312=EDGE_CURVE('',#1037,#1024,#447,.T.);
#1313=EDGE_CURVE('',#1030,#1027,#448,.T.);
#1314=EDGE_CURVE('',#1044,#1045,#449,.T.);
#1315=EDGE_CURVE('',#1044,#1046,#450,.T.);
#1316=EDGE_CURVE('',#1047,#1046,#451,.T.);
#1317=EDGE_CURVE('',#1047,#1045,#452,.T.);
#1318=EDGE_CURVE('',#1048,#1044,#453,.T.);
#1319=EDGE_CURVE('',#1049,#1048,#454,.T.);
#1320=EDGE_CURVE('',#1046,#1049,#455,.T.);
#1321=EDGE_CURVE('',#1045,#1050,#456,.T.);
#1322=EDGE_CURVE('',#1051,#1047,#457,.T.);
#1323=EDGE_CURVE('',#1051,#1050,#458,.T.);
#1324=EDGE_CURVE('',#1050,#1048,#459,.T.);
#1325=EDGE_CURVE('',#1049,#1051,#460,.T.);
#1326=EDGE_CURVE('',#1052,#1024,#461,.T.);
#1327=EDGE_CURVE('',#1053,#1023,#462,.T.);
#1328=EDGE_CURVE('',#1052,#1053,#463,.T.);
#1329=EDGE_CURVE('',#1054,#1055,#464,.T.);
#1330=EDGE_CURVE('',#1056,#1054,#465,.T.);
#1331=EDGE_CURVE('',#1057,#1056,#466,.T.);
#1332=EDGE_CURVE('',#1055,#1057,#467,.T.);
#1333=EDGE_CURVE('',#1025,#1055,#468,.T.);
#1334=EDGE_CURVE('',#1054,#1052,#469,.T.);
#1335=EDGE_CURVE('',#1053,#1056,#470,.T.);
#1336=EDGE_CURVE('',#1057,#1022,#471,.T.);
#1337=EDGE_CURVE('',#1058,#1059,#472,.T.);
#1338=EDGE_CURVE('',#1060,#1058,#34,.T.);
#1339=EDGE_CURVE('',#1060,#1061,#473,.T.);
#1340=EDGE_CURVE('',#1062,#1061,#35,.T.);
#1341=EDGE_CURVE('',#1063,#1062,#474,.T.);
#1342=EDGE_CURVE('',#1064,#1063,#36,.T.);
#1343=EDGE_CURVE('',#1065,#1064,#475,.T.);
#1344=EDGE_CURVE('',#1066,#1065,#37,.T.);
#1345=EDGE_CURVE('',#1067,#1066,#476,.T.);
#1346=EDGE_CURVE('',#1068,#1067,#38,.T.);
#1347=EDGE_CURVE('',#1069,#1068,#477,.T.);
#1348=EDGE_CURVE('',#1061,#1069,#39,.T.);
#1349=EDGE_CURVE('',#1070,#1060,#40,.T.);
#1350=EDGE_CURVE('',#1071,#1070,#478,.T.);
#1351=EDGE_CURVE('',#1072,#1071,#41,.T.);
#1352=EDGE_CURVE('',#1073,#1072,#479,.T.);
#1353=EDGE_CURVE('',#1074,#1073,#42,.T.);
#1354=EDGE_CURVE('',#1075,#1074,#480,.T.);
#1355=EDGE_CURVE('',#1059,#1075,#43,.T.);
#1356=EDGE_CURVE('',#1062,#1076,#481,.T.);
#1357=EDGE_CURVE('',#1076,#1077,#482,.T.);
#1358=EDGE_CURVE('',#1077,#1078,#483,.T.);
#1359=EDGE_CURVE('',#1078,#1079,#484,.T.);
#1360=EDGE_CURVE('',#1079,#1063,#485,.T.);
#1361=EDGE_CURVE('',#1068,#1080,#486,.T.);
#1362=EDGE_CURVE('',#1080,#1081,#487,.T.);
#1363=EDGE_CURVE('',#1081,#1069,#488,.T.);
#1364=EDGE_CURVE('',#1079,#1082,#489,.T.);
#1365=EDGE_CURVE('',#1064,#1082,#490,.T.);
#1366=EDGE_CURVE('',#1083,#1067,#491,.T.);
#1367=EDGE_CURVE('',#1084,#1083,#44,.T.);
#1368=EDGE_CURVE('',#1084,#1085,#492,.T.);
#1369=EDGE_CURVE('',#1086,#1085,#493,.T.);
#1370=EDGE_CURVE('',#1087,#1086,#494,.T.);
#1371=EDGE_CURVE('',#1080,#1087,#45,.T.);
#1372=EDGE_CURVE('',#1065,#1088,#495,.T.);
#1373=EDGE_CURVE('',#1088,#1089,#46,.T.);
#1374=EDGE_CURVE('',#1089,#1090,#496,.T.);
#1375=EDGE_CURVE('',#1091,#1090,#47,.T.);
#1376=EDGE_CURVE('',#1091,#1092,#48,.T.);
#1377=EDGE_CURVE('',#1093,#1092,#49,.T.);
#1378=EDGE_CURVE('',#1093,#1094,#497,.T.);
#1379=EDGE_CURVE('',#1094,#1095,#50,.T.);
#1380=EDGE_CURVE('',#1096,#1095,#51,.T.);
#1381=EDGE_CURVE('',#1096,#1097,#498,.T.);
#1382=EDGE_CURVE('',#1098,#1097,#52,.T.);
#1383=EDGE_CURVE('',#1098,#1099,#53,.T.);
#1384=EDGE_CURVE('',#1099,#1100,#54,.T.);
#1385=EDGE_CURVE('',#1100,#1066,#499,.T.);
#1386=EDGE_CURVE('',#1101,#1102,#55,.T.);
#1387=EDGE_CURVE('',#1102,#1103,#56,.T.);
#1388=EDGE_CURVE('',#1103,#1104,#57,.T.);
#1389=EDGE_CURVE('',#1104,#1105,#58,.T.);
#1390=EDGE_CURVE('',#1105,#1106,#59,.T.);
#1391=EDGE_CURVE('',#1107,#1106,#60,.T.);
#1392=EDGE_CURVE('',#1107,#1108,#61,.T.);
#1393=EDGE_CURVE('',#1101,#1108,#62,.T.);
#1394=EDGE_CURVE('',#1082,#1109,#500,.T.);
#1395=EDGE_CURVE('',#1110,#1109,#501,.T.);
#1396=EDGE_CURVE('',#1088,#1110,#502,.T.);
#1397=EDGE_CURVE('',#1083,#1100,#503,.T.);
#1398=EDGE_CURVE('',#1111,#1074,#504,.T.);
#1399=EDGE_CURVE('',#1112,#1111,#505,.T.);
#1400=EDGE_CURVE('',#1112,#1075,#506,.T.);
#1401=EDGE_CURVE('',#1072,#1113,#507,.T.);
#1402=EDGE_CURVE('',#1114,#1113,#508,.T.);
#1403=EDGE_CURVE('',#1073,#1114,#509,.T.);
#1404=EDGE_CURVE('',#1115,#1112,#510,.T.);
#1405=EDGE_CURVE('',#1059,#1115,#511,.T.);
#1406=EDGE_CURVE('',#1116,#1071,#512,.T.);
#1407=EDGE_CURVE('',#1117,#1116,#513,.T.);
#1408=EDGE_CURVE('',#1118,#1117,#514,.T.);
#1409=EDGE_CURVE('',#1119,#1118,#515,.T.);
#1410=EDGE_CURVE('',#1120,#1119,#63,.T.);
#1411=EDGE_CURVE('',#1120,#1121,#516,.T.);
#1412=EDGE_CURVE('',#1122,#1121,#517,.T.);
#1413=EDGE_CURVE('',#1123,#1122,#518,.T.);
#1414=EDGE_CURVE('',#1124,#1123,#64,.T.);
#1415=EDGE_CURVE('',#1125,#1124,#519,.T.);
#1416=EDGE_CURVE('',#1126,#1125,#520,.T.);
#1417=EDGE_CURVE('',#1113,#1126,#521,.T.);
#1418=EDGE_CURVE('',#1058,#1127,#522,.T.);
#1419=EDGE_CURVE('',#1127,#1078,#523,.T.);
#1420=EDGE_CURVE('',#1077,#1128,#65,.T.);
#1421=EDGE_CURVE('',#1128,#1129,#524,.T.);
#1422=EDGE_CURVE('',#1129,#1130,#525,.T.);
#1423=EDGE_CURVE('',#1130,#1131,#526,.T.);
#1424=EDGE_CURVE('',#1131,#1132,#527,.T.);
#1425=EDGE_CURVE('',#1132,#1133,#528,.T.);
#1426=EDGE_CURVE('',#1133,#1134,#529,.T.);
#1427=EDGE_CURVE('',#1134,#1135,#530,.T.);
#1428=EDGE_CURVE('',#1135,#1136,#531,.T.);
#1429=EDGE_CURVE('',#1136,#1137,#532,.T.);
#1430=EDGE_CURVE('',#1137,#1138,#533,.T.);
#1431=EDGE_CURVE('',#1138,#1139,#534,.T.);
#1432=EDGE_CURVE('',#1139,#1140,#535,.T.);
#1433=EDGE_CURVE('',#1140,#1141,#536,.T.);
#1434=EDGE_CURVE('',#1141,#1142,#537,.T.);
#1435=EDGE_CURVE('',#1142,#1143,#538,.T.);
#1436=EDGE_CURVE('',#1143,#1144,#539,.T.);
#1437=EDGE_CURVE('',#1144,#1070,#540,.T.);
#1438=EDGE_CURVE('',#1115,#1127,#541,.T.);
#1439=EDGE_CURVE('',#1116,#1144,#542,.T.);
#1440=EDGE_CURVE('',#1145,#1146,#66,.T.);
#1441=EDGE_CURVE('',#1146,#1147,#543,.T.);
#1442=EDGE_CURVE('',#1147,#1148,#67,.T.);
#1443=EDGE_CURVE('',#1148,#1145,#544,.T.);
#1444=EDGE_CURVE('',#1146,#1149,#68,.F.);
#1445=EDGE_CURVE('',#1150,#1149,#545,.T.);
#1446=EDGE_CURVE('',#1150,#1147,#69,.T.);
#1447=EDGE_CURVE('',#1149,#1151,#70,.T.);
#1448=EDGE_CURVE('',#1151,#1152,#546,.T.);
#1449=EDGE_CURVE('',#1152,#1150,#71,.T.);
#1450=EDGE_CURVE('',#1151,#1153,#72,.T.);
#1451=EDGE_CURVE('',#1154,#1153,#547,.T.);
#1452=EDGE_CURVE('',#1154,#1152,#73,.T.);
#1453=EDGE_CURVE('',#1148,#1155,#74,.T.);
#1454=EDGE_CURVE('',#1155,#1156,#548,.T.);
#1455=EDGE_CURVE('',#1156,#1145,#75,.T.);
#1456=EDGE_CURVE('',#1108,#1157,#549,.T.);
#1457=EDGE_CURVE('',#1157,#1158,#76,.T.);
#1458=EDGE_CURVE('',#1158,#1101,#550,.T.);
#1459=EDGE_CURVE('',#1159,#1107,#551,.T.);
#1460=EDGE_CURVE('',#1157,#1159,#77,.F.);
#1461=EDGE_CURVE('',#1106,#1160,#552,.T.);
#1462=EDGE_CURVE('',#1160,#1159,#78,.T.);
#1463=EDGE_CURVE('',#1161,#1105,#553,.T.);
#1464=EDGE_CURVE('',#1160,#1161,#79,.T.);
#1465=EDGE_CURVE('',#1162,#1158,#80,.T.);
#1466=EDGE_CURVE('',#1162,#1102,#554,.T.);
#1467=EDGE_CURVE('',#1123,#1084,#555,.T.);
#1468=EDGE_CURVE('',#1085,#1122,#556,.T.);
#1469=EDGE_CURVE('',#1087,#1120,#557,.T.);
#1470=EDGE_CURVE('',#1121,#1086,#558,.T.);
#1471=EDGE_CURVE('',#1163,#1119,#559,.T.);
#1472=EDGE_CURVE('',#1163,#1164,#81,.T.);
#1473=EDGE_CURVE('',#1164,#1165,#560,.T.);
#1474=EDGE_CURVE('',#1165,#1166,#82,.T.);
#1475=EDGE_CURVE('',#1166,#1167,#561,.T.);
#1476=EDGE_CURVE('',#1167,#1081,#83,.T.);
#1477=EDGE_CURVE('',#1118,#1168,#562,.T.);
#1478=EDGE_CURVE('',#1168,#1163,#563,.T.);
#1479=EDGE_CURVE('',#1169,#1124,#564,.T.);
#1480=EDGE_CURVE('',#1169,#1170,#565,.T.);
#1481=EDGE_CURVE('',#1170,#1125,#566,.T.);
#1482=EDGE_CURVE('',#1109,#1111,#567,.T.);
#1483=EDGE_CURVE('',#1171,#1143,#568,.T.);
#1484=EDGE_CURVE('',#1171,#1172,#569,.T.);
#1485=EDGE_CURVE('',#1173,#1172,#570,.T.);
#1486=EDGE_CURVE('',#1174,#1173,#571,.T.);
#1487=EDGE_CURVE('',#1175,#1174,#572,.T.);
#1488=EDGE_CURVE('',#1175,#1176,#573,.T.);
#1489=EDGE_CURVE('',#1176,#1116,#574,.T.);
#1490=EDGE_CURVE('',#1177,#1178,#575,.T.);
#1491=EDGE_CURVE('',#1178,#1179,#576,.T.);
#1492=EDGE_CURVE('',#1179,#1180,#577,.T.);
#1493=EDGE_CURVE('',#1180,#1177,#578,.T.);
#1494=EDGE_CURVE('',#1181,#1099,#579,.T.);
#1495=EDGE_CURVE('',#1182,#1181,#84,.T.);
#1496=EDGE_CURVE('',#1182,#1183,#580,.T.);
#1497=EDGE_CURVE('',#1183,#1169,#85,.T.);
#1498=EDGE_CURVE('',#1165,#1172,#581,.T.);
#1499=EDGE_CURVE('',#1184,#1171,#582,.T.);
#1500=EDGE_CURVE('',#1185,#1184,#583,.T.);
#1501=EDGE_CURVE('',#1186,#1185,#584,.T.);
#1502=EDGE_CURVE('',#1187,#1186,#585,.T.);
#1503=EDGE_CURVE('',#1188,#1187,#586,.T.);
#1504=EDGE_CURVE('',#1189,#1188,#587,.T.);
#1505=EDGE_CURVE('',#1190,#1189,#588,.T.);
#1506=EDGE_CURVE('',#1191,#1190,#589,.T.);
#1507=EDGE_CURVE('',#1192,#1191,#590,.T.);
#1508=EDGE_CURVE('',#1193,#1192,#591,.T.);
#1509=EDGE_CURVE('',#1194,#1193,#592,.T.);
#1510=EDGE_CURVE('',#1195,#1194,#593,.T.);
#1511=EDGE_CURVE('',#1196,#1195,#594,.T.);
#1512=EDGE_CURVE('',#1197,#1196,#595,.T.);
#1513=EDGE_CURVE('',#1198,#1197,#596,.T.);
#1514=EDGE_CURVE('',#1199,#1198,#86,.T.);
#1515=EDGE_CURVE('',#1200,#1199,#87,.T.);
#1516=EDGE_CURVE('',#1201,#1200,#88,.T.);
#1517=EDGE_CURVE('',#1202,#1201,#597,.T.);
#1518=EDGE_CURVE('',#1203,#1202,#89,.T.);
#1519=EDGE_CURVE('',#1204,#1203,#90,.T.);
#1520=EDGE_CURVE('',#1205,#1204,#598,.T.);
#1521=EDGE_CURVE('',#1206,#1205,#91,.T.);
#1522=EDGE_CURVE('',#1166,#1206,#92,.T.);
#1523=EDGE_CURVE('',#1207,#1154,#93,.T.);
#1524=EDGE_CURVE('',#1208,#1207,#94,.T.);
#1525=EDGE_CURVE('',#1155,#1208,#95,.T.);
#1526=EDGE_CURVE('',#1209,#1173,#599,.T.);
#1527=EDGE_CURVE('',#1210,#1209,#600,.T.);
#1528=EDGE_CURVE('',#1174,#1210,#601,.T.);
#1529=EDGE_CURVE('',#1211,#1209,#602,.T.);
#1530=EDGE_CURVE('',#1212,#1211,#603,.T.);
#1531=EDGE_CURVE('',#1210,#1212,#604,.T.);
#1532=EDGE_CURVE('',#1213,#1117,#605,.T.);
#1533=EDGE_CURVE('',#1213,#1168,#606,.T.);
#1534=EDGE_CURVE('',#1213,#1176,#607,.T.);
#1535=EDGE_CURVE('',#1175,#1212,#608,.T.);
#1536=EDGE_CURVE('',#1214,#1206,#609,.T.);
#1537=EDGE_CURVE('',#1214,#1167,#96,.T.);
#1538=EDGE_CURVE('',#1129,#1197,#610,.T.);
#1539=EDGE_CURVE('',#1128,#1215,#611,.T.);
#1540=EDGE_CURVE('',#1215,#1216,#612,.T.);
#1541=EDGE_CURVE('',#1216,#1198,#613,.T.);
#1542=EDGE_CURVE('',#1217,#1203,#614,.T.);
#1543=EDGE_CURVE('',#1202,#1218,#615,.T.);
#1544=EDGE_CURVE('',#1218,#1217,#97,.T.);
#1545=EDGE_CURVE('',#1219,#1217,#98,.T.);
#1546=EDGE_CURVE('',#1204,#1219,#616,.T.);
#1547=EDGE_CURVE('',#1220,#1205,#617,.T.);
#1548=EDGE_CURVE('',#1219,#1220,#618,.T.);
#1549=EDGE_CURVE('',#1214,#1220,#99,.T.);
#1550=EDGE_CURVE('',#1221,#1156,#100,.T.);
#1551=EDGE_CURVE('',#1208,#1221,#619,.T.);
#1552=EDGE_CURVE('',#1222,#1221,#101,.T.);
#1553=EDGE_CURVE('',#1207,#1222,#620,.T.);
#1554=EDGE_CURVE('',#1153,#1222,#102,.T.);
#1555=EDGE_CURVE('',#1201,#1223,#621,.T.);
#1556=EDGE_CURVE('',#1223,#1218,#622,.T.);
#1557=EDGE_CURVE('',#1223,#1224,#103,.T.);
#1558=EDGE_CURVE('',#1224,#1200,#623,.T.);
#1559=EDGE_CURVE('',#1225,#1199,#624,.T.);
#1560=EDGE_CURVE('',#1225,#1224,#104,.T.);
#1561=EDGE_CURVE('',#1225,#1216,#105,.T.);
#1562=EDGE_CURVE('',#1184,#1142,#625,.T.);
#1563=EDGE_CURVE('',#1195,#1131,#626,.T.);
#1564=EDGE_CURVE('',#1196,#1130,#627,.T.);
#1565=EDGE_CURVE('',#1194,#1132,#628,.T.);
#1566=EDGE_CURVE('',#1193,#1133,#629,.T.);
#1567=EDGE_CURVE('',#1192,#1134,#630,.T.);
#1568=EDGE_CURVE('',#1191,#1135,#631,.T.);
#1569=EDGE_CURVE('',#1190,#1136,#632,.T.);
#1570=EDGE_CURVE('',#1189,#1137,#633,.T.);
#1571=EDGE_CURVE('',#1188,#1138,#634,.T.);
#1572=EDGE_CURVE('',#1187,#1139,#635,.T.);
#1573=EDGE_CURVE('',#1186,#1140,#636,.T.);
#1574=EDGE_CURVE('',#1185,#1141,#637,.T.);
#1575=EDGE_CURVE('',#1076,#1215,#106,.T.);
#1576=EDGE_CURVE('',#1164,#1177,#638,.T.);
#1577=EDGE_CURVE('',#1226,#1180,#639,.T.);
#1578=EDGE_CURVE('',#1227,#1226,#640,.T.);
#1579=EDGE_CURVE('',#1211,#1227,#641,.T.);
#1580=EDGE_CURVE('',#1227,#1228,#642,.T.);
#1581=EDGE_CURVE('',#1229,#1226,#643,.T.);
#1582=EDGE_CURVE('',#1228,#1229,#644,.T.);
#1583=EDGE_CURVE('',#1230,#1231,#645,.T.);
#1584=EDGE_CURVE('',#1228,#1230,#646,.T.);
#1585=EDGE_CURVE('',#1229,#1179,#647,.T.);
#1586=EDGE_CURVE('',#1183,#1178,#648,.T.);
#1587=EDGE_CURVE('',#1232,#1182,#649,.T.);
#1588=EDGE_CURVE('',#1233,#1232,#650,.T.);
#1589=EDGE_CURVE('',#1231,#1233,#651,.T.);
#1590=EDGE_CURVE('',#1234,#1230,#652,.T.);
#1591=EDGE_CURVE('',#1235,#1234,#653,.T.);
#1592=EDGE_CURVE('',#1236,#1235,#654,.T.);
#1593=EDGE_CURVE('',#1236,#1237,#655,.T.);
#1594=EDGE_CURVE('',#1237,#1170,#656,.T.);
#1595=EDGE_CURVE('',#1238,#1231,#657,.T.);
#1596=EDGE_CURVE('',#1238,#1234,#658,.T.);
#1597=EDGE_CURVE('',#1239,#1233,#659,.T.);
#1598=EDGE_CURVE('',#1239,#1238,#660,.T.);
#1599=EDGE_CURVE('',#1113,#1236,#661,.T.);
#1600=EDGE_CURVE('',#1237,#1126,#662,.T.);
#1601=EDGE_CURVE('',#1235,#1239,#663,.T.);
#1602=EDGE_CURVE('',#1240,#1232,#664,.T.);
#1603=EDGE_CURVE('',#1240,#1241,#665,.T.);
#1604=EDGE_CURVE('',#1241,#1114,#666,.T.);
#1605=EDGE_CURVE('',#1098,#1242,#667,.T.);
#1606=EDGE_CURVE('',#1181,#1242,#107,.T.);
#1607=EDGE_CURVE('',#1243,#1244,#668,.T.);
#1608=EDGE_CURVE('',#1245,#1244,#669,.T.);
#1609=EDGE_CURVE('',#1090,#1245,#670,.T.);
#1610=EDGE_CURVE('',#1246,#1089,#671,.T.);
#1611=EDGE_CURVE('',#1246,#1243,#672,.T.);
#1612=EDGE_CURVE('',#1095,#1247,#673,.T.);
#1613=EDGE_CURVE('',#1248,#1094,#674,.T.);
#1614=EDGE_CURVE('',#1247,#1248,#108,.T.);
#1615=EDGE_CURVE('',#1249,#1247,#109,.T.);
#1616=EDGE_CURVE('',#1249,#1096,#675,.T.);
#1617=EDGE_CURVE('',#1097,#1250,#676,.T.);
#1618=EDGE_CURVE('',#1250,#1249,#677,.T.);
#1619=EDGE_CURVE('',#1242,#1250,#110,.T.);
#1620=EDGE_CURVE('',#1251,#1104,#678,.T.);
#1621=EDGE_CURVE('',#1161,#1251,#111,.T.);
#1622=EDGE_CURVE('',#1252,#1103,#679,.T.);
#1623=EDGE_CURVE('',#1251,#1252,#112,.T.);
#1624=EDGE_CURVE('',#1252,#1162,#113,.T.);
#1625=EDGE_CURVE('',#1253,#1093,#680,.T.);
#1626=EDGE_CURVE('',#1248,#1253,#681,.T.);
#1627=EDGE_CURVE('',#1092,#1254,#682,.T.);
#1628=EDGE_CURVE('',#1253,#1254,#114,.T.);
#1629=EDGE_CURVE('',#1091,#1255,#683,.T.);
#1630=EDGE_CURVE('',#1254,#1255,#115,.T.);
#1631=EDGE_CURVE('',#1255,#1245,#116,.T.);
#1632=EDGE_CURVE('',#1244,#1030,#684,.T.);
#1633=EDGE_CURVE('',#1030,#1256,#685,.T.);
#1634=EDGE_CURVE('',#1256,#1257,#686,.T.);
#1635=EDGE_CURVE('',#1257,#1258,#687,.T.);
#1636=EDGE_CURVE('',#1258,#1259,#688,.T.);
#1637=EDGE_CURVE('',#1259,#1260,#689,.T.);
#1638=EDGE_CURVE('',#1260,#1261,#690,.T.);
#1639=EDGE_CURVE('',#1261,#1262,#691,.T.);
#1640=EDGE_CURVE('',#1262,#1263,#692,.T.);
#1641=EDGE_CURVE('',#1263,#1264,#693,.T.);
#1642=EDGE_CURVE('',#1264,#1265,#694,.T.);
#1643=EDGE_CURVE('',#1265,#1266,#695,.T.);
#1644=EDGE_CURVE('',#1266,#1267,#696,.T.);
#1645=EDGE_CURVE('',#1267,#1240,#697,.T.);
#1646=EDGE_CURVE('',#1267,#1268,#698,.T.);
#1647=EDGE_CURVE('',#1268,#1241,#699,.T.);
#1648=EDGE_CURVE('',#1031,#1269,#700,.T.);
#1649=EDGE_CURVE('',#1256,#1269,#701,.T.);
#1650=EDGE_CURVE('',#1269,#1270,#702,.T.);
#1651=EDGE_CURVE('',#1257,#1270,#703,.T.);
#1652=EDGE_CURVE('',#1270,#1271,#704,.T.);
#1653=EDGE_CURVE('',#1258,#1271,#705,.T.);
#1654=EDGE_CURVE('',#1271,#1272,#706,.T.);
#1655=EDGE_CURVE('',#1259,#1272,#707,.T.);
#1656=EDGE_CURVE('',#1272,#1273,#708,.T.);
#1657=EDGE_CURVE('',#1260,#1273,#709,.T.);
#1658=EDGE_CURVE('',#1273,#1274,#710,.T.);
#1659=EDGE_CURVE('',#1261,#1274,#711,.T.);
#1660=EDGE_CURVE('',#1274,#1038,#712,.T.);
#1661=EDGE_CURVE('',#1262,#1037,#713,.T.);
#1662=EDGE_CURVE('',#1040,#1275,#714,.T.);
#1663=EDGE_CURVE('',#1263,#1275,#715,.T.);
#1664=EDGE_CURVE('',#1275,#1276,#716,.T.);
#1665=EDGE_CURVE('',#1264,#1276,#717,.T.);
#1666=EDGE_CURVE('',#1276,#1277,#718,.T.);
#1667=EDGE_CURVE('',#1265,#1277,#719,.T.);
#1668=EDGE_CURVE('',#1277,#1278,#720,.T.);
#1669=EDGE_CURVE('',#1266,#1278,#721,.T.);
#1670=EDGE_CURVE('',#1278,#1268,#722,.T.);
#1671=EDGE_CURVE('',#1243,#1031,#723,.T.);
#1672=EDGE_CURVE('',#1110,#1246,#117,.T.);
#1673=ORIENTED_EDGE('',*,*,#1279,.T.);
#1674=ORIENTED_EDGE('',*,*,#1280,.T.);
#1675=ORIENTED_EDGE('',*,*,#1281,.T.);
#1676=ORIENTED_EDGE('',*,*,#1282,.T.);
#1677=ORIENTED_EDGE('',*,*,#1283,.T.);
#1678=ORIENTED_EDGE('',*,*,#1284,.T.);
#1679=ORIENTED_EDGE('',*,*,#1285,.T.);
#1680=ORIENTED_EDGE('',*,*,#1286,.F.);
#1681=ORIENTED_EDGE('',*,*,#1287,.F.);
#1682=ORIENTED_EDGE('',*,*,#1288,.T.);
#1683=ORIENTED_EDGE('',*,*,#1289,.T.);
#1684=ORIENTED_EDGE('',*,*,#1290,.T.);
#1685=ORIENTED_EDGE('',*,*,#1284,.F.);
#1686=ORIENTED_EDGE('',*,*,#1291,.F.);
#1687=ORIENTED_EDGE('',*,*,#1292,.T.);
#1688=ORIENTED_EDGE('',*,*,#1293,.T.);
#1689=ORIENTED_EDGE('',*,*,#1289,.F.);
#1690=ORIENTED_EDGE('',*,*,#1294,.F.);
#1691=ORIENTED_EDGE('',*,*,#1295,.F.);
#1692=ORIENTED_EDGE('',*,*,#1296,.T.);
#1693=ORIENTED_EDGE('',*,*,#1297,.T.);
#1694=ORIENTED_EDGE('',*,*,#1292,.F.);
#1695=ORIENTED_EDGE('',*,*,#1298,.F.);
#1696=ORIENTED_EDGE('',*,*,#1299,.T.);
#1697=ORIENTED_EDGE('',*,*,#1300,.T.);
#1698=ORIENTED_EDGE('',*,*,#1301,.T.);
#1699=ORIENTED_EDGE('',*,*,#1296,.F.);
#1700=ORIENTED_EDGE('',*,*,#1302,.T.);
#1701=ORIENTED_EDGE('',*,*,#1303,.T.);
#1702=ORIENTED_EDGE('',*,*,#1304,.T.);
#1703=ORIENTED_EDGE('',*,*,#1300,.F.);
#1704=ORIENTED_EDGE('',*,*,#1305,.T.);
#1705=ORIENTED_EDGE('',*,*,#1306,.T.);
#1706=ORIENTED_EDGE('',*,*,#1307,.T.);
#1707=ORIENTED_EDGE('',*,*,#1303,.F.);
#1708=ORIENTED_EDGE('',*,*,#1308,.F.);
#1709=ORIENTED_EDGE('',*,*,#1282,.F.);
#1710=ORIENTED_EDGE('',*,*,#1309,.T.);
#1711=ORIENTED_EDGE('',*,*,#1286,.T.);
#1712=ORIENTED_EDGE('',*,*,#1310,.T.);
#1713=ORIENTED_EDGE('',*,*,#1306,.F.);
#1714=ORIENTED_EDGE('',*,*,#1309,.F.);
#1715=ORIENTED_EDGE('',*,*,#1305,.F.);
#1716=ORIENTED_EDGE('',*,*,#1311,.F.);
#1717=ORIENTED_EDGE('',*,*,#1312,.F.);
#1718=ORIENTED_EDGE('',*,*,#1298,.T.);
#1719=ORIENTED_EDGE('',*,*,#1295,.T.);
#1720=ORIENTED_EDGE('',*,*,#1291,.T.);
#1721=ORIENTED_EDGE('',*,*,#1313,.T.);
#1722=ORIENTED_EDGE('',*,*,#1283,.F.);
#1723=ORIENTED_EDGE('',*,*,#1310,.F.);
#1724=ORIENTED_EDGE('',*,*,#1285,.F.);
#1725=ORIENTED_EDGE('',*,*,#1290,.F.);
#1726=ORIENTED_EDGE('',*,*,#1293,.F.);
#1727=ORIENTED_EDGE('',*,*,#1297,.F.);
#1728=ORIENTED_EDGE('',*,*,#1301,.F.);
#1729=ORIENTED_EDGE('',*,*,#1304,.F.);
#1730=ORIENTED_EDGE('',*,*,#1307,.F.);
#1731=ORIENTED_EDGE('',*,*,#1314,.F.);
#1732=ORIENTED_EDGE('',*,*,#1315,.T.);
#1733=ORIENTED_EDGE('',*,*,#1316,.F.);
#1734=ORIENTED_EDGE('',*,*,#1317,.T.);
#1735=ORIENTED_EDGE('',*,*,#1318,.F.);
#1736=ORIENTED_EDGE('',*,*,#1319,.F.);
#1737=ORIENTED_EDGE('',*,*,#1320,.F.);
#1738=ORIENTED_EDGE('',*,*,#1315,.F.);
#1739=ORIENTED_EDGE('',*,*,#1321,.F.);
#1740=ORIENTED_EDGE('',*,*,#1317,.F.);
#1741=ORIENTED_EDGE('',*,*,#1322,.F.);
#1742=ORIENTED_EDGE('',*,*,#1323,.T.);
#1743=ORIENTED_EDGE('',*,*,#1324,.F.);
#1744=ORIENTED_EDGE('',*,*,#1323,.F.);
#1745=ORIENTED_EDGE('',*,*,#1325,.F.);
#1746=ORIENTED_EDGE('',*,*,#1319,.T.);
#1747=ORIENTED_EDGE('',*,*,#1326,.T.);
#1748=ORIENTED_EDGE('',*,*,#1280,.F.);
#1749=ORIENTED_EDGE('',*,*,#1327,.F.);
#1750=ORIENTED_EDGE('',*,*,#1328,.F.);
#1751=ORIENTED_EDGE('',*,*,#1329,.F.);
#1752=ORIENTED_EDGE('',*,*,#1330,.F.);
#1753=ORIENTED_EDGE('',*,*,#1331,.F.);
#1754=ORIENTED_EDGE('',*,*,#1332,.F.);
#1755=ORIENTED_EDGE('',*,*,#1329,.T.);
#1756=ORIENTED_EDGE('',*,*,#1333,.F.);
#1757=ORIENTED_EDGE('',*,*,#1281,.F.);
#1758=ORIENTED_EDGE('',*,*,#1326,.F.);
#1759=ORIENTED_EDGE('',*,*,#1334,.F.);
#1760=ORIENTED_EDGE('',*,*,#1331,.T.);
#1761=ORIENTED_EDGE('',*,*,#1335,.F.);
#1762=ORIENTED_EDGE('',*,*,#1327,.T.);
#1763=ORIENTED_EDGE('',*,*,#1279,.F.);
#1764=ORIENTED_EDGE('',*,*,#1336,.F.);
#1765=ORIENTED_EDGE('',*,*,#1337,.F.);
#1766=ORIENTED_EDGE('',*,*,#1338,.F.);
#1767=ORIENTED_EDGE('',*,*,#1339,.T.);
#1768=ORIENTED_EDGE('',*,*,#1340,.F.);
#1769=ORIENTED_EDGE('',*,*,#1341,.F.);
#1770=ORIENTED_EDGE('',*,*,#1342,.F.);
#1771=ORIENTED_EDGE('',*,*,#1343,.F.);
#1772=ORIENTED_EDGE('',*,*,#1344,.F.);
#1773=ORIENTED_EDGE('',*,*,#1345,.F.);
#1774=ORIENTED_EDGE('',*,*,#1346,.F.);
#1775=ORIENTED_EDGE('',*,*,#1347,.F.);
#1776=ORIENTED_EDGE('',*,*,#1348,.F.);
#1777=ORIENTED_EDGE('',*,*,#1339,.F.);
#1778=ORIENTED_EDGE('',*,*,#1349,.F.);
#1779=ORIENTED_EDGE('',*,*,#1350,.F.);
#1780=ORIENTED_EDGE('',*,*,#1351,.F.);
#1781=ORIENTED_EDGE('',*,*,#1352,.F.);
#1782=ORIENTED_EDGE('',*,*,#1353,.F.);
#1783=ORIENTED_EDGE('',*,*,#1354,.F.);
#1784=ORIENTED_EDGE('',*,*,#1355,.F.);
#1785=ORIENTED_EDGE('',*,*,#1341,.T.);
#1786=ORIENTED_EDGE('',*,*,#1356,.T.);
#1787=ORIENTED_EDGE('',*,*,#1357,.T.);
#1788=ORIENTED_EDGE('',*,*,#1358,.T.);
#1789=ORIENTED_EDGE('',*,*,#1359,.T.);
#1790=ORIENTED_EDGE('',*,*,#1360,.T.);
#1791=ORIENTED_EDGE('',*,*,#1347,.T.);
#1792=ORIENTED_EDGE('',*,*,#1361,.T.);
#1793=ORIENTED_EDGE('',*,*,#1362,.T.);
#1794=ORIENTED_EDGE('',*,*,#1363,.T.);
#1795=ORIENTED_EDGE('',*,*,#1342,.T.);
#1796=ORIENTED_EDGE('',*,*,#1360,.F.);
#1797=ORIENTED_EDGE('',*,*,#1364,.T.);
#1798=ORIENTED_EDGE('',*,*,#1365,.F.);
#1799=ORIENTED_EDGE('',*,*,#1346,.T.);
#1800=ORIENTED_EDGE('',*,*,#1366,.F.);
#1801=ORIENTED_EDGE('',*,*,#1367,.F.);
#1802=ORIENTED_EDGE('',*,*,#1368,.T.);
#1803=ORIENTED_EDGE('',*,*,#1369,.F.);
#1804=ORIENTED_EDGE('',*,*,#1370,.F.);
#1805=ORIENTED_EDGE('',*,*,#1371,.F.);
#1806=ORIENTED_EDGE('',*,*,#1361,.F.);
#1807=ORIENTED_EDGE('',*,*,#1344,.T.);
#1808=ORIENTED_EDGE('',*,*,#1372,.T.);
#1809=ORIENTED_EDGE('',*,*,#1373,.T.);
#1810=ORIENTED_EDGE('',*,*,#1374,.T.);
#1811=ORIENTED_EDGE('',*,*,#1375,.F.);
#1812=ORIENTED_EDGE('',*,*,#1376,.T.);
#1813=ORIENTED_EDGE('',*,*,#1377,.F.);
#1814=ORIENTED_EDGE('',*,*,#1378,.T.);
#1815=ORIENTED_EDGE('',*,*,#1379,.T.);
#1816=ORIENTED_EDGE('',*,*,#1380,.F.);
#1817=ORIENTED_EDGE('',*,*,#1381,.T.);
#1818=ORIENTED_EDGE('',*,*,#1382,.F.);
#1819=ORIENTED_EDGE('',*,*,#1383,.T.);
#1820=ORIENTED_EDGE('',*,*,#1384,.T.);
#1821=ORIENTED_EDGE('',*,*,#1385,.T.);
#1822=ORIENTED_EDGE('',*,*,#1386,.T.);
#1823=ORIENTED_EDGE('',*,*,#1387,.T.);
#1824=ORIENTED_EDGE('',*,*,#1388,.T.);
#1825=ORIENTED_EDGE('',*,*,#1389,.T.);
#1826=ORIENTED_EDGE('',*,*,#1390,.T.);
#1827=ORIENTED_EDGE('',*,*,#1391,.F.);
#1828=ORIENTED_EDGE('',*,*,#1392,.T.);
#1829=ORIENTED_EDGE('',*,*,#1393,.F.);
#1830=ORIENTED_EDGE('',*,*,#1343,.T.);
#1831=ORIENTED_EDGE('',*,*,#1365,.T.);
#1832=ORIENTED_EDGE('',*,*,#1394,.T.);
#1833=ORIENTED_EDGE('',*,*,#1395,.F.);
#1834=ORIENTED_EDGE('',*,*,#1396,.F.);
#1835=ORIENTED_EDGE('',*,*,#1372,.F.);
#1836=ORIENTED_EDGE('',*,*,#1345,.T.);
#1837=ORIENTED_EDGE('',*,*,#1385,.F.);
#1838=ORIENTED_EDGE('',*,*,#1397,.F.);
#1839=ORIENTED_EDGE('',*,*,#1366,.T.);
#1840=ORIENTED_EDGE('',*,*,#1354,.T.);
#1841=ORIENTED_EDGE('',*,*,#1398,.F.);
#1842=ORIENTED_EDGE('',*,*,#1399,.F.);
#1843=ORIENTED_EDGE('',*,*,#1400,.T.);
#1844=ORIENTED_EDGE('',*,*,#1352,.T.);
#1845=ORIENTED_EDGE('',*,*,#1401,.T.);
#1846=ORIENTED_EDGE('',*,*,#1402,.F.);
#1847=ORIENTED_EDGE('',*,*,#1403,.F.);
#1848=ORIENTED_EDGE('',*,*,#1355,.T.);
#1849=ORIENTED_EDGE('',*,*,#1400,.F.);
#1850=ORIENTED_EDGE('',*,*,#1404,.F.);
#1851=ORIENTED_EDGE('',*,*,#1405,.F.);
#1852=ORIENTED_EDGE('',*,*,#1351,.T.);
#1853=ORIENTED_EDGE('',*,*,#1406,.F.);
#1854=ORIENTED_EDGE('',*,*,#1407,.F.);
#1855=ORIENTED_EDGE('',*,*,#1408,.F.);
#1856=ORIENTED_EDGE('',*,*,#1409,.F.);
#1857=ORIENTED_EDGE('',*,*,#1410,.F.);
#1858=ORIENTED_EDGE('',*,*,#1411,.T.);
#1859=ORIENTED_EDGE('',*,*,#1412,.F.);
#1860=ORIENTED_EDGE('',*,*,#1413,.F.);
#1861=ORIENTED_EDGE('',*,*,#1414,.F.);
#1862=ORIENTED_EDGE('',*,*,#1415,.F.);
#1863=ORIENTED_EDGE('',*,*,#1416,.F.);
#1864=ORIENTED_EDGE('',*,*,#1417,.F.);
#1865=ORIENTED_EDGE('',*,*,#1401,.F.);
#1866=ORIENTED_EDGE('',*,*,#1349,.T.);
#1867=ORIENTED_EDGE('',*,*,#1338,.T.);
#1868=ORIENTED_EDGE('',*,*,#1418,.T.);
#1869=ORIENTED_EDGE('',*,*,#1419,.T.);
#1870=ORIENTED_EDGE('',*,*,#1358,.F.);
#1871=ORIENTED_EDGE('',*,*,#1420,.T.);
#1872=ORIENTED_EDGE('',*,*,#1421,.T.);
#1873=ORIENTED_EDGE('',*,*,#1422,.T.);
#1874=ORIENTED_EDGE('',*,*,#1423,.T.);
#1875=ORIENTED_EDGE('',*,*,#1424,.T.);
#1876=ORIENTED_EDGE('',*,*,#1425,.T.);
#1877=ORIENTED_EDGE('',*,*,#1426,.T.);
#1878=ORIENTED_EDGE('',*,*,#1427,.T.);
#1879=ORIENTED_EDGE('',*,*,#1428,.T.);
#1880=ORIENTED_EDGE('',*,*,#1429,.T.);
#1881=ORIENTED_EDGE('',*,*,#1430,.T.);
#1882=ORIENTED_EDGE('',*,*,#1431,.T.);
#1883=ORIENTED_EDGE('',*,*,#1432,.T.);
#1884=ORIENTED_EDGE('',*,*,#1433,.T.);
#1885=ORIENTED_EDGE('',*,*,#1434,.T.);
#1886=ORIENTED_EDGE('',*,*,#1435,.T.);
#1887=ORIENTED_EDGE('',*,*,#1436,.T.);
#1888=ORIENTED_EDGE('',*,*,#1437,.T.);
#1889=ORIENTED_EDGE('',*,*,#1337,.T.);
#1890=ORIENTED_EDGE('',*,*,#1405,.T.);
#1891=ORIENTED_EDGE('',*,*,#1438,.T.);
#1892=ORIENTED_EDGE('',*,*,#1418,.F.);
#1893=ORIENTED_EDGE('',*,*,#1350,.T.);
#1894=ORIENTED_EDGE('',*,*,#1437,.F.);
#1895=ORIENTED_EDGE('',*,*,#1439,.F.);
#1896=ORIENTED_EDGE('',*,*,#1406,.T.);
#1897=ORIENTED_EDGE('',*,*,#1440,.T.);
#1898=ORIENTED_EDGE('',*,*,#1441,.T.);
#1899=ORIENTED_EDGE('',*,*,#1442,.T.);
#1900=ORIENTED_EDGE('',*,*,#1443,.T.);
#1901=ORIENTED_EDGE('',*,*,#1441,.F.);
#1902=ORIENTED_EDGE('',*,*,#1444,.T.);
#1903=ORIENTED_EDGE('',*,*,#1445,.F.);
#1904=ORIENTED_EDGE('',*,*,#1446,.T.);
#1905=ORIENTED_EDGE('',*,*,#1447,.T.);
#1906=ORIENTED_EDGE('',*,*,#1448,.T.);
#1907=ORIENTED_EDGE('',*,*,#1449,.T.);
#1908=ORIENTED_EDGE('',*,*,#1445,.T.);
#1909=ORIENTED_EDGE('',*,*,#1448,.F.);
#1910=ORIENTED_EDGE('',*,*,#1450,.T.);
#1911=ORIENTED_EDGE('',*,*,#1451,.F.);
#1912=ORIENTED_EDGE('',*,*,#1452,.T.);
#1913=ORIENTED_EDGE('',*,*,#1443,.F.);
#1914=ORIENTED_EDGE('',*,*,#1453,.T.);
#1915=ORIENTED_EDGE('',*,*,#1454,.T.);
#1916=ORIENTED_EDGE('',*,*,#1455,.T.);
#1917=ORIENTED_EDGE('',*,*,#1393,.T.);
#1918=ORIENTED_EDGE('',*,*,#1456,.T.);
#1919=ORIENTED_EDGE('',*,*,#1457,.T.);
#1920=ORIENTED_EDGE('',*,*,#1458,.T.);
#1921=ORIENTED_EDGE('',*,*,#1456,.F.);
#1922=ORIENTED_EDGE('',*,*,#1392,.F.);
#1923=ORIENTED_EDGE('',*,*,#1459,.F.);
#1924=ORIENTED_EDGE('',*,*,#1460,.F.);
#1925=ORIENTED_EDGE('',*,*,#1391,.T.);
#1926=ORIENTED_EDGE('',*,*,#1461,.T.);
#1927=ORIENTED_EDGE('',*,*,#1462,.T.);
#1928=ORIENTED_EDGE('',*,*,#1459,.T.);
#1929=ORIENTED_EDGE('',*,*,#1461,.F.);
#1930=ORIENTED_EDGE('',*,*,#1390,.F.);
#1931=ORIENTED_EDGE('',*,*,#1463,.F.);
#1932=ORIENTED_EDGE('',*,*,#1464,.F.);
#1933=ORIENTED_EDGE('',*,*,#1458,.F.);
#1934=ORIENTED_EDGE('',*,*,#1465,.F.);
#1935=ORIENTED_EDGE('',*,*,#1466,.T.);
#1936=ORIENTED_EDGE('',*,*,#1386,.F.);
#1937=ORIENTED_EDGE('',*,*,#1467,.F.);
#1938=ORIENTED_EDGE('',*,*,#1413,.T.);
#1939=ORIENTED_EDGE('',*,*,#1468,.F.);
#1940=ORIENTED_EDGE('',*,*,#1368,.F.);
#1941=ORIENTED_EDGE('',*,*,#1469,.F.);
#1942=ORIENTED_EDGE('',*,*,#1370,.T.);
#1943=ORIENTED_EDGE('',*,*,#1470,.F.);
#1944=ORIENTED_EDGE('',*,*,#1411,.F.);
#1945=ORIENTED_EDGE('',*,*,#1412,.T.);
#1946=ORIENTED_EDGE('',*,*,#1470,.T.);
#1947=ORIENTED_EDGE('',*,*,#1369,.T.);
#1948=ORIENTED_EDGE('',*,*,#1468,.T.);
#1949=ORIENTED_EDGE('',*,*,#1371,.T.);
#1950=ORIENTED_EDGE('',*,*,#1469,.T.);
#1951=ORIENTED_EDGE('',*,*,#1410,.T.);
#1952=ORIENTED_EDGE('',*,*,#1471,.F.);
#1953=ORIENTED_EDGE('',*,*,#1472,.T.);
#1954=ORIENTED_EDGE('',*,*,#1473,.T.);
#1955=ORIENTED_EDGE('',*,*,#1474,.T.);
#1956=ORIENTED_EDGE('',*,*,#1475,.T.);
#1957=ORIENTED_EDGE('',*,*,#1476,.T.);
#1958=ORIENTED_EDGE('',*,*,#1362,.F.);
#1959=ORIENTED_EDGE('',*,*,#1409,.T.);
#1960=ORIENTED_EDGE('',*,*,#1477,.T.);
#1961=ORIENTED_EDGE('',*,*,#1478,.T.);
#1962=ORIENTED_EDGE('',*,*,#1471,.T.);
#1963=ORIENTED_EDGE('',*,*,#1415,.T.);
#1964=ORIENTED_EDGE('',*,*,#1479,.F.);
#1965=ORIENTED_EDGE('',*,*,#1480,.T.);
#1966=ORIENTED_EDGE('',*,*,#1481,.T.);
#1967=ORIENTED_EDGE('',*,*,#1482,.F.);
#1968=ORIENTED_EDGE('',*,*,#1394,.F.);
#1969=ORIENTED_EDGE('',*,*,#1364,.F.);
#1970=ORIENTED_EDGE('',*,*,#1359,.F.);
#1971=ORIENTED_EDGE('',*,*,#1419,.F.);
#1972=ORIENTED_EDGE('',*,*,#1438,.F.);
#1973=ORIENTED_EDGE('',*,*,#1404,.T.);
#1974=ORIENTED_EDGE('',*,*,#1399,.T.);
#1975=ORIENTED_EDGE('',*,*,#1439,.T.);
#1976=ORIENTED_EDGE('',*,*,#1436,.F.);
#1977=ORIENTED_EDGE('',*,*,#1483,.F.);
#1978=ORIENTED_EDGE('',*,*,#1484,.T.);
#1979=ORIENTED_EDGE('',*,*,#1485,.F.);
#1980=ORIENTED_EDGE('',*,*,#1486,.F.);
#1981=ORIENTED_EDGE('',*,*,#1487,.F.);
#1982=ORIENTED_EDGE('',*,*,#1488,.T.);
#1983=ORIENTED_EDGE('',*,*,#1489,.T.);
#1984=ORIENTED_EDGE('',*,*,#1490,.T.);
#1985=ORIENTED_EDGE('',*,*,#1491,.T.);
#1986=ORIENTED_EDGE('',*,*,#1492,.T.);
#1987=ORIENTED_EDGE('',*,*,#1493,.T.);
#1988=ORIENTED_EDGE('',*,*,#1367,.T.);
#1989=ORIENTED_EDGE('',*,*,#1397,.T.);
#1990=ORIENTED_EDGE('',*,*,#1384,.F.);
#1991=ORIENTED_EDGE('',*,*,#1494,.F.);
#1992=ORIENTED_EDGE('',*,*,#1495,.F.);
#1993=ORIENTED_EDGE('',*,*,#1496,.T.);
#1994=ORIENTED_EDGE('',*,*,#1497,.T.);
#1995=ORIENTED_EDGE('',*,*,#1479,.T.);
#1996=ORIENTED_EDGE('',*,*,#1414,.T.);
#1997=ORIENTED_EDGE('',*,*,#1467,.T.);
#1998=ORIENTED_EDGE('',*,*,#1498,.T.);
#1999=ORIENTED_EDGE('',*,*,#1484,.F.);
#2000=ORIENTED_EDGE('',*,*,#1499,.F.);
#2001=ORIENTED_EDGE('',*,*,#1500,.F.);
#2002=ORIENTED_EDGE('',*,*,#1501,.F.);
#2003=ORIENTED_EDGE('',*,*,#1502,.F.);
#2004=ORIENTED_EDGE('',*,*,#1503,.F.);
#2005=ORIENTED_EDGE('',*,*,#1504,.F.);
#2006=ORIENTED_EDGE('',*,*,#1505,.F.);
#2007=ORIENTED_EDGE('',*,*,#1506,.F.);
#2008=ORIENTED_EDGE('',*,*,#1507,.F.);
#2009=ORIENTED_EDGE('',*,*,#1508,.F.);
#2010=ORIENTED_EDGE('',*,*,#1509,.F.);
#2011=ORIENTED_EDGE('',*,*,#1510,.F.);
#2012=ORIENTED_EDGE('',*,*,#1511,.F.);
#2013=ORIENTED_EDGE('',*,*,#1512,.F.);
#2014=ORIENTED_EDGE('',*,*,#1513,.F.);
#2015=ORIENTED_EDGE('',*,*,#1514,.F.);
#2016=ORIENTED_EDGE('',*,*,#1515,.F.);
#2017=ORIENTED_EDGE('',*,*,#1516,.F.);
#2018=ORIENTED_EDGE('',*,*,#1517,.F.);
#2019=ORIENTED_EDGE('',*,*,#1518,.F.);
#2020=ORIENTED_EDGE('',*,*,#1519,.F.);
#2021=ORIENTED_EDGE('',*,*,#1520,.F.);
#2022=ORIENTED_EDGE('',*,*,#1521,.F.);
#2023=ORIENTED_EDGE('',*,*,#1522,.F.);
#2024=ORIENTED_EDGE('',*,*,#1474,.F.);
#2025=ORIENTED_EDGE('',*,*,#1446,.F.);
#2026=ORIENTED_EDGE('',*,*,#1449,.F.);
#2027=ORIENTED_EDGE('',*,*,#1452,.F.);
#2028=ORIENTED_EDGE('',*,*,#1523,.F.);
#2029=ORIENTED_EDGE('',*,*,#1524,.F.);
#2030=ORIENTED_EDGE('',*,*,#1525,.F.);
#2031=ORIENTED_EDGE('',*,*,#1453,.F.);
#2032=ORIENTED_EDGE('',*,*,#1442,.F.);
#2033=ORIENTED_EDGE('',*,*,#1526,.F.);
#2034=ORIENTED_EDGE('',*,*,#1527,.F.);
#2035=ORIENTED_EDGE('',*,*,#1528,.F.);
#2036=ORIENTED_EDGE('',*,*,#1486,.T.);
#2037=ORIENTED_EDGE('',*,*,#1529,.F.);
#2038=ORIENTED_EDGE('',*,*,#1530,.F.);
#2039=ORIENTED_EDGE('',*,*,#1531,.F.);
#2040=ORIENTED_EDGE('',*,*,#1527,.T.);
#2041=ORIENTED_EDGE('',*,*,#1477,.F.);
#2042=ORIENTED_EDGE('',*,*,#1408,.T.);
#2043=ORIENTED_EDGE('',*,*,#1532,.F.);
#2044=ORIENTED_EDGE('',*,*,#1533,.T.);
#2045=ORIENTED_EDGE('',*,*,#1489,.F.);
#2046=ORIENTED_EDGE('',*,*,#1534,.F.);
#2047=ORIENTED_EDGE('',*,*,#1532,.T.);
#2048=ORIENTED_EDGE('',*,*,#1407,.T.);
#2049=ORIENTED_EDGE('',*,*,#1487,.T.);
#2050=ORIENTED_EDGE('',*,*,#1528,.T.);
#2051=ORIENTED_EDGE('',*,*,#1531,.T.);
#2052=ORIENTED_EDGE('',*,*,#1535,.F.);
#2053=ORIENTED_EDGE('',*,*,#1536,.F.);
#2054=ORIENTED_EDGE('',*,*,#1537,.T.);
#2055=ORIENTED_EDGE('',*,*,#1475,.F.);
#2056=ORIENTED_EDGE('',*,*,#1522,.T.);
#2057=ORIENTED_EDGE('',*,*,#1538,.F.);
#2058=ORIENTED_EDGE('',*,*,#1421,.F.);
#2059=ORIENTED_EDGE('',*,*,#1539,.T.);
#2060=ORIENTED_EDGE('',*,*,#1540,.T.);
#2061=ORIENTED_EDGE('',*,*,#1541,.T.);
#2062=ORIENTED_EDGE('',*,*,#1513,.T.);
#2063=ORIENTED_EDGE('',*,*,#1542,.T.);
#2064=ORIENTED_EDGE('',*,*,#1518,.T.);
#2065=ORIENTED_EDGE('',*,*,#1543,.T.);
#2066=ORIENTED_EDGE('',*,*,#1544,.T.);
#2067=ORIENTED_EDGE('',*,*,#1545,.F.);
#2068=ORIENTED_EDGE('',*,*,#1546,.F.);
#2069=ORIENTED_EDGE('',*,*,#1519,.T.);
#2070=ORIENTED_EDGE('',*,*,#1542,.F.);
#2071=ORIENTED_EDGE('',*,*,#1547,.T.);
#2072=ORIENTED_EDGE('',*,*,#1520,.T.);
#2073=ORIENTED_EDGE('',*,*,#1546,.T.);
#2074=ORIENTED_EDGE('',*,*,#1548,.T.);
#2075=ORIENTED_EDGE('',*,*,#1549,.F.);
#2076=ORIENTED_EDGE('',*,*,#1536,.T.);
#2077=ORIENTED_EDGE('',*,*,#1521,.T.);
#2078=ORIENTED_EDGE('',*,*,#1547,.F.);
#2079=ORIENTED_EDGE('',*,*,#1550,.T.);
#2080=ORIENTED_EDGE('',*,*,#1454,.F.);
#2081=ORIENTED_EDGE('',*,*,#1525,.T.);
#2082=ORIENTED_EDGE('',*,*,#1551,.T.);
#2083=ORIENTED_EDGE('',*,*,#1552,.T.);
#2084=ORIENTED_EDGE('',*,*,#1551,.F.);
#2085=ORIENTED_EDGE('',*,*,#1524,.T.);
#2086=ORIENTED_EDGE('',*,*,#1553,.T.);
#2087=ORIENTED_EDGE('',*,*,#1554,.T.);
#2088=ORIENTED_EDGE('',*,*,#1553,.F.);
#2089=ORIENTED_EDGE('',*,*,#1523,.T.);
#2090=ORIENTED_EDGE('',*,*,#1451,.T.);
#2091=ORIENTED_EDGE('',*,*,#1555,.T.);
#2092=ORIENTED_EDGE('',*,*,#1556,.T.);
#2093=ORIENTED_EDGE('',*,*,#1543,.F.);
#2094=ORIENTED_EDGE('',*,*,#1517,.T.);
#2095=ORIENTED_EDGE('',*,*,#1557,.F.);
#2096=ORIENTED_EDGE('',*,*,#1555,.F.);
#2097=ORIENTED_EDGE('',*,*,#1516,.T.);
#2098=ORIENTED_EDGE('',*,*,#1558,.F.);
#2099=ORIENTED_EDGE('',*,*,#1559,.F.);
#2100=ORIENTED_EDGE('',*,*,#1560,.T.);
#2101=ORIENTED_EDGE('',*,*,#1558,.T.);
#2102=ORIENTED_EDGE('',*,*,#1515,.T.);
#2103=ORIENTED_EDGE('',*,*,#1561,.F.);
#2104=ORIENTED_EDGE('',*,*,#1559,.T.);
#2105=ORIENTED_EDGE('',*,*,#1514,.T.);
#2106=ORIENTED_EDGE('',*,*,#1541,.F.);
#2107=ORIENTED_EDGE('',*,*,#1499,.T.);
#2108=ORIENTED_EDGE('',*,*,#1483,.T.);
#2109=ORIENTED_EDGE('',*,*,#1435,.F.);
#2110=ORIENTED_EDGE('',*,*,#1562,.F.);
#2111=ORIENTED_EDGE('',*,*,#1511,.T.);
#2112=ORIENTED_EDGE('',*,*,#1563,.T.);
#2113=ORIENTED_EDGE('',*,*,#1423,.F.);
#2114=ORIENTED_EDGE('',*,*,#1564,.F.);
#2115=ORIENTED_EDGE('',*,*,#1510,.T.);
#2116=ORIENTED_EDGE('',*,*,#1565,.T.);
#2117=ORIENTED_EDGE('',*,*,#1424,.F.);
#2118=ORIENTED_EDGE('',*,*,#1563,.F.);
#2119=ORIENTED_EDGE('',*,*,#1509,.T.);
#2120=ORIENTED_EDGE('',*,*,#1566,.T.);
#2121=ORIENTED_EDGE('',*,*,#1425,.F.);
#2122=ORIENTED_EDGE('',*,*,#1565,.F.);
#2123=ORIENTED_EDGE('',*,*,#1508,.T.);
#2124=ORIENTED_EDGE('',*,*,#1567,.T.);
#2125=ORIENTED_EDGE('',*,*,#1426,.F.);
#2126=ORIENTED_EDGE('',*,*,#1566,.F.);
#2127=ORIENTED_EDGE('',*,*,#1507,.T.);
#2128=ORIENTED_EDGE('',*,*,#1568,.T.);
#2129=ORIENTED_EDGE('',*,*,#1427,.F.);
#2130=ORIENTED_EDGE('',*,*,#1567,.F.);
#2131=ORIENTED_EDGE('',*,*,#1506,.T.);
#2132=ORIENTED_EDGE('',*,*,#1569,.T.);
#2133=ORIENTED_EDGE('',*,*,#1428,.F.);
#2134=ORIENTED_EDGE('',*,*,#1568,.F.);
#2135=ORIENTED_EDGE('',*,*,#1505,.T.);
#2136=ORIENTED_EDGE('',*,*,#1570,.T.);
#2137=ORIENTED_EDGE('',*,*,#1429,.F.);
#2138=ORIENTED_EDGE('',*,*,#1569,.F.);
#2139=ORIENTED_EDGE('',*,*,#1504,.T.);
#2140=ORIENTED_EDGE('',*,*,#1571,.T.);
#2141=ORIENTED_EDGE('',*,*,#1430,.F.);
#2142=ORIENTED_EDGE('',*,*,#1570,.F.);
#2143=ORIENTED_EDGE('',*,*,#1318,.T.);
#2144=ORIENTED_EDGE('',*,*,#1314,.T.);
#2145=ORIENTED_EDGE('',*,*,#1321,.T.);
#2146=ORIENTED_EDGE('',*,*,#1324,.T.);
#2147=ORIENTED_EDGE('',*,*,#1503,.T.);
#2148=ORIENTED_EDGE('',*,*,#1572,.T.);
#2149=ORIENTED_EDGE('',*,*,#1431,.F.);
#2150=ORIENTED_EDGE('',*,*,#1571,.F.);
#2151=ORIENTED_EDGE('',*,*,#1502,.T.);
#2152=ORIENTED_EDGE('',*,*,#1573,.T.);
#2153=ORIENTED_EDGE('',*,*,#1432,.F.);
#2154=ORIENTED_EDGE('',*,*,#1572,.F.);
#2155=ORIENTED_EDGE('',*,*,#1320,.T.);
#2156=ORIENTED_EDGE('',*,*,#1325,.T.);
#2157=ORIENTED_EDGE('',*,*,#1322,.T.);
#2158=ORIENTED_EDGE('',*,*,#1316,.T.);
#2159=ORIENTED_EDGE('',*,*,#1501,.T.);
#2160=ORIENTED_EDGE('',*,*,#1574,.T.);
#2161=ORIENTED_EDGE('',*,*,#1433,.F.);
#2162=ORIENTED_EDGE('',*,*,#1573,.F.);
#2163=ORIENTED_EDGE('',*,*,#1500,.T.);
#2164=ORIENTED_EDGE('',*,*,#1562,.T.);
#2165=ORIENTED_EDGE('',*,*,#1434,.F.);
#2166=ORIENTED_EDGE('',*,*,#1574,.F.);
#2167=ORIENTED_EDGE('',*,*,#1538,.T.);
#2168=ORIENTED_EDGE('',*,*,#1512,.T.);
#2169=ORIENTED_EDGE('',*,*,#1564,.T.);
#2170=ORIENTED_EDGE('',*,*,#1422,.F.);
#2171=ORIENTED_EDGE('',*,*,#1357,.F.);
#2172=ORIENTED_EDGE('',*,*,#1575,.T.);
#2173=ORIENTED_EDGE('',*,*,#1539,.F.);
#2174=ORIENTED_EDGE('',*,*,#1420,.F.);
#2175=ORIENTED_EDGE('',*,*,#1340,.T.);
#2176=ORIENTED_EDGE('',*,*,#1348,.T.);
#2177=ORIENTED_EDGE('',*,*,#1363,.F.);
#2178=ORIENTED_EDGE('',*,*,#1476,.F.);
#2179=ORIENTED_EDGE('',*,*,#1537,.F.);
#2180=ORIENTED_EDGE('',*,*,#1549,.T.);
#2181=ORIENTED_EDGE('',*,*,#1548,.F.);
#2182=ORIENTED_EDGE('',*,*,#1545,.T.);
#2183=ORIENTED_EDGE('',*,*,#1544,.F.);
#2184=ORIENTED_EDGE('',*,*,#1556,.F.);
#2185=ORIENTED_EDGE('',*,*,#1557,.T.);
#2186=ORIENTED_EDGE('',*,*,#1560,.F.);
#2187=ORIENTED_EDGE('',*,*,#1561,.T.);
#2188=ORIENTED_EDGE('',*,*,#1540,.F.);
#2189=ORIENTED_EDGE('',*,*,#1575,.F.);
#2190=ORIENTED_EDGE('',*,*,#1356,.F.);
#2191=ORIENTED_EDGE('',*,*,#1455,.F.);
#2192=ORIENTED_EDGE('',*,*,#1550,.F.);
#2193=ORIENTED_EDGE('',*,*,#1552,.F.);
#2194=ORIENTED_EDGE('',*,*,#1554,.F.);
#2195=ORIENTED_EDGE('',*,*,#1450,.F.);
#2196=ORIENTED_EDGE('',*,*,#1447,.F.);
#2197=ORIENTED_EDGE('',*,*,#1444,.F.);
#2198=ORIENTED_EDGE('',*,*,#1440,.F.);
#2199=ORIENTED_EDGE('',*,*,#1498,.F.);
#2200=ORIENTED_EDGE('',*,*,#1473,.F.);
#2201=ORIENTED_EDGE('',*,*,#1576,.T.);
#2202=ORIENTED_EDGE('',*,*,#1493,.F.);
#2203=ORIENTED_EDGE('',*,*,#1577,.F.);
#2204=ORIENTED_EDGE('',*,*,#1578,.F.);
#2205=ORIENTED_EDGE('',*,*,#1579,.F.);
#2206=ORIENTED_EDGE('',*,*,#1529,.T.);
#2207=ORIENTED_EDGE('',*,*,#1526,.T.);
#2208=ORIENTED_EDGE('',*,*,#1485,.T.);
#2209=ORIENTED_EDGE('',*,*,#1580,.F.);
#2210=ORIENTED_EDGE('',*,*,#1578,.T.);
#2211=ORIENTED_EDGE('',*,*,#1581,.F.);
#2212=ORIENTED_EDGE('',*,*,#1582,.F.);
#2213=ORIENTED_EDGE('',*,*,#1583,.F.);
#2214=ORIENTED_EDGE('',*,*,#1584,.F.);
#2215=ORIENTED_EDGE('',*,*,#1582,.T.);
#2216=ORIENTED_EDGE('',*,*,#1585,.T.);
#2217=ORIENTED_EDGE('',*,*,#1491,.F.);
#2218=ORIENTED_EDGE('',*,*,#1586,.F.);
#2219=ORIENTED_EDGE('',*,*,#1496,.F.);
#2220=ORIENTED_EDGE('',*,*,#1587,.F.);
#2221=ORIENTED_EDGE('',*,*,#1588,.F.);
#2222=ORIENTED_EDGE('',*,*,#1589,.F.);
#2223=ORIENTED_EDGE('',*,*,#1585,.F.);
#2224=ORIENTED_EDGE('',*,*,#1581,.T.);
#2225=ORIENTED_EDGE('',*,*,#1577,.T.);
#2226=ORIENTED_EDGE('',*,*,#1492,.F.);
#2227=ORIENTED_EDGE('',*,*,#1579,.T.);
#2228=ORIENTED_EDGE('',*,*,#1580,.T.);
#2229=ORIENTED_EDGE('',*,*,#1584,.T.);
#2230=ORIENTED_EDGE('',*,*,#1590,.F.);
#2231=ORIENTED_EDGE('',*,*,#1591,.F.);
#2232=ORIENTED_EDGE('',*,*,#1592,.F.);
#2233=ORIENTED_EDGE('',*,*,#1593,.T.);
#2234=ORIENTED_EDGE('',*,*,#1594,.T.);
#2235=ORIENTED_EDGE('',*,*,#1480,.F.);
#2236=ORIENTED_EDGE('',*,*,#1497,.F.);
#2237=ORIENTED_EDGE('',*,*,#1586,.T.);
#2238=ORIENTED_EDGE('',*,*,#1490,.F.);
#2239=ORIENTED_EDGE('',*,*,#1576,.F.);
#2240=ORIENTED_EDGE('',*,*,#1472,.F.);
#2241=ORIENTED_EDGE('',*,*,#1478,.F.);
#2242=ORIENTED_EDGE('',*,*,#1533,.F.);
#2243=ORIENTED_EDGE('',*,*,#1534,.T.);
#2244=ORIENTED_EDGE('',*,*,#1488,.F.);
#2245=ORIENTED_EDGE('',*,*,#1535,.T.);
#2246=ORIENTED_EDGE('',*,*,#1530,.T.);
#2247=ORIENTED_EDGE('',*,*,#1583,.T.);
#2248=ORIENTED_EDGE('',*,*,#1595,.F.);
#2249=ORIENTED_EDGE('',*,*,#1596,.T.);
#2250=ORIENTED_EDGE('',*,*,#1590,.T.);
#2251=ORIENTED_EDGE('',*,*,#1589,.T.);
#2252=ORIENTED_EDGE('',*,*,#1597,.F.);
#2253=ORIENTED_EDGE('',*,*,#1598,.T.);
#2254=ORIENTED_EDGE('',*,*,#1595,.T.);
#2255=ORIENTED_EDGE('',*,*,#1599,.F.);
#2256=ORIENTED_EDGE('',*,*,#1417,.T.);
#2257=ORIENTED_EDGE('',*,*,#1600,.F.);
#2258=ORIENTED_EDGE('',*,*,#1593,.F.);
#2259=ORIENTED_EDGE('',*,*,#1481,.F.);
#2260=ORIENTED_EDGE('',*,*,#1594,.F.);
#2261=ORIENTED_EDGE('',*,*,#1600,.T.);
#2262=ORIENTED_EDGE('',*,*,#1416,.T.);
#2263=ORIENTED_EDGE('',*,*,#1402,.T.);
#2264=ORIENTED_EDGE('',*,*,#1599,.T.);
#2265=ORIENTED_EDGE('',*,*,#1592,.T.);
#2266=ORIENTED_EDGE('',*,*,#1601,.T.);
#2267=ORIENTED_EDGE('',*,*,#1597,.T.);
#2268=ORIENTED_EDGE('',*,*,#1588,.T.);
#2269=ORIENTED_EDGE('',*,*,#1602,.F.);
#2270=ORIENTED_EDGE('',*,*,#1603,.T.);
#2271=ORIENTED_EDGE('',*,*,#1604,.T.);
#2272=ORIENTED_EDGE('',*,*,#1601,.F.);
#2273=ORIENTED_EDGE('',*,*,#1591,.T.);
#2274=ORIENTED_EDGE('',*,*,#1596,.F.);
#2275=ORIENTED_EDGE('',*,*,#1598,.F.);
#2276=ORIENTED_EDGE('',*,*,#1605,.T.);
#2277=ORIENTED_EDGE('',*,*,#1606,.F.);
#2278=ORIENTED_EDGE('',*,*,#1494,.T.);
#2279=ORIENTED_EDGE('',*,*,#1383,.F.);
#2280=ORIENTED_EDGE('',*,*,#1607,.T.);
#2281=ORIENTED_EDGE('',*,*,#1608,.F.);
#2282=ORIENTED_EDGE('',*,*,#1609,.F.);
#2283=ORIENTED_EDGE('',*,*,#1374,.F.);
#2284=ORIENTED_EDGE('',*,*,#1610,.F.);
#2285=ORIENTED_EDGE('',*,*,#1611,.T.);
#2286=ORIENTED_EDGE('',*,*,#1612,.F.);
#2287=ORIENTED_EDGE('',*,*,#1379,.F.);
#2288=ORIENTED_EDGE('',*,*,#1613,.F.);
#2289=ORIENTED_EDGE('',*,*,#1614,.F.);
#2290=ORIENTED_EDGE('',*,*,#1380,.T.);
#2291=ORIENTED_EDGE('',*,*,#1612,.T.);
#2292=ORIENTED_EDGE('',*,*,#1615,.F.);
#2293=ORIENTED_EDGE('',*,*,#1616,.T.);
#2294=ORIENTED_EDGE('',*,*,#1617,.F.);
#2295=ORIENTED_EDGE('',*,*,#1381,.F.);
#2296=ORIENTED_EDGE('',*,*,#1616,.F.);
#2297=ORIENTED_EDGE('',*,*,#1618,.F.);
#2298=ORIENTED_EDGE('',*,*,#1382,.T.);
#2299=ORIENTED_EDGE('',*,*,#1617,.T.);
#2300=ORIENTED_EDGE('',*,*,#1619,.F.);
#2301=ORIENTED_EDGE('',*,*,#1605,.F.);
#2302=ORIENTED_EDGE('',*,*,#1389,.F.);
#2303=ORIENTED_EDGE('',*,*,#1620,.F.);
#2304=ORIENTED_EDGE('',*,*,#1621,.F.);
#2305=ORIENTED_EDGE('',*,*,#1463,.T.);
#2306=ORIENTED_EDGE('',*,*,#1388,.F.);
#2307=ORIENTED_EDGE('',*,*,#1622,.F.);
#2308=ORIENTED_EDGE('',*,*,#1623,.F.);
#2309=ORIENTED_EDGE('',*,*,#1620,.T.);
#2310=ORIENTED_EDGE('',*,*,#1387,.F.);
#2311=ORIENTED_EDGE('',*,*,#1466,.F.);
#2312=ORIENTED_EDGE('',*,*,#1624,.F.);
#2313=ORIENTED_EDGE('',*,*,#1622,.T.);
#2314=ORIENTED_EDGE('',*,*,#1625,.F.);
#2315=ORIENTED_EDGE('',*,*,#1626,.F.);
#2316=ORIENTED_EDGE('',*,*,#1613,.T.);
#2317=ORIENTED_EDGE('',*,*,#1378,.F.);
#2318=ORIENTED_EDGE('',*,*,#1377,.T.);
#2319=ORIENTED_EDGE('',*,*,#1627,.T.);
#2320=ORIENTED_EDGE('',*,*,#1628,.F.);
#2321=ORIENTED_EDGE('',*,*,#1625,.T.);
#2322=ORIENTED_EDGE('',*,*,#1629,.T.);
#2323=ORIENTED_EDGE('',*,*,#1630,.F.);
#2324=ORIENTED_EDGE('',*,*,#1627,.F.);
#2325=ORIENTED_EDGE('',*,*,#1376,.F.);
#2326=ORIENTED_EDGE('',*,*,#1375,.T.);
#2327=ORIENTED_EDGE('',*,*,#1609,.T.);
#2328=ORIENTED_EDGE('',*,*,#1631,.F.);
#2329=ORIENTED_EDGE('',*,*,#1629,.F.);
#2330=ORIENTED_EDGE('',*,*,#1587,.T.);
#2331=ORIENTED_EDGE('',*,*,#1495,.T.);
#2332=ORIENTED_EDGE('',*,*,#1606,.T.);
#2333=ORIENTED_EDGE('',*,*,#1619,.T.);
#2334=ORIENTED_EDGE('',*,*,#1618,.T.);
#2335=ORIENTED_EDGE('',*,*,#1615,.T.);
#2336=ORIENTED_EDGE('',*,*,#1614,.T.);
#2337=ORIENTED_EDGE('',*,*,#1626,.T.);
#2338=ORIENTED_EDGE('',*,*,#1628,.T.);
#2339=ORIENTED_EDGE('',*,*,#1630,.T.);
#2340=ORIENTED_EDGE('',*,*,#1631,.T.);
#2341=ORIENTED_EDGE('',*,*,#1608,.T.);
#2342=ORIENTED_EDGE('',*,*,#1632,.T.);
#2343=ORIENTED_EDGE('',*,*,#1287,.T.);
#2344=ORIENTED_EDGE('',*,*,#1313,.F.);
#2345=ORIENTED_EDGE('',*,*,#1633,.T.);
#2346=ORIENTED_EDGE('',*,*,#1634,.T.);
#2347=ORIENTED_EDGE('',*,*,#1635,.T.);
#2348=ORIENTED_EDGE('',*,*,#1636,.T.);
#2349=ORIENTED_EDGE('',*,*,#1637,.T.);
#2350=ORIENTED_EDGE('',*,*,#1638,.T.);
#2351=ORIENTED_EDGE('',*,*,#1639,.T.);
#2352=ORIENTED_EDGE('',*,*,#1640,.T.);
#2353=ORIENTED_EDGE('',*,*,#1641,.T.);
#2354=ORIENTED_EDGE('',*,*,#1642,.T.);
#2355=ORIENTED_EDGE('',*,*,#1643,.T.);
#2356=ORIENTED_EDGE('',*,*,#1644,.T.);
#2357=ORIENTED_EDGE('',*,*,#1645,.T.);
#2358=ORIENTED_EDGE('',*,*,#1602,.T.);
#2359=ORIENTED_EDGE('',*,*,#1465,.T.);
#2360=ORIENTED_EDGE('',*,*,#1457,.F.);
#2361=ORIENTED_EDGE('',*,*,#1460,.T.);
#2362=ORIENTED_EDGE('',*,*,#1462,.F.);
#2363=ORIENTED_EDGE('',*,*,#1464,.T.);
#2364=ORIENTED_EDGE('',*,*,#1621,.T.);
#2365=ORIENTED_EDGE('',*,*,#1623,.T.);
#2366=ORIENTED_EDGE('',*,*,#1624,.T.);
#2367=ORIENTED_EDGE('',*,*,#1645,.F.);
#2368=ORIENTED_EDGE('',*,*,#1646,.T.);
#2369=ORIENTED_EDGE('',*,*,#1647,.T.);
#2370=ORIENTED_EDGE('',*,*,#1603,.F.);
#2371=ORIENTED_EDGE('',*,*,#1633,.F.);
#2372=ORIENTED_EDGE('',*,*,#1294,.T.);
#2373=ORIENTED_EDGE('',*,*,#1648,.T.);
#2374=ORIENTED_EDGE('',*,*,#1649,.F.);
#2375=ORIENTED_EDGE('',*,*,#1634,.F.);
#2376=ORIENTED_EDGE('',*,*,#1649,.T.);
#2377=ORIENTED_EDGE('',*,*,#1650,.T.);
#2378=ORIENTED_EDGE('',*,*,#1651,.F.);
#2379=ORIENTED_EDGE('',*,*,#1635,.F.);
#2380=ORIENTED_EDGE('',*,*,#1651,.T.);
#2381=ORIENTED_EDGE('',*,*,#1652,.T.);
#2382=ORIENTED_EDGE('',*,*,#1653,.F.);
#2383=ORIENTED_EDGE('',*,*,#1636,.F.);
#2384=ORIENTED_EDGE('',*,*,#1653,.T.);
#2385=ORIENTED_EDGE('',*,*,#1654,.T.);
#2386=ORIENTED_EDGE('',*,*,#1655,.F.);
#2387=ORIENTED_EDGE('',*,*,#1637,.F.);
#2388=ORIENTED_EDGE('',*,*,#1655,.T.);
#2389=ORIENTED_EDGE('',*,*,#1656,.T.);
#2390=ORIENTED_EDGE('',*,*,#1657,.F.);
#2391=ORIENTED_EDGE('',*,*,#1638,.F.);
#2392=ORIENTED_EDGE('',*,*,#1657,.T.);
#2393=ORIENTED_EDGE('',*,*,#1658,.T.);
#2394=ORIENTED_EDGE('',*,*,#1659,.F.);
#2395=ORIENTED_EDGE('',*,*,#1639,.F.);
#2396=ORIENTED_EDGE('',*,*,#1659,.T.);
#2397=ORIENTED_EDGE('',*,*,#1660,.T.);
#2398=ORIENTED_EDGE('',*,*,#1299,.F.);
#2399=ORIENTED_EDGE('',*,*,#1661,.F.);
#2400=ORIENTED_EDGE('',*,*,#1308,.T.);
#2401=ORIENTED_EDGE('',*,*,#1662,.T.);
#2402=ORIENTED_EDGE('',*,*,#1663,.F.);
#2403=ORIENTED_EDGE('',*,*,#1640,.F.);
#2404=ORIENTED_EDGE('',*,*,#1661,.T.);
#2405=ORIENTED_EDGE('',*,*,#1312,.T.);
#2406=ORIENTED_EDGE('',*,*,#1311,.T.);
#2407=ORIENTED_EDGE('',*,*,#1333,.T.);
#2408=ORIENTED_EDGE('',*,*,#1332,.T.);
#2409=ORIENTED_EDGE('',*,*,#1336,.T.);
#2410=ORIENTED_EDGE('',*,*,#1641,.F.);
#2411=ORIENTED_EDGE('',*,*,#1663,.T.);
#2412=ORIENTED_EDGE('',*,*,#1664,.T.);
#2413=ORIENTED_EDGE('',*,*,#1665,.F.);
#2414=ORIENTED_EDGE('',*,*,#1642,.F.);
#2415=ORIENTED_EDGE('',*,*,#1665,.T.);
#2416=ORIENTED_EDGE('',*,*,#1666,.T.);
#2417=ORIENTED_EDGE('',*,*,#1667,.F.);
#2418=ORIENTED_EDGE('',*,*,#1330,.T.);
#2419=ORIENTED_EDGE('',*,*,#1334,.T.);
#2420=ORIENTED_EDGE('',*,*,#1328,.T.);
#2421=ORIENTED_EDGE('',*,*,#1335,.T.);
#2422=ORIENTED_EDGE('',*,*,#1643,.F.);
#2423=ORIENTED_EDGE('',*,*,#1667,.T.);
#2424=ORIENTED_EDGE('',*,*,#1668,.T.);
#2425=ORIENTED_EDGE('',*,*,#1669,.F.);
#2426=ORIENTED_EDGE('',*,*,#1644,.F.);
#2427=ORIENTED_EDGE('',*,*,#1669,.T.);
#2428=ORIENTED_EDGE('',*,*,#1670,.T.);
#2429=ORIENTED_EDGE('',*,*,#1646,.F.);
#2430=ORIENTED_EDGE('',*,*,#1607,.F.);
#2431=ORIENTED_EDGE('',*,*,#1671,.T.);
#2432=ORIENTED_EDGE('',*,*,#1288,.F.);
#2433=ORIENTED_EDGE('',*,*,#1632,.F.);
#2434=ORIENTED_EDGE('',*,*,#1353,.T.);
#2435=ORIENTED_EDGE('',*,*,#1403,.T.);
#2436=ORIENTED_EDGE('',*,*,#1604,.F.);
#2437=ORIENTED_EDGE('',*,*,#1647,.F.);
#2438=ORIENTED_EDGE('',*,*,#1670,.F.);
#2439=ORIENTED_EDGE('',*,*,#1668,.F.);
#2440=ORIENTED_EDGE('',*,*,#1666,.F.);
#2441=ORIENTED_EDGE('',*,*,#1664,.F.);
#2442=ORIENTED_EDGE('',*,*,#1662,.F.);
#2443=ORIENTED_EDGE('',*,*,#1302,.F.);
#2444=ORIENTED_EDGE('',*,*,#1660,.F.);
#2445=ORIENTED_EDGE('',*,*,#1658,.F.);
#2446=ORIENTED_EDGE('',*,*,#1656,.F.);
#2447=ORIENTED_EDGE('',*,*,#1654,.F.);
#2448=ORIENTED_EDGE('',*,*,#1652,.F.);
#2449=ORIENTED_EDGE('',*,*,#1650,.F.);
#2450=ORIENTED_EDGE('',*,*,#1648,.F.);
#2451=ORIENTED_EDGE('',*,*,#1671,.F.);
#2452=ORIENTED_EDGE('',*,*,#1611,.F.);
#2453=ORIENTED_EDGE('',*,*,#1672,.F.);
#2454=ORIENTED_EDGE('',*,*,#1395,.T.);
#2455=ORIENTED_EDGE('',*,*,#1482,.T.);
#2456=ORIENTED_EDGE('',*,*,#1398,.T.);
#2457=ORIENTED_EDGE('',*,*,#1396,.T.);
#2458=ORIENTED_EDGE('',*,*,#1672,.T.);
#2459=ORIENTED_EDGE('',*,*,#1610,.T.);
#2460=ORIENTED_EDGE('',*,*,#1373,.F.);
#2461=PLANE('',#2694);
#2462=PLANE('',#2698);
#2463=PLANE('',#2708);
#2464=PLANE('',#2715);
#2465=PLANE('',#2716);
#2466=PLANE('',#2717);
#2467=PLANE('',#2718);
#2468=PLANE('',#2719);
#2469=PLANE('',#2720);
#2470=PLANE('',#2721);
#2471=PLANE('',#2722);
#2472=PLANE('',#2723);
#2473=PLANE('',#2724);
#2474=PLANE('',#2736);
#2475=PLANE('',#2737);
#2476=PLANE('',#2738);
#2477=PLANE('',#2739);
#2478=PLANE('',#2742);
#2479=PLANE('',#2760);
#2480=PLANE('',#2761);
#2481=PLANE('',#2762);
#2482=PLANE('',#2763);
#2483=PLANE('',#2764);
#2484=PLANE('',#2765);
#2485=PLANE('',#2768);
#2486=PLANE('',#2770);
#2487=PLANE('',#2771);
#2488=PLANE('',#2797);
#2489=PLANE('',#2798);
#2490=PLANE('',#2799);
#2491=PLANE('',#2804);
#2492=PLANE('',#2805);
#2493=PLANE('',#2806);
#2494=PLANE('',#2807);
#2495=PLANE('',#2808);
#2496=PLANE('',#2812);
#2497=PLANE('',#2823);
#2498=PLANE('',#2824);
#2499=PLANE('',#2825);
#2500=PLANE('',#2826);
#2501=PLANE('',#2827);
#2502=PLANE('',#2830);
#2503=PLANE('',#2835);
#2504=PLANE('',#2844);
#2505=PLANE('',#2851);
#2506=PLANE('',#2852);
#2507=PLANE('',#2853);
#2508=PLANE('',#2854);
#2509=PLANE('',#2855);
#2510=PLANE('',#2856);
#2511=PLANE('',#2857);
#2512=PLANE('',#2858);
#2513=PLANE('',#2859);
#2514=PLANE('',#2860);
#2515=PLANE('',#2861);
#2516=PLANE('',#2862);
#2517=PLANE('',#2863);
#2518=PLANE('',#2864);
#2519=PLANE('',#2867);
#2520=PLANE('',#2868);
#2521=PLANE('',#2869);
#2522=PLANE('',#2870);
#2523=PLANE('',#2871);
#2524=PLANE('',#2872);
#2525=PLANE('',#2873);
#2526=PLANE('',#2874);
#2527=PLANE('',#2875);
#2528=PLANE('',#2876);
#2529=PLANE('',#2877);
#2530=PLANE('',#2878);
#2531=PLANE('',#2881);
#2532=PLANE('',#2886);
#2533=PLANE('',#2895);
#2534=PLANE('',#2902);
#2535=PLANE('',#2903);
#2536=PLANE('',#2904);
#2537=PLANE('',#2905);
#2538=PLANE('',#2906);
#2539=PLANE('',#2907);
#2540=PLANE('',#2908);
#2541=PLANE('',#2909);
#2542=PLANE('',#2910);
#2543=PLANE('',#2911);
#2544=PLANE('',#2912);
#2545=PLANE('',#2913);
#2546=PLANE('',#2914);
#2547=PLANE('',#2915);
#2548=PLANE('',#2916);
#2549=PLANE('',#2917);
#2550=ADVANCED_FACE('',(#159),#2461,.F.);
#2551=ADVANCED_FACE('',(#160),#118,.F.);
#2552=ADVANCED_FACE('',(#161),#2462,.F.);
#2553=ADVANCED_FACE('',(#162),#119,.T.);
#2554=ADVANCED_FACE('',(#163),#120,.T.);
#2555=ADVANCED_FACE('',(#164),#121,.T.);
#2556=ADVANCED_FACE('',(#165),#2463,.F.);
#2557=ADVANCED_FACE('',(#166),#122,.F.);
#2558=ADVANCED_FACE('',(#167),#123,.F.);
#2559=ADVANCED_FACE('',(#168),#2464,.F.);
#2560=ADVANCED_FACE('',(#169),#2465,.T.);
#2561=ADVANCED_FACE('',(#170),#2466,.T.);
#2562=ADVANCED_FACE('',(#171),#2467,.T.);
#2563=ADVANCED_FACE('',(#172),#2468,.T.);
#2564=ADVANCED_FACE('',(#173),#2469,.T.);
#2565=ADVANCED_FACE('',(#174),#2470,.T.);
#2566=ADVANCED_FACE('',(#175),#2471,.T.);
#2567=ADVANCED_FACE('',(#176),#2472,.T.);
#2568=ADVANCED_FACE('',(#177),#2473,.T.);
#2569=ADVANCED_FACE('',(#178),#124,.F.);
#2570=ADVANCED_FACE('',(#179),#2474,.T.);
#2571=ADVANCED_FACE('',(#180),#2475,.T.);
#2572=ADVANCED_FACE('',(#181),#2476,.T.);
#2573=ADVANCED_FACE('',(#182),#2477,.T.);
#2574=ADVANCED_FACE('',(#183,#15),#2478,.T.);
#2575=ADVANCED_FACE('',(#184),#2479,.F.);
#2576=ADVANCED_FACE('',(#185),#2480,.F.);
#2577=ADVANCED_FACE('',(#186),#2481,.T.);
#2578=ADVANCED_FACE('',(#187),#2482,.T.);
#2579=ADVANCED_FACE('',(#188),#2483,.F.);
#2580=ADVANCED_FACE('',(#189),#2484,.F.);
#2581=ADVANCED_FACE('',(#190),#2485,.T.);
#2582=ADVANCED_FACE('',(#191),#2486,.T.);
#2583=ADVANCED_FACE('',(#192),#2487,.T.);
#2584=ADVANCED_FACE('',(#193),#125,.F.);
#2585=ADVANCED_FACE('',(#194),#126,.F.);
#2586=ADVANCED_FACE('',(#195),#127,.F.);
#2587=ADVANCED_FACE('',(#196),#128,.F.);
#2588=ADVANCED_FACE('',(#197),#129,.F.);
#2589=ADVANCED_FACE('',(#198),#130,.F.);
#2590=ADVANCED_FACE('',(#199),#131,.F.);
#2591=ADVANCED_FACE('',(#200),#132,.F.);
#2592=ADVANCED_FACE('',(#201),#133,.F.);
#2593=ADVANCED_FACE('',(#202),#134,.F.);
#2594=ADVANCED_FACE('',(#203),#2488,.T.);
#2595=ADVANCED_FACE('',(#204),#2489,.T.);
#2596=ADVANCED_FACE('',(#205),#2490,.T.);
#2597=ADVANCED_FACE('',(#206),#135,.T.);
#2598=ADVANCED_FACE('',(#207),#2491,.T.);
#2599=ADVANCED_FACE('',(#208),#2492,.F.);
#2600=ADVANCED_FACE('',(#209),#2493,.T.);
#2601=ADVANCED_FACE('',(#210),#2494,.T.);
#2602=ADVANCED_FACE('',(#211),#2495,.T.);
#2603=ADVANCED_FACE('',(#212),#136,.T.);
#2604=ADVANCED_FACE('',(#213,#16),#2496,.T.);
#2605=ADVANCED_FACE('',(#214),#2497,.T.);
#2606=ADVANCED_FACE('',(#215),#2498,.T.);
#2607=ADVANCED_FACE('',(#216),#2499,.F.);
#2608=ADVANCED_FACE('',(#217),#2500,.F.);
#2609=ADVANCED_FACE('',(#218),#2501,.T.);
#2610=ADVANCED_FACE('',(#219),#137,.T.);
#2611=ADVANCED_FACE('',(#220),#2502,.F.);
#2612=ADVANCED_FACE('',(#221),#138,.F.);
#2613=ADVANCED_FACE('',(#222),#139,.T.);
#2614=ADVANCED_FACE('',(#223),#2503,.F.);
#2615=ADVANCED_FACE('',(#224),#140,.T.);
#2616=ADVANCED_FACE('',(#225),#141,.F.);
#2617=ADVANCED_FACE('',(#226),#142,.F.);
#2618=ADVANCED_FACE('',(#227),#143,.F.);
#2619=ADVANCED_FACE('',(#228),#2504,.F.);
#2620=ADVANCED_FACE('',(#229),#144,.T.);
#2621=ADVANCED_FACE('',(#230),#145,.T.);
#2622=ADVANCED_FACE('',(#231),#146,.T.);
#2623=ADVANCED_FACE('',(#232),#2505,.T.);
#2624=ADVANCED_FACE('',(#233),#2506,.T.);
#2625=ADVANCED_FACE('',(#234),#2507,.T.);
#2626=ADVANCED_FACE('',(#235),#2508,.T.);
#2627=ADVANCED_FACE('',(#236),#2509,.T.);
#2628=ADVANCED_FACE('',(#237),#2510,.T.);
#2629=ADVANCED_FACE('',(#238),#2511,.T.);
#2630=ADVANCED_FACE('',(#239),#2512,.T.);
#2631=ADVANCED_FACE('',(#240,#17),#2513,.T.);
#2632=ADVANCED_FACE('',(#241),#2514,.T.);
#2633=ADVANCED_FACE('',(#242,#18),#2515,.T.);
#2634=ADVANCED_FACE('',(#243),#2516,.T.);
#2635=ADVANCED_FACE('',(#244),#2517,.T.);
#2636=ADVANCED_FACE('',(#245),#2518,.T.);
#2637=ADVANCED_FACE('',(#246),#147,.F.);
#2638=ADVANCED_FACE('',(#247,#19),#2519,.F.);
#2639=ADVANCED_FACE('',(#248),#2520,.T.);
#2640=ADVANCED_FACE('',(#249),#2521,.T.);
#2641=ADVANCED_FACE('',(#250),#2522,.T.);
#2642=ADVANCED_FACE('',(#251),#2523,.T.);
#2643=ADVANCED_FACE('',(#252),#2524,.T.);
#2644=ADVANCED_FACE('',(#253),#2525,.F.);
#2645=ADVANCED_FACE('',(#254),#2526,.F.);
#2646=ADVANCED_FACE('',(#255),#2527,.F.);
#2647=ADVANCED_FACE('',(#256),#2528,.F.);
#2648=ADVANCED_FACE('',(#257),#2529,.F.);
#2649=ADVANCED_FACE('',(#258),#2530,.F.);
#2650=ADVANCED_FACE('',(#259),#148,.T.);
#2651=ADVANCED_FACE('',(#260),#2531,.T.);
#2652=ADVANCED_FACE('',(#261),#149,.F.);
#2653=ADVANCED_FACE('',(#262),#150,.T.);
#2654=ADVANCED_FACE('',(#263),#2532,.T.);
#2655=ADVANCED_FACE('',(#264),#151,.T.);
#2656=ADVANCED_FACE('',(#265),#152,.F.);
#2657=ADVANCED_FACE('',(#266),#153,.F.);
#2658=ADVANCED_FACE('',(#267),#154,.F.);
#2659=ADVANCED_FACE('',(#268),#2533,.T.);
#2660=ADVANCED_FACE('',(#269),#155,.T.);
#2661=ADVANCED_FACE('',(#270),#156,.T.);
#2662=ADVANCED_FACE('',(#271),#157,.T.);
#2663=ADVANCED_FACE('',(#272,#20),#2534,.F.);
#2664=ADVANCED_FACE('',(#273),#2535,.F.);
#2665=ADVANCED_FACE('',(#274),#2536,.F.);
#2666=ADVANCED_FACE('',(#275),#2537,.F.);
#2667=ADVANCED_FACE('',(#276),#2538,.F.);
#2668=ADVANCED_FACE('',(#277),#2539,.F.);
#2669=ADVANCED_FACE('',(#278),#2540,.F.);
#2670=ADVANCED_FACE('',(#279),#2541,.F.);
#2671=ADVANCED_FACE('',(#280),#2542,.F.);
#2672=ADVANCED_FACE('',(#281),#2543,.F.);
#2673=ADVANCED_FACE('',(#282),#2544,.F.);
#2674=ADVANCED_FACE('',(#283,#21),#2545,.F.);
#2675=ADVANCED_FACE('',(#284),#2546,.F.);
#2676=ADVANCED_FACE('',(#285),#2547,.F.);
#2677=ADVANCED_FACE('',(#286),#2548,.F.);
#2678=ADVANCED_FACE('',(#287),#2549,.F.);
#2679=ADVANCED_FACE('',(#288),#158,.F.);
#2680=CLOSED_SHELL('',(#2550,#2551,#2552,#2553,#2554,#2555,#2556,#2557,
#2558,#2559,#2560,#2561,#2562,#2563,#2564,#2565,#2566,#2567,#2568,#2569,
#2570,#2571,#2572,#2573,#2574,#2575,#2576,#2577,#2578,#2579,#2580,#2581,
#2582,#2583,#2584,#2585,#2586,#2587,#2588,#2589,#2590,#2591,#2592,#2593,
#2594,#2595,#2596,#2597,#2598,#2599,#2600,#2601,#2602,#2603,#2604,#2605,
#2606,#2607,#2608,#2609,#2610,#2611,#2612,#2613,#2614,#2615,#2616,#2617,
#2618,#2619,#2620,#2621,#2622,#2623,#2624,#2625,#2626,#2627,#2628,#2629,
#2630,#2631,#2632,#2633,#2634,#2635,#2636,#2637,#2638,#2639,#2640,#2641,
#2642,#2643,#2644,#2645,#2646,#2647,#2648,#2649,#2650,#2651,#2652,#2653,
#2654,#2655,#2656,#2657,#2658,#2659,#2660,#2661,#2662,#2663,#2664,#2665,
#2666,#2667,#2668,#2669,#2670,#2671,#2672,#2673,#2674,#2675,#2676,#2677,
#2678,#2679));
#2681=DERIVED_UNIT_ELEMENT(#2683,1.);
#2682=DERIVED_UNIT_ELEMENT(#4461,-3.);
#2683=(
MASS_UNIT()
NAMED_UNIT(*)
SI_UNIT(.KILO.,.GRAM.)
);
#2684=DERIVED_UNIT((#2681,#2682));
#2685=MEASURE_REPRESENTATION_ITEM('density measure',
POSITIVE_RATIO_MEASURE(7850.),#2684);
#2686=PROPERTY_DEFINITION_REPRESENTATION(#2691,#2688);
#2687=PROPERTY_DEFINITION_REPRESENTATION(#2692,#2689);
#2688=REPRESENTATION('material name',(#2690),#4456);
#2689=REPRESENTATION('density',(#2685),#4456);
#2690=DESCRIPTIVE_REPRESENTATION_ITEM('Steel','Steel');
#2691=PROPERTY_DEFINITION('material property','material name',#4469);
#2692=PROPERTY_DEFINITION('material property','density of part',#4469);
#2693=AXIS2_PLACEMENT_3D('',#3672,#2920,#2921);
#2694=AXIS2_PLACEMENT_3D('',#3673,#2922,#2923);
#2695=AXIS2_PLACEMENT_3D('',#3682,#2928,#2929);
#2696=AXIS2_PLACEMENT_3D('',#3685,#2930,#2931);
#2697=AXIS2_PLACEMENT_3D('',#3689,#2933,#2934);
#2698=AXIS2_PLACEMENT_3D('',#3691,#2936,#2937);
#2699=AXIS2_PLACEMENT_3D('',#3699,#2942,#2943);
#2700=AXIS2_PLACEMENT_3D('',#3701,#2944,#2945);
#2701=AXIS2_PLACEMENT_3D('',#3704,#2947,#2948);
#2702=AXIS2_PLACEMENT_3D('',#3706,#2950,#2951);
#2703=AXIS2_PLACEMENT_3D('',#3708,#2952,#2953);
#2704=AXIS2_PLACEMENT_3D('',#3711,#2955,#2956);
#2705=AXIS2_PLACEMENT_3D('',#3712,#2957,#2958);
#2706=AXIS2_PLACEMENT_3D('',#3714,#2959,#2960);
#2707=AXIS2_PLACEMENT_3D('',#3719,#2963,#2964);
#2708=AXIS2_PLACEMENT_3D('',#3720,#2965,#2966);
#2709=AXIS2_PLACEMENT_3D('',#3726,#2970,#2971);
#2710=AXIS2_PLACEMENT_3D('',#3728,#2972,#2973);
#2711=AXIS2_PLACEMENT_3D('',#3731,#2975,#2976);
#2712=AXIS2_PLACEMENT_3D('',#3733,#2978,#2979);
#2713=AXIS2_PLACEMENT_3D('',#3734,#2980,#2981);
#2714=AXIS2_PLACEMENT_3D('',#3735,#2982,#2983);
#2715=AXIS2_PLACEMENT_3D('',#3736,#2984,#2985);
#2716=AXIS2_PLACEMENT_3D('',#3740,#2989,#2990);
#2717=AXIS2_PLACEMENT_3D('',#3741,#2991,#2992);
#2718=AXIS2_PLACEMENT_3D('',#3750,#2997,#2998);
#2719=AXIS2_PLACEMENT_3D('',#3756,#3002,#3003);
#2720=AXIS2_PLACEMENT_3D('',#3762,#3007,#3008);
#2721=AXIS2_PLACEMENT_3D('',#3765,#3011,#3012);
#2722=AXIS2_PLACEMENT_3D('',#3771,#3016,#3017);
#2723=AXIS2_PLACEMENT_3D('',#3780,#3022,#3023);
#2724=AXIS2_PLACEMENT_3D('',#3783,#3026,#3027);
#2725=AXIS2_PLACEMENT_3D('',#3786,#3030,#3031);
#2726=AXIS2_PLACEMENT_3D('',#3791,#3033,#3034);
#2727=AXIS2_PLACEMENT_3D('',#3795,#3036,#3037);
#2728=AXIS2_PLACEMENT_3D('',#3799,#3039,#3040);
#2729=AXIS2_PLACEMENT_3D('',#3803,#3042,#3043);
#2730=AXIS2_PLACEMENT_3D('',#3807,#3045,#3046);
#2731=AXIS2_PLACEMENT_3D('',#3810,#3048,#3049);
#2732=AXIS2_PLACEMENT_3D('',#3812,#3050,#3051);
#2733=AXIS2_PLACEMENT_3D('',#3816,#3053,#3054);
#2734=AXIS2_PLACEMENT_3D('',#3820,#3056,#3057);
#2735=AXIS2_PLACEMENT_3D('',#3823,#3059,#3060);
#2736=AXIS2_PLACEMENT_3D('',#3824,#3061,#3062);
#2737=AXIS2_PLACEMENT_3D('',#3834,#3068,#3069);
#2738=AXIS2_PLACEMENT_3D('',#3840,#3073,#3074);
#2739=AXIS2_PLACEMENT_3D('',#3844,#3077,#3078);
#2740=AXIS2_PLACEMENT_3D('',#3848,#3080,#3081);
#2741=AXIS2_PLACEMENT_3D('',#3855,#3085,#3086);
#2742=AXIS2_PLACEMENT_3D('',#3856,#3087,#3088);
#2743=AXIS2_PLACEMENT_3D('',#3860,#3090,#3091);
#2744=AXIS2_PLACEMENT_3D('',#3864,#3093,#3094);
#2745=AXIS2_PLACEMENT_3D('',#3866,#3095,#3096);
#2746=AXIS2_PLACEMENT_3D('',#3868,#3097,#3098);
#2747=AXIS2_PLACEMENT_3D('',#3872,#3100,#3101);
#2748=AXIS2_PLACEMENT_3D('',#3874,#3102,#3103);
#2749=AXIS2_PLACEMENT_3D('',#3878,#3105,#3106);
#2750=AXIS2_PLACEMENT_3D('',#3880,#3107,#3108);
#2751=AXIS2_PLACEMENT_3D('',#3882,#3109,#3110);
#2752=AXIS2_PLACEMENT_3D('',#3886,#3112,#3113);
#2753=AXIS2_PLACEMENT_3D('',#3888,#3114,#3115);
#2754=AXIS2_PLACEMENT_3D('',#3890,#3116,#3117);
#2755=AXIS2_PLACEMENT_3D('',#3892,#3118,#3119);
#2756=AXIS2_PLACEMENT_3D('',#3894,#3120,#3121);
#2757=AXIS2_PLACEMENT_3D('',#3896,#3122,#3123);
#2758=AXIS2_PLACEMENT_3D('',#3898,#3124,#3125);
#2759=AXIS2_PLACEMENT_3D('',#3899,#3126,#3127);
#2760=AXIS2_PLACEMENT_3D('',#3900,#3128,#3129);
#2761=AXIS2_PLACEMENT_3D('',#3906,#3133,#3134);
#2762=AXIS2_PLACEMENT_3D('',#3908,#3136,#3137);
#2763=AXIS2_PLACEMENT_3D('',#3914,#3141,#3142);
#2764=AXIS2_PLACEMENT_3D('',#3920,#3146,#3147);
#2765=AXIS2_PLACEMENT_3D('',#3924,#3150,#3151);
#2766=AXIS2_PLACEMENT_3D('',#3934,#3156,#3157);
#2767=AXIS2_PLACEMENT_3D('',#3942,#3161,#3162);
#2768=AXIS2_PLACEMENT_3D('',#3948,#3166,#3167);
#2769=AXIS2_PLACEMENT_3D('',#3953,#3170,#3171);
#2770=AXIS2_PLACEMENT_3D('',#3987,#3189,#3190);
#2771=AXIS2_PLACEMENT_3D('',#3989,#3192,#3193);
#2772=AXIS2_PLACEMENT_3D('',#3991,#3195,#3196);
#2773=AXIS2_PLACEMENT_3D('',#3994,#3197,#3198);
#2774=AXIS2_PLACEMENT_3D('',#3998,#3200,#3201);
#2775=AXIS2_PLACEMENT_3D('',#4000,#3203,#3204);
#2776=AXIS2_PLACEMENT_3D('',#4002,#3205,#3206);
#2777=AXIS2_PLACEMENT_3D('',#4005,#3208,#3209);
#2778=AXIS2_PLACEMENT_3D('',#4006,#3210,#3211);
#2779=AXIS2_PLACEMENT_3D('',#4008,#3212,#3213);
#2780=AXIS2_PLACEMENT_3D('',#4011,#3215,#3216);
#2781=AXIS2_PLACEMENT_3D('',#4012,#3217,#3218);
#2782=AXIS2_PLACEMENT_3D('',#4014,#3219,#3220);
#2783=AXIS2_PLACEMENT_3D('',#4017,#3222,#3223);
#2784=AXIS2_PLACEMENT_3D('',#4018,#3224,#3225);
#2785=AXIS2_PLACEMENT_3D('',#4020,#3226,#3227);
#2786=AXIS2_PLACEMENT_3D('',#4023,#3229,#3230);
#2787=AXIS2_PLACEMENT_3D('',#4024,#3231,#3232);
#2788=AXIS2_PLACEMENT_3D('',#4028,#3234,#3235);
#2789=AXIS2_PLACEMENT_3D('',#4030,#3237,#3238);
#2790=AXIS2_PLACEMENT_3D('',#4033,#3240,#3241);
#2791=AXIS2_PLACEMENT_3D('',#4034,#3242,#3243);
#2792=AXIS2_PLACEMENT_3D('',#4037,#3245,#3246);
#2793=AXIS2_PLACEMENT_3D('',#4038,#3247,#3248);
#2794=AXIS2_PLACEMENT_3D('',#4041,#3250,#3251);
#2795=AXIS2_PLACEMENT_3D('',#4042,#3252,#3253);
#2796=AXIS2_PLACEMENT_3D('',#4044,#3254,#3255);
#2797=AXIS2_PLACEMENT_3D('',#4046,#3257,#3258);
#2798=AXIS2_PLACEMENT_3D('',#4049,#3261,#3262);
#2799=AXIS2_PLACEMENT_3D('',#4052,#3265,#3266);
#2800=AXIS2_PLACEMENT_3D('',#4053,#3267,#3268);
#2801=AXIS2_PLACEMENT_3D('',#4057,#3270,#3271);
#2802=AXIS2_PLACEMENT_3D('',#4061,#3273,#3274);
#2803=AXIS2_PLACEMENT_3D('',#4064,#3276,#3277);
#2804=AXIS2_PLACEMENT_3D('',#4065,#3278,#3279);
#2805=AXIS2_PLACEMENT_3D('',#4069,#3282,#3283);
#2806=AXIS2_PLACEMENT_3D('',#4075,#3287,#3288);
#2807=AXIS2_PLACEMENT_3D('',#4077,#3290,#3291);
#2808=AXIS2_PLACEMENT_3D('',#4091,#3299,#3300);
#2809=AXIS2_PLACEMENT_3D('',#4100,#3305,#3306);
#2810=AXIS2_PLACEMENT_3D('',#4104,#3308,#3309);
#2811=AXIS2_PLACEMENT_3D('',#4107,#3311,#3312);
#2812=AXIS2_PLACEMENT_3D('',#4108,#3313,#3314);
#2813=AXIS2_PLACEMENT_3D('',#4141,#3331,#3332);
#2814=AXIS2_PLACEMENT_3D('',#4143,#3333,#3334);
#2815=AXIS2_PLACEMENT_3D('',#4145,#3335,#3336);
#2816=AXIS2_PLACEMENT_3D('',#4149,#3338,#3339);
#2817=AXIS2_PLACEMENT_3D('',#4151,#3340,#3341);
#2818=AXIS2_PLACEMENT_3D('',#4155,#3343,#3344);
#2819=AXIS2_PLACEMENT_3D('',#4156,#3345,#3346);
#2820=AXIS2_PLACEMENT_3D('',#4158,#3347,#3348);
#2821=AXIS2_PLACEMENT_3D('',#4160,#3349,#3350);
#2822=AXIS2_PLACEMENT_3D('',#4161,#3351,#3352);
#2823=AXIS2_PLACEMENT_3D('',#4162,#3353,#3354);
#2824=AXIS2_PLACEMENT_3D('',#4168,#3358,#3359);
#2825=AXIS2_PLACEMENT_3D('',#4174,#3363,#3364);
#2826=AXIS2_PLACEMENT_3D('',#4178,#3367,#3368);
#2827=AXIS2_PLACEMENT_3D('',#4180,#3370,#3371);
#2828=AXIS2_PLACEMENT_3D('',#4182,#3373,#3374);
#2829=AXIS2_PLACEMENT_3D('',#4185,#3376,#3377);
#2830=AXIS2_PLACEMENT_3D('',#4186,#3378,#3379);
#2831=AXIS2_PLACEMENT_3D('',#4193,#3384,#3385);
#2832=AXIS2_PLACEMENT_3D('',#4198,#3388,#3389);
#2833=AXIS2_PLACEMENT_3D('',#4199,#3390,#3391);
#2834=AXIS2_PLACEMENT_3D('',#4201,#3392,#3393);
#2835=AXIS2_PLACEMENT_3D('',#4203,#3395,#3396);
#2836=AXIS2_PLACEMENT_3D('',#4207,#3399,#3400);
#2837=AXIS2_PLACEMENT_3D('',#4208,#3401,#3402);
#2838=AXIS2_PLACEMENT_3D('',#4209,#3403,#3404);
#2839=AXIS2_PLACEMENT_3D('',#4211,#3405,#3406);
#2840=AXIS2_PLACEMENT_3D('',#4213,#3408,#3409);
#2841=AXIS2_PLACEMENT_3D('',#4215,#3410,#3411);
#2842=AXIS2_PLACEMENT_3D('',#4217,#3413,#3414);
#2843=AXIS2_PLACEMENT_3D('',#4218,#3415,#3416);
#2844=AXIS2_PLACEMENT_3D('',#4219,#3417,#3418);
#2845=AXIS2_PLACEMENT_3D('',#4223,#3421,#3422);
#2846=AXIS2_PLACEMENT_3D('',#4225,#3423,#3424);
#2847=AXIS2_PLACEMENT_3D('',#4227,#3426,#3427);
#2848=AXIS2_PLACEMENT_3D('',#4230,#3429,#3430);
#2849=AXIS2_PLACEMENT_3D('',#4231,#3431,#3432);
#2850=AXIS2_PLACEMENT_3D('',#4232,#3433,#3434);
#2851=AXIS2_PLACEMENT_3D('',#4233,#3435,#3436);
#2852=AXIS2_PLACEMENT_3D('',#4235,#3438,#3439);
#2853=AXIS2_PLACEMENT_3D('',#4238,#3442,#3443);
#2854=AXIS2_PLACEMENT_3D('',#4240,#3445,#3446);
#2855=AXIS2_PLACEMENT_3D('',#4242,#3448,#3449);
#2856=AXIS2_PLACEMENT_3D('',#4244,#3451,#3452);
#2857=AXIS2_PLACEMENT_3D('',#4246,#3454,#3455);
#2858=AXIS2_PLACEMENT_3D('',#4248,#3457,#3458);
#2859=AXIS2_PLACEMENT_3D('',#4250,#3460,#3461);
#2860=AXIS2_PLACEMENT_3D('',#4252,#3463,#3464);
#2861=AXIS2_PLACEMENT_3D('',#4254,#3466,#3467);
#2862=AXIS2_PLACEMENT_3D('',#4256,#3469,#3470);
#2863=AXIS2_PLACEMENT_3D('',#4258,#3472,#3473);
#2864=AXIS2_PLACEMENT_3D('',#4259,#3474,#3475);
#2865=AXIS2_PLACEMENT_3D('',#4260,#3476,#3477);
#2866=AXIS2_PLACEMENT_3D('',#4261,#3478,#3479);
#2867=AXIS2_PLACEMENT_3D('',#4262,#3480,#3481);
#2868=AXIS2_PLACEMENT_3D('',#4263,#3482,#3483);
#2869=AXIS2_PLACEMENT_3D('',#4270,#3488,#3489);
#2870=AXIS2_PLACEMENT_3D('',#4276,#3493,#3494);
#2871=AXIS2_PLACEMENT_3D('',#4288,#3502,#3503);
#2872=AXIS2_PLACEMENT_3D('',#4289,#3504,#3505);
#2873=AXIS2_PLACEMENT_3D('',#4299,#3511,#3512);
#2874=AXIS2_PLACEMENT_3D('',#4303,#3515,#3516);
#2875=AXIS2_PLACEMENT_3D('',#4307,#3519,#3520);
#2876=AXIS2_PLACEMENT_3D('',#4310,#3523,#3524);
#2877=AXIS2_PLACEMENT_3D('',#4311,#3525,#3526);
#2878=AXIS2_PLACEMENT_3D('',#4318,#3531,#3532);
#2879=AXIS2_PLACEMENT_3D('',#4319,#3533,#3534);
#2880=AXIS2_PLACEMENT_3D('',#4322,#3536,#3537);
#2881=AXIS2_PLACEMENT_3D('',#4323,#3538,#3539);
#2882=AXIS2_PLACEMENT_3D('',#4333,#3545,#3546);
#2883=AXIS2_PLACEMENT_3D('',#4338,#3549,#3550);
#2884=AXIS2_PLACEMENT_3D('',#4339,#3551,#3552);
#2885=AXIS2_PLACEMENT_3D('',#4341,#3553,#3554);
#2886=AXIS2_PLACEMENT_3D('',#4343,#3556,#3557);
#2887=AXIS2_PLACEMENT_3D('',#4347,#3560,#3561);
#2888=AXIS2_PLACEMENT_3D('',#4348,#3562,#3563);
#2889=AXIS2_PLACEMENT_3D('',#4349,#3564,#3565);
#2890=AXIS2_PLACEMENT_3D('',#4352,#3567,#3568);
#2891=AXIS2_PLACEMENT_3D('',#4353,#3569,#3570);
#2892=AXIS2_PLACEMENT_3D('',#4356,#3572,#3573);
#2893=AXIS2_PLACEMENT_3D('',#4357,#3574,#3575);
#2894=AXIS2_PLACEMENT_3D('',#4358,#3576,#3577);
#2895=AXIS2_PLACEMENT_3D('',#4359,#3578,#3579);
#2896=AXIS2_PLACEMENT_3D('',#4363,#3582,#3583);
#2897=AXIS2_PLACEMENT_3D('',#4366,#3585,#3586);
#2898=AXIS2_PLACEMENT_3D('',#4367,#3587,#3588);
#2899=AXIS2_PLACEMENT_3D('',#4370,#3590,#3591);
#2900=AXIS2_PLACEMENT_3D('',#4371,#3592,#3593);
#2901=AXIS2_PLACEMENT_3D('',#4372,#3594,#3595);
#2902=AXIS2_PLACEMENT_3D('',#4373,#3596,#3597);
#2903=AXIS2_PLACEMENT_3D('',#4400,#3612,#3613);
#2904=AXIS2_PLACEMENT_3D('',#4404,#3616,#3617);
#2905=AXIS2_PLACEMENT_3D('',#4408,#3620,#3621);
#2906=AXIS2_PLACEMENT_3D('',#4412,#3624,#3625);
#2907=AXIS2_PLACEMENT_3D('',#4416,#3628,#3629);
#2908=AXIS2_PLACEMENT_3D('',#4420,#3632,#3633);
#2909=AXIS2_PLACEMENT_3D('',#4424,#3636,#3637);
#2910=AXIS2_PLACEMENT_3D('',#4428,#3640,#3641);
#2911=AXIS2_PLACEMENT_3D('',#4431,#3644,#3645);
#2912=AXIS2_PLACEMENT_3D('',#4435,#3648,#3649);
#2913=AXIS2_PLACEMENT_3D('',#4439,#3652,#3653);
#2914=AXIS2_PLACEMENT_3D('',#4443,#3656,#3657);
#2915=AXIS2_PLACEMENT_3D('',#4447,#3660,#3661);
#2916=AXIS2_PLACEMENT_3D('',#4449,#3663,#3664);
#2917=AXIS2_PLACEMENT_3D('',#4451,#3666,#3667);
#2918=AXIS2_PLACEMENT_3D('',#4452,#3668,#3669);
#2919=AXIS2_PLACEMENT_3D('',#4453,#3670,#3671);
#2920=DIRECTION('axis',(0.,0.,1.));
#2921=DIRECTION('refdir',(1.,0.,0.));
#2922=DIRECTION('center_axis',(-0.626153288276188,-3.60099110413318E-6,
0.779699980484769));
#2923=DIRECTION('ref_axis',(-0.779699980493085,2.89184619419329E-6,-0.62615328826951));
#2924=DIRECTION('',(-0.779699980493378,2.89184619458043E-6,-0.626153288269146));
#2925=DIRECTION('',(0.,0.999999999985393,5.40506809649493E-6));
#2926=DIRECTION('',(0.779699980493378,-2.8918461941916E-6,0.626153288269146));
#2927=DIRECTION('',(0.,-0.999999999989335,-4.61843169709444E-6));
#2928=DIRECTION('center_axis',(0.,-0.999999999989335,-4.61843169709444E-6));
#2929=DIRECTION('ref_axis',(-0.930145423702599,1.69584819017952E-6,-0.367191354421963));
#2930=DIRECTION('center_axis',(6.34536071609239E-21,0.999999999989335,4.61843169769913E-6));
#2931=DIRECTION('ref_axis',(-0.930145423702599,1.69584819040156E-6,-0.367191354421963));
#2932=DIRECTION('',(0.,-0.999999999989335,-4.61843169709444E-6));
#2933=DIRECTION('center_axis',(-6.34536071609239E-21,-0.999999999989335,
-4.61843169769913E-6));
#2934=DIRECTION('ref_axis',(-0.930145423702599,1.69584819040156E-6,-0.367191354421963));
#2935=DIRECTION('',(0.,-0.999999999989335,-4.61843169709444E-6));
#2936=DIRECTION('center_axis',(-0.00339440437036108,-4.6184050902766E-6,
0.999994238982226));
#2937=DIRECTION('ref_axis',(-0.999994238992891,1.56768247388825E-8,-0.00339440437032488));
#2938=DIRECTION('',(-0.999994238992411,-9.63877507437061E-7,-0.00339440437484726));
#2939=DIRECTION('',(9.79559910900541E-7,-0.999999999988855,-4.61841339005115E-6));
#2940=DIRECTION('',(0.,-0.999999999989335,-4.61843169709444E-6));
#2941=DIRECTION('',(-0.999994238992891,1.56768247388825E-8,-0.00339440437032488));
#2942=DIRECTION('center_axis',(0.,-0.999999999989335,-4.61843169709444E-6));
#2943=DIRECTION('ref_axis',(-0.911975590305438,1.89468604985435E-6,-0.410244466974824));
#2944=DIRECTION('center_axis',(1.19727550715213E-22,0.999999999989335,4.61843169769913E-6));
#2945=DIRECTION('ref_axis',(-0.911975590305438,1.89468605010242E-6,-0.410244466974824));
#2946=DIRECTION('',(0.,-0.999999999989335,-4.61843169709444E-6));
#2947=DIRECTION('center_axis',(1.19727550715213E-22,0.999999999989335,4.61843169769913E-6));
#2948=DIRECTION('ref_axis',(-0.911975590305438,1.89468605010242E-6,-0.410244466974824));
#2949=DIRECTION('',(9.79559910900541E-7,-0.999999999988855,-4.61841339005115E-6));
#2950=DIRECTION('center_axis',(0.,-0.999999999989335,-4.61843169709444E-6));
#2951=DIRECTION('ref_axis',(0.513753383947674,3.96232764593845E-6,-0.85793791177836));
#2952=DIRECTION('center_axis',(0.,0.999999999989335,4.61843169769913E-6));
#2953=DIRECTION('ref_axis',(0.513753383947674,3.96232764645723E-6,-0.85793791177836));
#2954=DIRECTION('',(0.,-0.999999999989335,-4.61843169709444E-6));
#2955=DIRECTION('center_axis',(0.,0.999999999989335,4.61843169769913E-6));
#2956=DIRECTION('ref_axis',(0.513753383947674,3.96232764645723E-6,-0.85793791177836));
#2957=DIRECTION('center_axis',(0.,-0.999999999989335,-4.61843169709444E-6));
#2958=DIRECTION('ref_axis',(0.999536238844843,1.40639187737486E-7,-0.0304517197525007));
#2959=DIRECTION('center_axis',(0.,0.999999999989335,4.61843169769913E-6));
#2960=DIRECTION('ref_axis',(0.999536238844843,1.406391877559E-7,-0.0304517197525007));
#2961=DIRECTION('',(9.79559910900541E-7,-0.999999999988855,-4.61841339005115E-6));
#2962=DIRECTION('',(0.,-0.999999999989335,-4.61843169709444E-6));
#2963=DIRECTION('center_axis',(0.,0.999999999989335,4.61843169769913E-6));
#2964=DIRECTION('ref_axis',(0.999536238844843,1.406391877559E-7,-0.0304517197525007));
#2965=DIRECTION('center_axis',(-0.626153288276188,-3.60099110413318E-6,
0.779699980484769));
#2966=DIRECTION('ref_axis',(-0.779699980493085,2.89184619419329E-6,-0.62615328826951));
#2967=DIRECTION('',(0.779699980492857,-2.12807187225944E-6,0.626153288272856));
#2968=DIRECTION('',(0.,-0.999999999989335,-4.61843169709444E-6));
#2969=DIRECTION('',(-0.779699980493085,2.89184619419329E-6,-0.62615328826951));
#2970=DIRECTION('center_axis',(0.,-0.999999999989335,-4.61843169709444E-6));
#2971=DIRECTION('ref_axis',(0.993039461965352,5.43968660436506E-7,-0.11778211655115));
#2972=DIRECTION('center_axis',(2.62477700492269E-21,0.999999999989335,4.61843169769913E-6));
#2973=DIRECTION('ref_axis',(0.993039461965352,5.43968660507725E-7,-0.11778211655115));
#2974=DIRECTION('',(0.,-0.999999999989335,-4.61843169709444E-6));
#2975=DIRECTION('center_axis',(-2.62477700492269E-21,-0.999999999989335,
-4.61843169769913E-6));
#2976=DIRECTION('ref_axis',(0.993039461965352,5.43968660507725E-7,-0.11778211655115));
#2977=DIRECTION('',(-1.03123680200697E-7,-0.999999999984936,-5.48788358023853E-6));
#2978=DIRECTION('center_axis',(0.,-0.999999999989335,-4.61843169709444E-6));
#2979=DIRECTION('ref_axis',(0.48546693020339,4.03768714770352E-6,-0.874255031248087));
#2980=DIRECTION('center_axis',(0.,0.999999999989335,4.61843169769913E-6));
#2981=DIRECTION('ref_axis',(0.48546693020339,4.03768714823217E-6,-0.874255031248087));
#2982=DIRECTION('center_axis',(0.,-0.999999999989335,-4.61843169769913E-6));
#2983=DIRECTION('ref_axis',(0.48546693020339,4.03768714823217E-6,-0.874255031248087));
#2984=DIRECTION('center_axis',(0.,0.999999999989335,4.61843169769913E-6));
#2985=DIRECTION('ref_axis',(1.,0.,0.));
#2986=DIRECTION('',(0.779699980493378,-2.8918461941916E-6,0.626153288269146));
#2987=DIRECTION('',(0.779699980493378,-2.8918461941916E-6,0.626153288269146));
#2988=DIRECTION('',(-0.999994238992411,-9.63877507437061E-7,-0.00339440437484726));
#2989=DIRECTION('center_axis',(0.,0.999999999989335,4.61843169769913E-6));
#2990=DIRECTION('ref_axis',(1.,0.,0.));
#2991=DIRECTION('center_axis',(1.22464679914735E-16,0.999999999989335,4.61843169703939E-6));
#2992=DIRECTION('ref_axis',(-7.87482473525463E-32,4.61843169703939E-6,-0.999999999989335));
#2993=DIRECTION('',(0.779699980493378,2.89184619368302E-6,-0.626153288269146));
#2994=DIRECTION('',(1.61033322107847E-33,-4.61843169766927E-6,0.999999999989335));
#2995=DIRECTION('',(-0.99341234140786,5.29247284494629E-7,-0.114594589480796));
#2996=DIRECTION('',(-2.69949926677637E-33,4.61843169766037E-6,-0.999999999989335));
#2997=DIRECTION('center_axis',(-1.,1.22464679913429E-16,5.65594759564745E-22));
#2998=DIRECTION('ref_axis',(1.61033322107847E-33,-4.61843169766927E-6,0.999999999989335));
#2999=DIRECTION('',(1.22464679914697E-16,0.999999999985393,5.40506809639659E-6));
#3000=DIRECTION('',(-1.61033322107847E-33,4.61843169766927E-6,-0.999999999989335));
#3001=DIRECTION('',(-1.22464679914734E-16,-0.999999999989851,-4.50541674085982E-6));
#3002=DIRECTION('center_axis',(1.,-1.22464679913429E-16,-5.65594759564745E-22));
#3003=DIRECTION('ref_axis',(-2.69949926677637E-33,4.61843169766037E-6,-0.999999999989335));
#3004=DIRECTION('',(-1.22464679914697E-16,-0.999999999985393,-5.40506809639659E-6));
#3005=DIRECTION('',(1.22464679914734E-16,0.999999999989851,4.50541674085982E-6));
#3006=DIRECTION('',(-2.69949926677637E-33,4.61843169766037E-6,-0.999999999989335));
#3007=DIRECTION('center_axis',(-1.38025633351325E-16,-0.999999999989335,
-4.61843169767975E-6));
#3008=DIRECTION('ref_axis',(-1.,1.38025633349853E-16,6.37461960162109E-22));
#3009=DIRECTION('',(-0.779699980493378,-2.89184619407185E-6,0.626153288269146));
#3010=DIRECTION('',(0.99341234140786,-5.29247284583469E-7,0.114594589480796));
#3011=DIRECTION('center_axis',(-1.,0.,0.));
#3012=DIRECTION('ref_axis',(0.,4.61843169769913E-6,-0.999999999989335));
#3013=DIRECTION('',(0.,4.61843169769913E-6,-0.999999999989335));
#3014=DIRECTION('',(0.,4.61843169769913E-6,-0.999999999989335));
#3015=DIRECTION('',(0.,-0.999999999989851,-4.50541674084569E-6));
#3016=DIRECTION('center_axis',(1.,0.,0.));
#3017=DIRECTION('ref_axis',(0.,-4.61843169769023E-6,0.999999999989335));
#3018=DIRECTION('',(0.,4.61843169769023E-6,-0.999999999989335));
#3019=DIRECTION('',(0.,0.999999999989851,4.50541674084569E-6));
#3020=DIRECTION('',(0.,-4.61843169769023E-6,0.999999999989335));
#3021=DIRECTION('',(0.,-0.999999999985393,-5.40506809649493E-6));
#3022=DIRECTION('center_axis',(1.55609534365901E-17,0.999999999989335,4.61843169767975E-6));
#3023=DIRECTION('ref_axis',(1.,-1.55609534364241E-17,-7.18672005979678E-23));
#3024=DIRECTION('',(0.779699980493378,-2.8918461941916E-6,0.626153288269146));
#3025=DIRECTION('',(-0.99341234140786,-5.29247284430894E-7,0.114594589480796));
#3026=DIRECTION('center_axis',(0.,-0.999999999989335,-4.61843169832011E-6));
#3027=DIRECTION('ref_axis',(0.,4.61843169832011E-6,-0.999999999989335));
#3028=DIRECTION('',(0.99341234140786,5.29247284519735E-7,-0.114594589480796));
#3029=DIRECTION('',(-0.779699980493378,2.89184619458043E-6,-0.626153288269146));
#3030=DIRECTION('center_axis',(0.,-0.999999999989335,-4.6184316968117E-6));
#3031=DIRECTION('ref_axis',(1.,0.,0.));
#3032=DIRECTION('',(0.,0.999999999989335,4.6184316968117E-6));
#3033=DIRECTION('center_axis',(-9.7955991090748E-7,-0.999999999988855,-4.61841339005115E-6));
#3034=DIRECTION('ref_axis',(0.99999999999952,-9.79559910897032E-7,-4.52403054146115E-12));
#3035=DIRECTION('',(0.,-0.999999999989335,-4.6184316968117E-6));
#3036=DIRECTION('center_axis',(9.79559913294459E-7,0.999999999988855,4.61841339005177E-6));
#3037=DIRECTION('ref_axis',(0.99999999999952,-9.79559913284012E-7,-4.52403055248525E-12));
#3038=DIRECTION('',(0.,-0.999999999989335,-4.6184316968117E-6));
#3039=DIRECTION('center_axis',(0.,1.,0.));
#3040=DIRECTION('ref_axis',(0.,0.,1.));
#3041=DIRECTION('',(0.,0.999999999989335,4.6184316968117E-6));
#3042=DIRECTION('center_axis',(-9.79559913294459E-7,0.999999999988855,4.61841339005177E-6));
#3043=DIRECTION('ref_axis',(0.99999999999952,9.79559913284012E-7,4.52403055248525E-12));
#3044=DIRECTION('',(0.,-0.999999999989335,-4.6184316968117E-6));
#3045=DIRECTION('center_axis',(0.,1.,0.));
#3046=DIRECTION('ref_axis',(0.,0.,1.));
#3047=DIRECTION('',(0.,0.999999999989335,4.6184316968117E-6));
#3048=DIRECTION('center_axis',(9.79559913294459E-7,0.999999999988855,4.61841339005177E-6));
#3049=DIRECTION('ref_axis',(0.99999999999952,-9.79559913284012E-7,-4.52403055248525E-12));
#3050=DIRECTION('center_axis',(-9.7955991090748E-7,-0.999999999988855,-4.61841339005115E-6));
#3051=DIRECTION('ref_axis',(0.99999999999952,-9.79559910897032E-7,-4.52403054146115E-12));
#3052=DIRECTION('',(0.,-0.999999999989335,-4.6184316968117E-6));
#3053=DIRECTION('center_axis',(0.,-1.,0.));
#3054=DIRECTION('ref_axis',(0.,0.,1.));
#3055=DIRECTION('',(0.,0.999999999989335,4.6184316968117E-6));
#3056=DIRECTION('center_axis',(9.7955991090748E-7,-0.999999999988855,-4.61841339005115E-6));
#3057=DIRECTION('ref_axis',(0.99999999999952,9.79559910897032E-7,4.52403054146115E-12));
#3058=DIRECTION('',(0.,-0.999999999989335,-4.6184316968117E-6));
#3059=DIRECTION('center_axis',(0.,-1.,0.));
#3060=DIRECTION('ref_axis',(0.,0.,1.));
#3061=DIRECTION('center_axis',(1.,-2.11758236813575E-22,8.07793566946316E-28));
#3062=DIRECTION('ref_axis',(-8.07793566946316E-28,-6.77771114410637E-22,
1.));
#3063=DIRECTION('',(1.78578064329174E-27,4.61841339005399E-6,-0.999999999989335));
#3064=DIRECTION('',(2.11758236807875E-22,0.999999999990078,4.45472361834726E-6));
#3065=DIRECTION('',(-1.78578064329161E-27,-4.61841339005336E-6,0.999999999989335));
#3066=DIRECTION('',(-2.11758236813575E-22,-1.,0.));
#3067=DIRECTION('',(-8.07793566946316E-28,0.,1.));
#3068=DIRECTION('center_axis',(1.,-2.11758236813575E-22,8.07793566946316E-28));
#3069=DIRECTION('ref_axis',(-8.07793566946316E-28,-6.77771114410637E-22,
1.));
#3070=DIRECTION('',(-8.07793566946316E-28,0.,1.));
#3071=DIRECTION('',(7.28263183772354E-17,-0.999999999989457,-4.59202361625516E-6));
#3072=DIRECTION('',(1.78578064329174E-27,4.61841339005399E-6,-0.999999999989335));
#3073=DIRECTION('center_axis',(0.,-1.,0.));
#3074=DIRECTION('ref_axis',(0.,0.,-1.));
#3075=DIRECTION('',(1.,0.,0.));
#3076=DIRECTION('',(-8.07793566946316E-28,0.,-1.));
#3077=DIRECTION('center_axis',(0.,-1.,0.));
#3078=DIRECTION('ref_axis',(0.,0.,-1.));
#3079=DIRECTION('',(-8.07793566946316E-28,0.,-1.));
#3080=DIRECTION('center_axis',(0.,-1.,0.));
#3081=DIRECTION('ref_axis',(-0.207489378378154,0.,0.978237270737651));
#3082=DIRECTION('',(0.,0.,1.));
#3083=DIRECTION('',(1.,0.,0.));
#3084=DIRECTION('',(0.,0.,1.));
#3085=DIRECTION('center_axis',(0.,-1.,0.));
#3086=DIRECTION('ref_axis',(0.207489378378154,0.,0.978237270737651));
#3087=DIRECTION('center_axis',(9.79559913294459E-7,-0.999999999988855,-4.61841339005177E-6));
#3088=DIRECTION('ref_axis',(-0.999999965793015,-9.80767866462506E-7,0.0002615588002972));
#3089=DIRECTION('',(-1.78578064329174E-27,4.61841339005399E-6,-0.999999999989335));
#3090=DIRECTION('center_axis',(-9.79559913294459E-7,0.999999999988855,4.61841339005177E-6));
#3091=DIRECTION('ref_axis',(0.591418695207913,-3.14479518856652E-6,0.806364636469557));
#3092=DIRECTION('',(0.332573458925752,4.68129670519794E-6,-0.94307735334714));
#3093=DIRECTION('center_axis',(-9.79559913294459E-7,0.999999999988855,4.61841339005177E-6));
#3094=DIRECTION('ref_axis',(-0.726997607215519,2.4590496217577E-6,-0.686639992351788));
#3095=DIRECTION('center_axis',(9.79559913294459E-7,-0.999999999988855,-4.61841339005177E-6));
#3096=DIRECTION('ref_axis',(-0.424897318313889,3.76456732833648E-6,-0.905241552777762));
#3097=DIRECTION('center_axis',(-9.79559913294459E-7,0.999999999988855,4.61841339005177E-6));
#3098=DIRECTION('ref_axis',(0.767667871828365,3.71167722379581E-6,-0.640847905940819));
#3099=DIRECTION('',(0.206266422315066,-4.31704809855148E-6,0.978495867649274));
#3100=DIRECTION('center_axis',(-9.79559913294459E-7,0.999999999988855,4.61841339005177E-6));
#3101=DIRECTION('ref_axis',(-0.000640918506158348,-4.6190402595623E-6,0.999999794601045));
#3102=DIRECTION('center_axis',(-9.79559913294459E-7,0.999999999988855,4.61841339005177E-6));
#3103=DIRECTION('ref_axis',(0.763757930711276,3.72934527863791E-6,-0.645502767818792));
#3104=DIRECTION('',(0.000261558804823877,-4.61815701955404E-6,0.999999965782831));
#3105=DIRECTION('center_axis',(-9.79559913294459E-7,0.999999999988855,4.61841339005177E-6));
#3106=DIRECTION('ref_axis',(0.76201750670725,-2.24424144666364E-6,0.647556421840313));
#3107=DIRECTION('center_axis',(9.79559913294459E-7,-0.999999999988855,-4.61841339005177E-6));
#3108=DIRECTION('ref_axis',(0.166910066961426,-4.39012844954934E-6,0.985972124112877));
#3109=DIRECTION('center_axis',(9.79559913294459E-7,-0.999999999988855,-4.61841339005177E-6));
#3110=DIRECTION('ref_axis',(0.170003376104903,-4.3846568704393E-6,0.985443479908264));
#3111=DIRECTION('',(-1.78578064329174E-27,4.61841339005399E-6,-0.999999999989335));
#3112=DIRECTION('center_axis',(-9.79559913294459E-7,0.999999999988855,4.61841339005177E-6));
#3113=DIRECTION('ref_axis',(-0.942670578827246,6.1787634322802E-7,-0.33372470662677));
#3114=DIRECTION('center_axis',(-9.79559913294459E-7,0.999999999988855,4.61841339005177E-6));
#3115=DIRECTION('ref_axis',(-0.999918115520777,-1.03858136608562E-6,0.0127969626200613));
#3116=DIRECTION('center_axis',(-9.79559913294459E-7,0.999999999988855,4.61841339005177E-6));
#3117=DIRECTION('ref_axis',(-0.180866320702931,-4.71941447685058E-6,0.983507688842905));
#3118=DIRECTION('center_axis',(-9.79559913294459E-7,0.999999999988855,4.61841339005177E-6));
#3119=DIRECTION('ref_axis',(0.178159005182274,-4.3700092620556E-6,0.984001711814246));
#3120=DIRECTION('center_axis',(-9.79559913294459E-7,0.999999999988855,4.61841339005177E-6));
#3121=DIRECTION('ref_axis',(0.997114245894547,6.26123450420525E-7,0.0759156152168748));
#3122=DIRECTION('center_axis',(9.79559913294459E-7,-0.999999999988855,-4.61841339005177E-6));
#3123=DIRECTION('ref_axis',(0.767399697371775,3.71289754042027E-6,-0.641169013958038));
#3124=DIRECTION('center_axis',(-9.79559913294459E-7,0.999999999988855,4.61841339005177E-6));
#3125=DIRECTION('ref_axis',(0.366167827825592,4.65634249442699E-6,-0.930548828296402));
#3126=DIRECTION('center_axis',(9.79559913294459E-7,-0.999999999988855,-4.61841339005177E-6));
#3127=DIRECTION('ref_axis',(-0.723349076155424,2.48036996966801E-6,-0.690482522602088));
#3128=DIRECTION('center_axis',(1.,2.11758236813575E-22,-8.07793566946316E-28));
#3129=DIRECTION('ref_axis',(8.07793566946316E-28,-6.77771114410637E-22,
1.));
#3130=DIRECTION('',(-2.11758236813575E-22,1.,0.));
#3131=DIRECTION('',(1.78578064329161E-27,-4.61841339005336E-6,0.999999999989335));
#3132=DIRECTION('',(-2.11758236807875E-22,0.999999999990078,4.45472361834726E-6));
#3133=DIRECTION('center_axis',(1.,2.11758236813575E-22,-8.07793566946316E-28));
#3134=DIRECTION('ref_axis',(8.07793566946316E-28,-6.77771114410637E-22,
1.));
#3135=DIRECTION('',(-7.28263183772354E-17,-0.999999999989457,-4.59202361625516E-6));
#3136=DIRECTION('center_axis',(1.,0.,0.));
#3137=DIRECTION('ref_axis',(0.,0.,1.));
#3138=DIRECTION('',(0.,-4.61841339005336E-6,0.999999999989335));
#3139=DIRECTION('',(0.,-1.,0.));
#3140=DIRECTION('',(0.,0.,1.));
#3141=DIRECTION('center_axis',(1.,0.,0.));
#3142=DIRECTION('ref_axis',(0.,0.,1.));
#3143=DIRECTION('',(0.,0.,1.));
#3144=DIRECTION('',(0.,0.999999999989336,4.61815717752505E-6));
#3145=DIRECTION('',(0.,-4.61841339005336E-6,0.999999999989335));
#3146=DIRECTION('center_axis',(0.,-1.,0.));
#3147=DIRECTION('ref_axis',(0.,0.,-1.));
#3148=DIRECTION('',(1.,0.,0.));
#3149=DIRECTION('',(0.,0.,-1.));
#3150=DIRECTION('center_axis',(0.,-1.,0.));
#3151=DIRECTION('ref_axis',(0.,0.,-1.));
#3152=DIRECTION('',(0.,0.,-1.));
#3153=DIRECTION('',(0.,0.,-1.));
#3154=DIRECTION('',(-1.,0.,0.));
#3155=DIRECTION('',(8.07793566946316E-28,0.,-1.));
#3156=DIRECTION('center_axis',(0.,1.,0.));
#3157=DIRECTION('ref_axis',(0.207489378378154,0.,0.978237270737651));
#3158=DIRECTION('',(0.,0.,1.));
#3159=DIRECTION('',(-1.,0.,0.));
#3160=DIRECTION('',(0.,0.,1.));
#3161=DIRECTION('center_axis',(0.,1.,0.));
#3162=DIRECTION('ref_axis',(-0.207489378378154,0.,0.978237270737651));
#3163=DIRECTION('',(8.07793566946316E-28,0.,1.));
#3164=DIRECTION('',(-1.,0.,0.));
#3165=DIRECTION('',(0.,0.,1.));
#3166=DIRECTION('center_axis',(9.7955991090748E-7,0.999999999988855,4.61841339005115E-6));
#3167=DIRECTION('ref_axis',(0.000261558804823877,4.61815701955404E-6,-0.999999965782831));
#3168=DIRECTION('',(0.,4.61841339005336E-6,-0.999999999989335));
#3169=DIRECTION('',(0.99999999999952,-9.79559910917926E-7,0.));
#3170=DIRECTION('center_axis',(-9.7955991090748E-7,-0.999999999988855,-4.61841339005115E-6));
#3171=DIRECTION('ref_axis',(-0.591418695207913,-3.14479518856652E-6,0.806364636469557));
#3172=DIRECTION('',(-0.332573458925753,4.68129670439823E-6,-0.94307735334714));
#3173=DIRECTION('',(-0.999999965793016,9.80767864047771E-7,-0.0002615588002972));
#3174=DIRECTION('',(-0.000261558804823958,-4.61815701955404E-6,0.999999965782831));
#3175=DIRECTION('',(-0.342920714661741,-4.00246150638564E-6,0.939364350739297));
#3176=DIRECTION('',(-0.979715162912941,3.41822499750596E-8,0.200395108619119));
#3177=DIRECTION('',(-0.999376732171643,8.1591564520926E-7,0.0353008100935613));
#3178=DIRECTION('',(-0.996162963762011,1.37999426942179E-6,-0.0875177103618594));
#3179=DIRECTION('',(-0.949346070545842,2.38119674884314E-6,-0.314232459070508));
#3180=DIRECTION('',(-0.0607603692205124,4.6693987478305E-6,-0.998152381908887));
#3181=DIRECTION('',(-0.779699980492857,-2.12807187225944E-6,0.626153288272856));
#3182=DIRECTION('',(-0.000261558804823063,-4.61815703273467E-6,0.999999965782831));
#3183=DIRECTION('',(0.993412341407378,-1.50235209109821E-6,0.114594589476356));
#3184=DIRECTION('',(0.999669507187843,-1.09796411119006E-6,0.0257075163640945));
#3185=DIRECTION('',(0.999246052462564,-7.99514685305368E-7,-0.0388243047245421));
#3186=DIRECTION('',(0.988170623761385,-2.59699546723355E-7,-0.153358463525715));
#3187=DIRECTION('',(0.999999965793016,-9.80767866101684E-7,0.0002615588002972));
#3188=DIRECTION('',(0.,4.61841339005336E-6,-0.999999999989335));
#3189=DIRECTION('center_axis',(-1.,0.,0.));
#3190=DIRECTION('ref_axis',(0.,0.,-1.));
#3191=DIRECTION('',(0.,-1.,0.));
#3192=DIRECTION('center_axis',(-1.,0.,0.));
#3193=DIRECTION('ref_axis',(0.,0.,-1.));
#3194=DIRECTION('',(0.,-0.999999999989336,-4.61815717752505E-6));
#3195=DIRECTION('center_axis',(9.79559913294459E-7,0.999999999988855,4.61841339005177E-6));
#3196=DIRECTION('ref_axis',(-0.767399697371776,3.71289754039001E-6,-0.641169013958037));
#3197=DIRECTION('center_axis',(-9.79559913294459E-7,-0.999999999988855,
-4.61841339005177E-6));
#3198=DIRECTION('ref_axis',(-0.767399697371776,3.71289754039001E-6,-0.641169013958037));
#3199=DIRECTION('',(9.79559913294459E-7,0.999999999988855,4.61841339005177E-6));
#3200=DIRECTION('center_axis',(9.79559913294459E-7,0.999999999988855,4.61841339005177E-6));
#3201=DIRECTION('ref_axis',(-0.767399697371776,3.71289754039001E-6,-0.641169013958037));
#3202=DIRECTION('',(-9.79559913294459E-7,-0.999999999988855,-4.61841339005177E-6));
#3203=DIRECTION('center_axis',(9.79559913294459E-7,0.999999999988855,4.61841339005177E-6));
#3204=DIRECTION('ref_axis',(-0.366167827825592,4.65634249442699E-6,-0.930548828296402));
#3205=DIRECTION('center_axis',(9.79559913294459E-7,0.999999999988855,4.61841339005177E-6));
#3206=DIRECTION('ref_axis',(-0.366167827825592,4.65634249442699E-6,-0.930548828296402));
#3207=DIRECTION('',(-9.79559913294459E-7,-0.999999999988855,-4.61841339005177E-6));
#3208=DIRECTION('center_axis',(9.79559913294459E-7,0.999999999988855,4.61841339005177E-6));
#3209=DIRECTION('ref_axis',(-0.366167827825592,4.65634249442699E-6,-0.930548828296402));
#3210=DIRECTION('center_axis',(9.79559913294459E-7,0.999999999988855,4.61841339005177E-6));
#3211=DIRECTION('ref_axis',(0.723349076155424,2.48036996969771E-6,-0.690482522602087));
#3212=DIRECTION('center_axis',(-9.79559913294459E-7,-0.999999999988855,
-4.61841339005177E-6));
#3213=DIRECTION('ref_axis',(0.723349076155424,2.48036996969771E-6,-0.690482522602087));
#3214=DIRECTION('',(9.79559913294459E-7,0.999999999988855,4.61841339005177E-6));
#3215=DIRECTION('center_axis',(9.79559913294459E-7,0.999999999988855,4.61841339005177E-6));
#3216=DIRECTION('ref_axis',(0.723349076155424,2.48036996969771E-6,-0.690482522602087));
#3217=DIRECTION('center_axis',(9.79559913294459E-7,0.999999999988855,4.61841339005177E-6));
#3218=DIRECTION('ref_axis',(0.942670578827246,6.1787634322802E-7,-0.33372470662677));
#3219=DIRECTION('center_axis',(-9.79559913294459E-7,-0.999999999988855,
-4.61841339005177E-6));
#3220=DIRECTION('ref_axis',(0.942670578827246,6.1787634322802E-7,-0.33372470662677));
#3221=DIRECTION('',(-9.79559913294459E-7,-0.999999999988855,-4.61841339005177E-6));
#3222=DIRECTION('center_axis',(9.79559913294459E-7,0.999999999988855,4.61841339005177E-6));
#3223=DIRECTION('ref_axis',(0.942670578827246,6.1787634322802E-7,-0.33372470662677));
#3224=DIRECTION('center_axis',(9.79559913294459E-7,0.999999999988855,4.61841339005177E-6));
#3225=DIRECTION('ref_axis',(-0.997114245894547,6.26123450420525E-7,0.0759156152168748));
#3226=DIRECTION('center_axis',(9.79559913294459E-7,0.999999999988855,4.61841339005177E-6));
#3227=DIRECTION('ref_axis',(-0.997114245894547,6.26123450420525E-7,0.0759156152168747));
#3228=DIRECTION('',(-9.79559913294459E-7,-0.999999999988855,-4.61841339005177E-6));
#3229=DIRECTION('center_axis',(-9.79559913294459E-7,-0.999999999988855,
-4.61841339005177E-6));
#3230=DIRECTION('ref_axis',(-0.997114245894547,6.26123450420525E-7,0.0759156152168748));
#3231=DIRECTION('center_axis',(-9.79559913294459E-7,0.999999999988855,4.61841339005178E-6));
#3232=DIRECTION('ref_axis',(-0.723349076155424,2.48036996966801E-6,-0.690482522602088));
#3233=DIRECTION('',(-9.79559913294459E-7,0.999999999988855,4.61841339005177E-6));
#3234=DIRECTION('center_axis',(-9.79559913294459E-7,0.999999999988855,4.61841339005177E-6));
#3235=DIRECTION('ref_axis',(-0.723349076155424,2.48036996966801E-6,-0.690482522602088));
#3236=DIRECTION('',(9.79559913294459E-7,-0.999999999988855,-4.61841339005177E-6));
#3237=DIRECTION('center_axis',(9.79559913294459E-7,-0.999999999988855,-4.61841339005177E-6));
#3238=DIRECTION('ref_axis',(0.366167827825592,4.65634249442699E-6,-0.930548828296402));
#3239=DIRECTION('',(9.79559913294459E-7,-0.999999999988855,-4.61841339005177E-6));
#3240=DIRECTION('center_axis',(-9.79559913294459E-7,0.999999999988855,4.61841339005177E-6));
#3241=DIRECTION('ref_axis',(0.366167827825592,4.65634249442699E-6,-0.930548828296402));
#3242=DIRECTION('center_axis',(-9.79559913294459E-7,0.999999999988855,4.61841339005177E-6));
#3243=DIRECTION('ref_axis',(0.767399697371775,3.71289754042027E-6,-0.641169013958038));
#3244=DIRECTION('',(-9.79559913294459E-7,0.999999999988855,4.61841339005177E-6));
#3245=DIRECTION('center_axis',(-9.79559913294459E-7,0.999999999988855,4.61841339005177E-6));
#3246=DIRECTION('ref_axis',(0.767399697371775,3.71289754042027E-6,-0.641169013958038));
#3247=DIRECTION('center_axis',(9.79559913294459E-7,-0.999999999988855,-4.61841339005177E-6));
#3248=DIRECTION('ref_axis',(0.997114245894547,6.26123450420525E-7,0.0759156152168748));
#3249=DIRECTION('',(9.79559913294459E-7,-0.999999999988855,-4.61841339005177E-6));
#3250=DIRECTION('center_axis',(9.79559913294459E-7,-0.999999999988855,-4.61841339005177E-6));
#3251=DIRECTION('ref_axis',(0.997114245894547,6.26123450420525E-7,0.0759156152168747));
#3252=DIRECTION('center_axis',(9.79559913294459E-7,-0.999999999988855,-4.61841339005177E-6));
#3253=DIRECTION('ref_axis',(-0.942670578827246,6.1787634322802E-7,-0.33372470662677));
#3254=DIRECTION('center_axis',(9.79559913294459E-7,-0.999999999988855,-4.61841339005177E-6));
#3255=DIRECTION('ref_axis',(-0.942670578827246,6.1787634322802E-7,-0.33372470662677));
#3256=DIRECTION('',(9.79559913294459E-7,-0.999999999988855,-4.61841339005177E-6));
#3257=DIRECTION('center_axis',(1.,0.,0.));
#3258=DIRECTION('ref_axis',(0.,1.,0.));
#3259=DIRECTION('',(-1.87233712176093E-17,-0.999999999989467,-4.58968904140942E-6));
#3260=DIRECTION('',(0.,1.,0.));
#3261=DIRECTION('center_axis',(-1.,0.,0.));
#3262=DIRECTION('ref_axis',(0.,-1.,0.));
#3263=DIRECTION('',(0.,0.999999999989475,4.58807606605679E-6));
#3264=DIRECTION('',(0.,-1.,0.));
#3265=DIRECTION('center_axis',(0.,0.,1.));
#3266=DIRECTION('ref_axis',(1.,0.,0.));
#3267=DIRECTION('center_axis',(9.79559913294459E-7,0.999999999988855,4.61841339005177E-6));
#3268=DIRECTION('ref_axis',(-0.170003376104903,-4.3846568704393E-6,0.985443479908264));
#3269=DIRECTION('',(7.28263183772354E-17,-0.999999999989457,-4.59202361625516E-6));
#3270=DIRECTION('center_axis',(0.,-1.,0.));
#3271=DIRECTION('ref_axis',(0.207489378378154,0.,0.978237270737651));
#3272=DIRECTION('',(-1.0958407228156E-16,0.999999999989461,4.59116857371275E-6));
#3273=DIRECTION('center_axis',(-9.79559913294459E-7,-0.999999999988855,
-4.61841339005177E-6));
#3274=DIRECTION('ref_axis',(-0.170003376104903,-4.3846568704393E-6,0.985443479908264));
#3275=DIRECTION('',(-9.79559913294459E-7,-0.999999999988855,-4.61841339005177E-6));
#3276=DIRECTION('center_axis',(9.79559913294459E-7,0.999999999988855,4.61841339005177E-6));
#3277=DIRECTION('ref_axis',(-0.170003376104903,-4.3846568704393E-6,0.985443479908264));
#3278=DIRECTION('center_axis',(1.,-2.11758236813575E-22,8.07793566946316E-28));
#3279=DIRECTION('ref_axis',(-8.07793566946316E-28,-6.77771114410637E-22,
1.));
#3280=DIRECTION('',(2.11758236813575E-22,1.,0.));
#3281=DIRECTION('',(-8.07793566946316E-28,0.,1.));
#3282=DIRECTION('center_axis',(1.,2.11758236813575E-22,-8.07793566946316E-28));
#3283=DIRECTION('ref_axis',(8.07793566946316E-28,-6.77771114410637E-22,
1.));
#3284=DIRECTION('',(-7.28263183772354E-17,-0.999999999989457,-4.59202361625516E-6));
#3285=DIRECTION('',(-8.07793566946316E-28,0.,-1.));
#3286=DIRECTION('',(2.11758236813575E-22,-1.,0.));
#3287=DIRECTION('center_axis',(0.,0.,-1.));
#3288=DIRECTION('ref_axis',(1.,0.,0.));
#3289=DIRECTION('',(0.99999999999952,9.79559910917926E-7,0.));
#3290=DIRECTION('center_axis',(0.000261558804823877,4.61815701955404E-6,
-0.999999965782832));
#3291=DIRECTION('ref_axis',(0.999999965793015,-9.80767866101684E-7,0.0002615588002972));
#3292=DIRECTION('',(-9.79559910900541E-7,-0.999999999988855,-4.61841339005115E-6));
#3293=DIRECTION('',(0.999999965793015,-9.80767866469446E-7,0.0002615588002972));
#3294=DIRECTION('',(0.,0.999999999989336,4.61815717752505E-6));
#3295=DIRECTION('',(0.999999965793495,-2.11935506572697E-22,0.000261558804826666));
#3296=DIRECTION('',(2.11758236807586E-22,0.999999999989336,4.61815717752505E-6));
#3297=DIRECTION('',(-0.999999965793495,0.,-0.000261558804826666));
#3298=DIRECTION('',(0.,-0.999999999989336,-4.61815717752505E-6));
#3299=DIRECTION('center_axis',(0.,0.,1.));
#3300=DIRECTION('ref_axis',(1.,0.,0.));
#3301=DIRECTION('',(1.,0.,0.));
#3302=DIRECTION('',(0.,1.,0.));
#3303=DIRECTION('',(-1.,0.,0.));
#3304=DIRECTION('',(0.,-1.,0.));
#3305=DIRECTION('center_axis',(9.79559913294459E-7,-0.999999999988855,-4.61841339005177E-6));
#3306=DIRECTION('ref_axis',(0.170003376104903,-4.3846568704393E-6,0.985443479908264));
#3307=DIRECTION('',(9.79559913294459E-7,-0.999999999988855,-4.61841339005177E-6));
#3308=DIRECTION('center_axis',(-9.79559913294459E-7,0.999999999988855,4.61841339005177E-6));
#3309=DIRECTION('ref_axis',(0.170003376104903,-4.3846568704393E-6,0.985443479908264));
#3310=DIRECTION('',(1.09583959250395E-16,-0.999999999989459,-4.5914599743085E-6));
#3311=DIRECTION('center_axis',(0.,-1.,0.));
#3312=DIRECTION('ref_axis',(-0.207489378378154,0.,0.978237270737651));
#3313=DIRECTION('center_axis',(9.79559913294459E-7,0.999999999988855,4.61841339005177E-6));
#3314=DIRECTION('ref_axis',(0.999999965793016,-9.80767866462506E-7,0.0002615588002972));
#3315=DIRECTION('',(0.,4.61841339005399E-6,-0.999999999989335));
#3316=DIRECTION('',(0.988170623761385,-2.59699549110335E-7,-0.153358463525715));
#3317=DIRECTION('',(0.999246052462564,-7.99514687727042E-7,-0.0388243047245421));
#3318=DIRECTION('',(0.999669507187843,-1.09796411359786E-6,0.0257075163640945));
#3319=DIRECTION('',(0.993412341407378,-1.50235209349907E-6,0.114594589476356));
#3320=DIRECTION('',(-0.000261558804823063,-4.61815701955404E-6,0.999999965782831));
#3321=DIRECTION('',(-0.779699980492857,-2.12807188551967E-6,0.626153288272856));
#3322=DIRECTION('',(-0.0607603692205124,4.66939874797752E-6,-0.998152381908887));
#3323=DIRECTION('',(-0.949346070545842,2.38119675113991E-6,-0.314232459070508));
#3324=DIRECTION('',(-0.996162963762011,1.37999427182958E-6,-0.0875177103618594));
#3325=DIRECTION('',(-0.999376732171643,8.1591565110732E-7,0.0353008100935613));
#3326=DIRECTION('',(-0.979715162912941,3.41822470954188E-8,0.200395108619119));
#3327=DIRECTION('',(-0.342920714661741,-4.00246151011703E-6,0.939364350739297));
#3328=DIRECTION('',(-0.000261558804823958,-4.61815701955404E-6,0.999999965782831));
#3329=DIRECTION('',(-0.999999965793015,9.80767866469446E-7,-0.0002615588002972));
#3330=DIRECTION('',(0.332573458925753,-4.68129670519794E-6,0.94307735334714));
#3331=DIRECTION('center_axis',(-9.79559913294459E-7,-0.999999999988855,
-4.61841339005177E-6));
#3332=DIRECTION('ref_axis',(0.726997607215519,2.45904962175429E-6,-0.686639992351788));
#3333=DIRECTION('center_axis',(-9.79559913294459E-7,-0.999999999988855,
-4.61841339005177E-6));
#3334=DIRECTION('ref_axis',(0.424897318313889,3.76456732833648E-6,-0.905241552777762));
#3335=DIRECTION('center_axis',(-9.79559913294459E-7,-0.999999999988855,
-4.61841339005177E-6));
#3336=DIRECTION('ref_axis',(-0.767667871828365,3.71167722379239E-6,-0.640847905940819));
#3337=DIRECTION('',(0.206266422315066,4.31704809855148E-6,-0.978495867649274));
#3338=DIRECTION('center_axis',(9.79559913294459E-7,0.999999999988855,4.61841339005177E-6));
#3339=DIRECTION('ref_axis',(0.000640918506158348,-4.6190402595623E-6,0.999999794601045));
#3340=DIRECTION('center_axis',(-9.79559913294459E-7,-0.999999999988855,
-4.61841339005177E-6));
#3341=DIRECTION('ref_axis',(-0.763757930711276,3.72934527863791E-6,-0.645502767818792));
#3342=DIRECTION('',(0.000261558804823877,4.61815701955404E-6,-0.999999965782831));
#3343=DIRECTION('center_axis',(-9.79559913294459E-7,-0.999999999988855,
-4.61841339005177E-6));
#3344=DIRECTION('ref_axis',(-0.76201750670725,-2.24424144666364E-6,0.647556421840313));
#3345=DIRECTION('center_axis',(-9.79559913294459E-7,-0.999999999988855,
-4.61841339005177E-6));
#3346=DIRECTION('ref_axis',(-0.166910066961426,-4.39012844954934E-6,0.985972124112877));
#3347=DIRECTION('center_axis',(9.79559913294459E-7,0.999999999988855,4.61841339005177E-6));
#3348=DIRECTION('ref_axis',(0.999918115520777,-1.03858136607879E-6,0.0127969626200613));
#3349=DIRECTION('center_axis',(9.79559913294459E-7,0.999999999988855,4.61841339005177E-6));
#3350=DIRECTION('ref_axis',(0.180866320702931,-4.71941447685058E-6,0.983507688842905));
#3351=DIRECTION('center_axis',(9.79559913294459E-7,0.999999999988855,4.61841339005177E-6));
#3352=DIRECTION('ref_axis',(-0.178159005182274,-4.3700092620556E-6,0.984001711814246));
#3353=DIRECTION('center_axis',(-2.11758236813575E-22,-1.,-6.77771114410637E-22));
#3354=DIRECTION('ref_axis',(-1.,2.11758236813575E-22,-8.07793566946316E-28));
#3355=DIRECTION('',(0.,6.77771114410637E-22,-1.));
#3356=DIRECTION('',(1.,-2.11758236813575E-22,8.07793566946316E-28));
#3357=DIRECTION('',(-8.07793566946316E-28,-6.77771114410637E-22,1.));
#3358=DIRECTION('center_axis',(8.07793566946316E-28,6.77771114410637E-22,
-1.));
#3359=DIRECTION('ref_axis',(1.,-2.11758236813575E-22,8.07793566946316E-28));
#3360=DIRECTION('',(0.,1.,6.77771114410637E-22));
#3361=DIRECTION('',(1.,-2.11758236813575E-22,8.07793566946316E-28));
#3362=DIRECTION('',(-2.11758236813575E-22,-1.,-6.77771114410637E-22));
#3363=DIRECTION('center_axis',(0.,0.,1.));
#3364=DIRECTION('ref_axis',(-1.,0.,0.));
#3365=DIRECTION('',(0.,-1.,0.));
#3366=DIRECTION('',(1.,0.,0.));
#3367=DIRECTION('center_axis',(-1.,0.,0.));
#3368=DIRECTION('ref_axis',(0.,0.,-1.));
#3369=DIRECTION('',(0.,0.,-1.));
#3370=DIRECTION('center_axis',(1.,-2.11758236813575E-22,8.07793566946316E-28));
#3371=DIRECTION('ref_axis',(-8.07793566946316E-28,-6.77771114410637E-22,
1.));
#3372=DIRECTION('',(-8.07793566946316E-28,-6.77771114410637E-22,1.));
#3373=DIRECTION('center_axis',(9.79559913294459E-7,0.999999999988855,4.61841339005177E-6));
#3374=DIRECTION('ref_axis',(-0.166910066961426,-4.39012844954934E-6,0.985972124112877));
#3375=DIRECTION('',(9.79559912864247E-7,0.999999999988855,4.61841339005166E-6));
#3376=DIRECTION('center_axis',(9.79559913294459E-7,0.999999999988855,4.61841339005177E-6));
#3377=DIRECTION('ref_axis',(-0.166910066961426,-4.39012844954934E-6,0.985972124112877));
#3378=DIRECTION('center_axis',(-0.94307735335825,-6.12160945403741E-7,0.332573458926632));
#3379=DIRECTION('ref_axis',(-0.332573458925752,4.68129670519794E-6,-0.94307735334714));
#3380=DIRECTION('',(9.79559913301398E-7,0.999999999988855,4.61841339005178E-6));
#3381=DIRECTION('',(-9.79559913294459E-7,-0.999999999988855,-4.61841339005177E-6));
#3382=DIRECTION('',(-0.332573458925752,4.68129670519794E-6,-0.94307735334714));
#3383=DIRECTION('',(9.79559912864247E-7,0.999999999988855,4.61841339005166E-6));
#3384=DIRECTION('center_axis',(9.79559913294459E-7,0.999999999988855,4.61841339005177E-6));
#3385=DIRECTION('ref_axis',(0.000640918506158348,-4.6190402595623E-6,0.999999794601045));
#3386=DIRECTION('',(9.79559913294459E-7,0.999999999988855,4.61841339005177E-6));
#3387=DIRECTION('',(-9.79559913294459E-7,-0.999999999988855,-4.61841339005177E-6));
#3388=DIRECTION('center_axis',(-9.79559913294459E-7,-0.999999999988855,
-4.61841339005177E-6));
#3389=DIRECTION('ref_axis',(0.000640918506158348,-4.6190402595623E-6,0.999999794601045));
#3390=DIRECTION('center_axis',(9.79559913294459E-7,0.999999999988855,4.61841339005177E-6));
#3391=DIRECTION('ref_axis',(-0.763757930711276,3.72934527863791E-6,-0.645502767818792));
#3392=DIRECTION('center_axis',(-9.79559913294459E-7,-0.999999999988855,
-4.61841339005177E-6));
#3393=DIRECTION('ref_axis',(-0.763757930711276,3.72934527863791E-6,-0.645502767818792));
#3394=DIRECTION('',(-9.79559913294459E-7,-0.999999999988855,-4.61841339005177E-6));
#3395=DIRECTION('center_axis',(0.999999965793016,-9.80767866469445E-7,0.0002615588002972));
#3396=DIRECTION('ref_axis',(-0.000261558804823877,-4.61815701955404E-6,
0.999999965782831));
#3397=DIRECTION('',(9.79559913294459E-7,0.999999999988855,4.61841339005177E-6));
#3398=DIRECTION('',(-0.000261558804823877,-4.61815701955404E-6,0.999999965782831));
#3399=DIRECTION('center_axis',(9.79559913294459E-7,0.999999999988855,4.61841339005177E-6));
#3400=DIRECTION('ref_axis',(-0.76201750670725,-2.24424144666364E-6,0.647556421840313));
#3401=DIRECTION('center_axis',(-9.79559913294459E-7,-0.999999999988855,
-4.61841339005177E-6));
#3402=DIRECTION('ref_axis',(-0.76201750670725,-2.24424144666364E-6,0.647556421840313));
#3403=DIRECTION('center_axis',(9.79559913294459E-7,0.999999999988855,4.61841339005177E-6));
#3404=DIRECTION('ref_axis',(-0.178159005182274,-4.3700092620556E-6,0.984001711814246));
#3405=DIRECTION('center_axis',(-9.79559913294459E-7,-0.999999999988855,
-4.61841339005177E-6));
#3406=DIRECTION('ref_axis',(-0.178159005182274,-4.3700092620556E-6,0.984001711814246));
#3407=DIRECTION('',(-9.79559913294459E-7,-0.999999999988855,-4.61841339005177E-6));
#3408=DIRECTION('center_axis',(9.79559913294459E-7,0.999999999988855,4.61841339005177E-6));
#3409=DIRECTION('ref_axis',(0.180866320702931,-4.71941447685058E-6,0.983507688842905));
#3410=DIRECTION('center_axis',(-9.79559913294459E-7,-0.999999999988855,
-4.61841339005177E-6));
#3411=DIRECTION('ref_axis',(0.180866320702931,-4.71941447685058E-6,0.983507688842905));
#3412=DIRECTION('',(-9.79559913294459E-7,-0.999999999988855,-4.61841339005177E-6));
#3413=DIRECTION('center_axis',(9.79559913294459E-7,0.999999999988855,4.61841339005177E-6));
#3414=DIRECTION('ref_axis',(0.999918115520777,-1.03858136608562E-6,0.0127969626200613));
#3415=DIRECTION('center_axis',(-9.79559913294459E-7,-0.999999999988855,
-4.61841339005177E-6));
#3416=DIRECTION('ref_axis',(0.999918115520777,-1.03858136608562E-6,0.0127969626200613));
#3417=DIRECTION('center_axis',(0.978495867658307,-1.91111893401388E-6,0.206266422308539));
#3418=DIRECTION('ref_axis',(-0.206266422315066,-4.31704809855148E-6,0.978495867649274));
#3419=DIRECTION('',(-9.79559913294459E-7,-0.999999999988855,-4.61841339005177E-6));
#3420=DIRECTION('',(-0.206266422315066,-4.31704809855148E-6,0.978495867649274));
#3421=DIRECTION('center_axis',(9.79559913294459E-7,0.999999999988855,4.61841339005177E-6));
#3422=DIRECTION('ref_axis',(-0.767667871828365,3.71167722379581E-6,-0.640847905940819));
#3423=DIRECTION('center_axis',(-9.79559913294459E-7,-0.999999999988855,
-4.61841339005177E-6));
#3424=DIRECTION('ref_axis',(-0.767667871828365,3.71167722379581E-6,-0.640847905940819));
#3425=DIRECTION('',(9.79559912864247E-7,0.999999999988855,4.61841339005166E-6));
#3426=DIRECTION('center_axis',(9.79559913294459E-7,0.999999999988855,4.61841339005177E-6));
#3427=DIRECTION('ref_axis',(0.424897318313889,3.76456732833648E-6,-0.905241552777762));
#3428=DIRECTION('',(9.79559912864247E-7,0.999999999988855,4.61841339005166E-6));
#3429=DIRECTION('center_axis',(9.79559913294459E-7,0.999999999988855,4.61841339005177E-6));
#3430=DIRECTION('ref_axis',(0.424897318313889,3.76456732833648E-6,-0.905241552777762));
#3431=DIRECTION('center_axis',(9.79559913294459E-7,0.999999999988855,4.61841339005177E-6));
#3432=DIRECTION('ref_axis',(0.726997607215519,2.4590496217577E-6,-0.686639992351788));
#3433=DIRECTION('center_axis',(-9.79559913294459E-7,-0.999999999988855,
-4.61841339005177E-6));
#3434=DIRECTION('ref_axis',(0.726997607215519,2.4590496217577E-6,-0.686639992351788));
#3435=DIRECTION('center_axis',(-0.153358463522807,4.71400424330292E-6,-0.988170623750626));
#3436=DIRECTION('ref_axis',(0.988170623761385,-2.59699546723355E-7,-0.153358463525715));
#3437=DIRECTION('',(-9.79559910900541E-7,-0.999999999988855,-4.61841339005115E-6));
#3438=DIRECTION('center_axis',(0.999999965793016,-9.80767864068589E-7,0.000261558800297281));
#3439=DIRECTION('ref_axis',(-0.000261558804823958,-4.61815701955404E-6,
0.999999965782831));
#3440=DIRECTION('',(-9.79559910900541E-7,-0.999999999988855,-4.61841339005115E-6));
#3441=DIRECTION('',(-9.79559910900541E-7,-0.999999999988855,-4.61841339005115E-6));
#3442=DIRECTION('center_axis',(0.939364350747313,-2.50391328003573E-6,0.342920714653999));
#3443=DIRECTION('ref_axis',(-0.342920714661741,-4.00246150638564E-6,0.939364350739297));
#3444=DIRECTION('',(-9.79559910900541E-7,-0.999999999988855,-4.61841339005115E-6));
#3445=DIRECTION('center_axis',(0.200395108616728,-4.72102864157785E-6,0.979715162902056));
#3446=DIRECTION('ref_axis',(-0.979715162912941,3.41822499819985E-8,0.200395108619119));
#3447=DIRECTION('',(-9.79559910900541E-7,-0.999999999988855,-4.61841339005115E-6));
#3448=DIRECTION('center_axis',(0.0353008100893997,-4.65011413995719E-6,
0.999376732161305));
#3449=DIRECTION('ref_axis',(-0.999376732171643,8.15915645216199E-7,0.0353008100935613));
#3450=DIRECTION('',(-9.79559910900541E-7,-0.999999999988855,-4.61841339005115E-6));
#3451=DIRECTION('center_axis',(-0.0875177103672574,-4.51496352994735E-6,
0.996162963752261));
#3452=DIRECTION('ref_axis',(-0.996162963762011,1.37999426942179E-6,-0.0875177103618594));
#3453=DIRECTION('',(-9.79559910900541E-7,-0.999999999988855,-4.61841339005115E-6));
#3454=DIRECTION('center_axis',(-0.314232459078003,-4.07666308439255E-6,
0.949346070537595));
#3455=DIRECTION('ref_axis',(-0.949346070545842,2.38119674884314E-6,-0.314232459070508));
#3456=DIRECTION('',(-9.79559910900541E-7,-0.999999999988855,-4.61841339005115E-6));
#3457=DIRECTION('center_axis',(-0.998152381919328,6.97133555502006E-7,0.0607603692244092));
#3458=DIRECTION('ref_axis',(-0.0607603692205124,4.6693987478305E-6,-0.998152381908887));
#3459=DIRECTION('',(-9.79559910900541E-7,-0.999999999988855,-4.61841339005115E-6));
#3460=DIRECTION('center_axis',(0.626153288275706,-4.21433148940299E-6,0.779699980482083));
#3461=DIRECTION('ref_axis',(-0.779699980492857,-2.12807187225944E-6,0.626153288272855));
#3462=DIRECTION('',(-9.79559910900541E-7,-0.999999999988855,-4.61841339005115E-6));
#3463=DIRECTION('center_axis',(0.999999965793016,-9.80767864068584E-7,0.000261558800296386));
#3464=DIRECTION('ref_axis',(-0.000261558804823063,-4.61815703273467E-6,
0.999999965782831));
#3465=DIRECTION('',(-9.79559910900541E-7,-0.999999999988855,-4.61841339005115E-6));
#3466=DIRECTION('center_axis',(0.114594589482018,4.47573659354169E-6,-0.993412341397778));
#3467=DIRECTION('ref_axis',(0.993412341407378,-1.50235209109821E-6,0.114594589476356));
#3468=DIRECTION('',(-9.79559910900541E-7,-0.999999999988855,-4.61841339005115E-6));
#3469=DIRECTION('center_axis',(0.0257075163688789,4.59170498518306E-6,-0.999669507177777));
#3470=DIRECTION('ref_axis',(0.999669507187843,-1.09796411119006E-6,0.0257075163640945));
#3471=DIRECTION('',(-9.79559910900541E-7,-0.999999999988855,-4.61841339005115E-6));
#3472=DIRECTION('center_axis',(-0.0388243047204169,4.65296208112568E-6,
-0.999246052452211));
#3473=DIRECTION('ref_axis',(0.999246052462564,-7.99514685305368E-7,-0.0388243047245421));
#3474=DIRECTION('center_axis',(-0.000261558804823877,-4.61815701955404E-6,
0.999999965782832));
#3475=DIRECTION('ref_axis',(-0.999999965793015,9.80767864047771E-7,-0.0002615588002972));
#3476=DIRECTION('center_axis',(9.79559913294459E-7,0.999999999988855,4.61841339005177E-6));
#3477=DIRECTION('ref_axis',(-0.591418695207913,-3.14479518856652E-6,0.806364636469557));
#3478=DIRECTION('center_axis',(-9.79559913294459E-7,-0.999999999988855,
-4.61841339005177E-6));
#3479=DIRECTION('ref_axis',(-0.591418695207913,-3.14479518856652E-6,0.806364636469557));
#3480=DIRECTION('center_axis',(9.79559913294459E-7,0.999999999988855,4.61841339005177E-6));
#3481=DIRECTION('ref_axis',(0.999999965793015,-9.80767866462506E-7,0.0002615588002972));
#3482=DIRECTION('center_axis',(-1.,0.,0.));
#3483=DIRECTION('ref_axis',(0.,0.,1.));
#3484=DIRECTION('',(0.,0.,1.));
#3485=DIRECTION('',(0.,0.,1.));
#3486=DIRECTION('',(0.,1.,0.));
#3487=DIRECTION('',(0.,0.,-1.));
#3488=DIRECTION('center_axis',(0.,0.,-1.));
#3489=DIRECTION('ref_axis',(-1.,0.,0.));
#3490=DIRECTION('',(1.,0.,0.));
#3491=DIRECTION('',(-1.,0.,0.));
#3492=DIRECTION('',(0.,1.,0.));
#3493=DIRECTION('center_axis',(1.,0.,0.));
#3494=DIRECTION('ref_axis',(0.,0.,-1.));
#3495=DIRECTION('',(0.,1.,6.77771114410637E-22));
#3496=DIRECTION('',(0.,0.,1.));
#3497=DIRECTION('',(0.,0.,1.));
#3498=DIRECTION('',(0.,0.,1.));
#3499=DIRECTION('',(0.,-4.61841339005399E-6,0.999999999989335));
#3500=DIRECTION('',(0.,0.999999999989336,4.61815717752505E-6));
#3501=DIRECTION('',(0.,6.77771114410637E-22,-1.));
#3502=DIRECTION('center_axis',(0.,1.,0.));
#3503=DIRECTION('ref_axis',(0.,0.,1.));
#3504=DIRECTION('center_axis',(0.,-1.,0.));
#3505=DIRECTION('ref_axis',(0.,0.,-1.));
#3506=DIRECTION('',(-1.,-2.11758236813575E-22,8.07793566946316E-28));
#3507=DIRECTION('',(8.07793566946316E-28,-6.77771114410637E-22,1.));
#3508=DIRECTION('',(-0.999999965793495,0.,0.000261558804826666));
#3509=DIRECTION('',(0.,0.,1.));
#3510=DIRECTION('',(-1.,0.,0.));
#3511=DIRECTION('center_axis',(8.07793566946316E-28,-6.77771114410637E-22,
1.));
#3512=DIRECTION('ref_axis',(-1.,-2.11758236813575E-22,8.07793566946316E-28));
#3513=DIRECTION('',(-1.,-2.11758236813575E-22,8.07793566946316E-28));
#3514=DIRECTION('',(2.11758236813575E-22,-1.,-6.77771114410637E-22));
#3515=DIRECTION('center_axis',(-2.11758236813575E-22,1.,6.77771114410637E-22));
#3516=DIRECTION('ref_axis',(1.,2.11758236813575E-22,-8.07793566946316E-28));
#3517=DIRECTION('',(-0.999999965793495,-2.11935506572697E-22,0.000261558804826666));
#3518=DIRECTION('',(8.07793566946316E-28,-6.77771114410637E-22,1.));
#3519=DIRECTION('center_axis',(1.,0.,0.));
#3520=DIRECTION('ref_axis',(0.,0.,1.));
#3521=DIRECTION('',(0.,0.999999999989336,4.61815717752505E-6));
#3522=DIRECTION('',(0.,-1.,0.));
#3523=DIRECTION('center_axis',(0.,0.,1.));
#3524=DIRECTION('ref_axis',(-1.,0.,0.));
#3525=DIRECTION('center_axis',(0.000261558804823877,-4.61815701955404E-6,
0.999999965782832));
#3526=DIRECTION('ref_axis',(-0.999999965793015,-9.80767866101684E-7,0.0002615588002972));
#3527=DIRECTION('',(-2.11758236807586E-22,0.999999999989336,4.61815717752505E-6));
#3528=DIRECTION('',(-0.999999965793015,-9.80767866469446E-7,0.0002615588002972));
#3529=DIRECTION('',(9.79559910900541E-7,-0.999999999988855,-4.61841339005115E-6));
#3530=DIRECTION('',(-0.999999965793016,-9.80767866101684E-7,0.0002615588002972));
#3531=DIRECTION('center_axis',(1.,2.11758236813575E-22,-8.07793566946316E-28));
#3532=DIRECTION('ref_axis',(8.07793566946316E-28,-6.77771114410637E-22,
1.));
#3533=DIRECTION('center_axis',(9.79559913294459E-7,-0.999999999988855,-4.61841339005177E-6));
#3534=DIRECTION('ref_axis',(0.166910066961426,-4.39012844954934E-6,0.985972124112877));
#3535=DIRECTION('',(-9.79559912864247E-7,0.999999999988855,4.61841339005166E-6));
#3536=DIRECTION('center_axis',(-9.79559913294459E-7,0.999999999988855,4.61841339005177E-6));
#3537=DIRECTION('ref_axis',(0.166910066961426,-4.39012844954934E-6,0.985972124112877));
#3538=DIRECTION('center_axis',(-0.94307735335825,6.12160945403741E-7,-0.332573458926632));
#3539=DIRECTION('ref_axis',(0.332573458925752,4.68129670519794E-6,-0.94307735334714));
#3540=DIRECTION('',(-9.79559913301398E-7,0.999999999988855,4.61841339005178E-6));
#3541=DIRECTION('',(-0.332573458925753,-4.68129670519794E-6,0.94307735334714));
#3542=DIRECTION('',(-9.79559912864247E-7,0.999999999988855,4.61841339005166E-6));
#3543=DIRECTION('',(9.79559913294459E-7,-0.999999999988855,-4.61841339005177E-6));
#3544=DIRECTION('',(0.332573458925753,4.68129670439823E-6,-0.94307735334714));
#3545=DIRECTION('center_axis',(9.79559913294459E-7,-0.999999999988855,-4.61841339005177E-6));
#3546=DIRECTION('ref_axis',(-0.000640918506158348,-4.6190402595623E-6,0.999999794601045));
#3547=DIRECTION('',(-9.79559913294459E-7,0.999999999988855,4.61841339005177E-6));
#3548=DIRECTION('',(9.79559913294459E-7,-0.999999999988855,-4.61841339005177E-6));
#3549=DIRECTION('center_axis',(9.79559913294459E-7,-0.999999999988855,-4.61841339005177E-6));
#3550=DIRECTION('ref_axis',(-0.000640918506158348,-4.6190402595623E-6,0.999999794601045));
#3551=DIRECTION('center_axis',(9.79559913294459E-7,-0.999999999988855,-4.61841339005177E-6));
#3552=DIRECTION('ref_axis',(0.763757930711276,3.72934527863791E-6,-0.645502767818792));
#3553=DIRECTION('center_axis',(-9.79559913294459E-7,0.999999999988855,4.61841339005177E-6));
#3554=DIRECTION('ref_axis',(0.763757930711276,3.72934527863791E-6,-0.645502767818792));
#3555=DIRECTION('',(9.79559913294459E-7,-0.999999999988855,-4.61841339005177E-6));
#3556=DIRECTION('center_axis',(0.999999965793016,9.80767866469445E-7,-0.0002615588002972));
#3557=DIRECTION('ref_axis',(0.000261558804823877,-4.61815701955404E-6,0.999999965782831));
#3558=DIRECTION('',(-9.79559913294459E-7,0.999999999988855,4.61841339005177E-6));
#3559=DIRECTION('',(-0.000261558804823877,4.61815701955404E-6,-0.999999965782831));
#3560=DIRECTION('center_axis',(9.79559913294459E-7,-0.999999999988855,-4.61841339005177E-6));
#3561=DIRECTION('ref_axis',(0.76201750670725,-2.24424144666364E-6,0.647556421840313));
#3562=DIRECTION('center_axis',(-9.79559913294459E-7,0.999999999988855,4.61841339005177E-6));
#3563=DIRECTION('ref_axis',(0.76201750670725,-2.24424144666364E-6,0.647556421840313));
#3564=DIRECTION('center_axis',(9.79559913294459E-7,-0.999999999988855,-4.61841339005177E-6));
#3565=DIRECTION('ref_axis',(0.178159005182274,-4.3700092620556E-6,0.984001711814246));
#3566=DIRECTION('',(9.79559913294459E-7,-0.999999999988855,-4.61841339005177E-6));
#3567=DIRECTION('center_axis',(9.79559913294459E-7,-0.999999999988855,-4.61841339005177E-6));
#3568=DIRECTION('ref_axis',(0.178159005182274,-4.3700092620556E-6,0.984001711814246));
#3569=DIRECTION('center_axis',(9.79559913294459E-7,-0.999999999988855,-4.61841339005177E-6));
#3570=DIRECTION('ref_axis',(-0.180866320702931,-4.71941447685058E-6,0.983507688842905));
#3571=DIRECTION('',(9.79559913294459E-7,-0.999999999988855,-4.61841339005177E-6));
#3572=DIRECTION('center_axis',(9.79559913294459E-7,-0.999999999988855,-4.61841339005177E-6));
#3573=DIRECTION('ref_axis',(-0.180866320702931,-4.71941447685058E-6,0.983507688842905));
#3574=DIRECTION('center_axis',(9.79559913294459E-7,-0.999999999988855,-4.61841339005177E-6));
#3575=DIRECTION('ref_axis',(-0.999918115520777,-1.03858136608562E-6,0.0127969626200613));
#3576=DIRECTION('center_axis',(9.79559913294459E-7,-0.999999999988855,-4.61841339005177E-6));
#3577=DIRECTION('ref_axis',(-0.999918115520777,-1.03858136607879E-6,0.0127969626200613));
#3578=DIRECTION('center_axis',(0.978495867658307,1.91111893401388E-6,-0.206266422308539));
#3579=DIRECTION('ref_axis',(0.206266422315066,-4.31704809855148E-6,0.978495867649274));
#3580=DIRECTION('',(9.79559913294459E-7,-0.999999999988855,-4.61841339005177E-6));
#3581=DIRECTION('',(-0.206266422315066,4.31704809855148E-6,-0.978495867649274));
#3582=DIRECTION('center_axis',(9.79559913294459E-7,-0.999999999988855,-4.61841339005177E-6));
#3583=DIRECTION('ref_axis',(0.767667871828365,3.71167722379581E-6,-0.640847905940819));
#3584=DIRECTION('',(-9.79559912864247E-7,0.999999999988855,4.61841339005166E-6));
#3585=DIRECTION('center_axis',(-9.79559913294459E-7,0.999999999988855,4.61841339005177E-6));
#3586=DIRECTION('ref_axis',(0.767667871828365,3.71167722379239E-6,-0.640847905940819));
#3587=DIRECTION('center_axis',(9.79559913294459E-7,-0.999999999988855,-4.61841339005177E-6));
#3588=DIRECTION('ref_axis',(-0.424897318313889,3.76456732833648E-6,-0.905241552777762));
#3589=DIRECTION('',(-9.79559912864247E-7,0.999999999988855,4.61841339005166E-6));
#3590=DIRECTION('center_axis',(-9.79559913294459E-7,0.999999999988855,4.61841339005177E-6));
#3591=DIRECTION('ref_axis',(-0.424897318313889,3.76456732833648E-6,-0.905241552777762));
#3592=DIRECTION('center_axis',(9.79559913294459E-7,-0.999999999988855,-4.61841339005177E-6));
#3593=DIRECTION('ref_axis',(-0.726997607215519,2.4590496217577E-6,-0.686639992351788));
#3594=DIRECTION('center_axis',(-9.79559913294459E-7,0.999999999988855,4.61841339005177E-6));
#3595=DIRECTION('ref_axis',(-0.726997607215519,2.45904962175429E-6,-0.686639992351788));
#3596=DIRECTION('center_axis',(9.79559913294459E-7,-0.999999999988855,-4.61841339005177E-6));
#3597=DIRECTION('ref_axis',(-0.999999965793016,-9.80767866462506E-7,0.0002615588002972));
#3598=DIRECTION('',(0.999999965793015,9.80767866469446E-7,-0.0002615588002972));
#3599=DIRECTION('',(0.000261558804823958,-4.61815701955404E-6,0.999999965782831));
#3600=DIRECTION('',(0.342920714661741,-4.00246151011703E-6,0.939364350739297));
#3601=DIRECTION('',(0.979715162912941,3.41822470954188E-8,0.200395108619119));
#3602=DIRECTION('',(0.999376732171643,8.1591565110732E-7,0.0353008100935613));
#3603=DIRECTION('',(0.996162963762011,1.37999427182958E-6,-0.0875177103618594));
#3604=DIRECTION('',(0.949346070545842,2.38119675113991E-6,-0.314232459070508));
#3605=DIRECTION('',(0.0607603692205124,4.66939874797752E-6,-0.998152381908887));
#3606=DIRECTION('',(0.779699980492857,-2.12807188551967E-6,0.626153288272856));
#3607=DIRECTION('',(0.000261558804823063,-4.61815701955404E-6,0.999999965782831));
#3608=DIRECTION('',(-0.993412341407378,-1.50235209349907E-6,0.114594589476356));
#3609=DIRECTION('',(-0.999669507187843,-1.09796411359786E-6,0.0257075163640945));
#3610=DIRECTION('',(-0.999246052462564,-7.99514687727042E-7,-0.0388243047245421));
#3611=DIRECTION('',(-0.988170623761385,-2.59699549110335E-7,-0.153358463525715));
#3612=DIRECTION('center_axis',(-0.153358463522807,-4.71400424330292E-6,
0.988170623750626));
#3613=DIRECTION('ref_axis',(-0.988170623761385,-2.59699546723355E-7,-0.153358463525715));
#3614=DIRECTION('',(9.79559910900541E-7,-0.999999999988855,-4.61841339005115E-6));
#3615=DIRECTION('',(-0.988170623761385,-2.59699546723355E-7,-0.153358463525715));
#3616=DIRECTION('center_axis',(0.999999965793016,9.80767864068589E-7,-0.000261558800297281));
#3617=DIRECTION('ref_axis',(0.000261558804823958,-4.61815701955404E-6,0.999999965782831));
#3618=DIRECTION('',(0.000261558804823958,-4.61815701955404E-6,0.999999965782831));
#3619=DIRECTION('',(9.79559910900541E-7,-0.999999999988855,-4.61841339005115E-6));
#3620=DIRECTION('center_axis',(0.939364350747313,2.50391328003573E-6,-0.342920714653999));
#3621=DIRECTION('ref_axis',(0.342920714661741,-4.00246150638564E-6,0.939364350739297));
#3622=DIRECTION('',(0.342920714661741,-4.00246150638564E-6,0.939364350739297));
#3623=DIRECTION('',(9.79559910900541E-7,-0.999999999988855,-4.61841339005115E-6));
#3624=DIRECTION('center_axis',(0.200395108616728,4.72102864157785E-6,-0.979715162902056));
#3625=DIRECTION('ref_axis',(0.979715162912941,3.41822499819985E-8,0.200395108619119));
#3626=DIRECTION('',(0.979715162912941,3.41822499750596E-8,0.200395108619119));
#3627=DIRECTION('',(9.79559910900541E-7,-0.999999999988855,-4.61841339005115E-6));
#3628=DIRECTION('center_axis',(0.0353008100893997,4.65011413995719E-6,-0.999376732161305));
#3629=DIRECTION('ref_axis',(0.999376732171643,8.15915645216199E-7,0.0353008100935613));
#3630=DIRECTION('',(0.999376732171643,8.1591564520926E-7,0.0353008100935613));
#3631=DIRECTION('',(9.79559910900541E-7,-0.999999999988855,-4.61841339005115E-6));
#3632=DIRECTION('center_axis',(-0.0875177103672574,4.51496352994735E-6,
-0.996162963752261));
#3633=DIRECTION('ref_axis',(0.996162963762011,1.37999426942179E-6,-0.0875177103618594));
#3634=DIRECTION('',(0.996162963762011,1.37999426942179E-6,-0.0875177103618594));
#3635=DIRECTION('',(9.79559910900541E-7,-0.999999999988855,-4.61841339005115E-6));
#3636=DIRECTION('center_axis',(-0.314232459078003,4.07666308439255E-6,-0.949346070537595));
#3637=DIRECTION('ref_axis',(0.949346070545842,2.38119674884314E-6,-0.314232459070508));
#3638=DIRECTION('',(0.949346070545842,2.38119674884314E-6,-0.314232459070508));
#3639=DIRECTION('',(9.79559910900541E-7,-0.999999999988855,-4.61841339005115E-6));
#3640=DIRECTION('center_axis',(-0.998152381919328,-6.97133555502006E-7,
-0.0607603692244092));
#3641=DIRECTION('ref_axis',(0.0607603692205124,4.6693987478305E-6,-0.998152381908887));
#3642=DIRECTION('',(0.0607603692205124,4.6693987478305E-6,-0.998152381908887));
#3643=DIRECTION('',(9.79559910900541E-7,-0.999999999988855,-4.61841339005115E-6));
#3644=DIRECTION('center_axis',(0.626153288275706,4.21433148940299E-6,-0.779699980482083));
#3645=DIRECTION('ref_axis',(0.779699980492857,-2.12807187225944E-6,0.626153288272855));
#3646=DIRECTION('',(0.779699980492857,-2.12807187225944E-6,0.626153288272856));
#3647=DIRECTION('',(9.79559910900541E-7,-0.999999999988855,-4.61841339005115E-6));
#3648=DIRECTION('center_axis',(0.999999965793016,9.80767864068584E-7,-0.000261558800296386));
#3649=DIRECTION('ref_axis',(0.000261558804823063,-4.61815703273467E-6,0.999999965782831));
#3650=DIRECTION('',(0.000261558804823063,-4.61815703273467E-6,0.999999965782831));
#3651=DIRECTION('',(9.79559910900541E-7,-0.999999999988855,-4.61841339005115E-6));
#3652=DIRECTION('center_axis',(0.114594589482018,-4.47573659354169E-6,0.993412341397778));
#3653=DIRECTION('ref_axis',(-0.993412341407378,-1.50235209109821E-6,0.114594589476356));
#3654=DIRECTION('',(-0.993412341407378,-1.50235209109821E-6,0.114594589476356));
#3655=DIRECTION('',(9.79559910900541E-7,-0.999999999988855,-4.61841339005115E-6));
#3656=DIRECTION('center_axis',(0.0257075163688789,-4.59170498518306E-6,
0.999669507177777));
#3657=DIRECTION('ref_axis',(-0.999669507187843,-1.09796411119006E-6,0.0257075163640945));
#3658=DIRECTION('',(-0.999669507187843,-1.09796411119006E-6,0.0257075163640945));
#3659=DIRECTION('',(9.79559910900541E-7,-0.999999999988855,-4.61841339005115E-6));
#3660=DIRECTION('center_axis',(-0.0388243047204169,-4.65296208112568E-6,
0.999246052452211));
#3661=DIRECTION('ref_axis',(-0.999246052462564,-7.99514685305368E-7,-0.0388243047245421));
#3662=DIRECTION('',(-0.999246052462564,-7.99514685305368E-7,-0.0388243047245421));
#3663=DIRECTION('center_axis',(-0.000261558804823877,4.61815701955404E-6,
-0.999999965782832));
#3664=DIRECTION('ref_axis',(0.999999965793015,9.80767864047771E-7,-0.0002615588002972));
#3665=DIRECTION('',(0.999999965793016,9.80767864047771E-7,-0.0002615588002972));
#3666=DIRECTION('center_axis',(9.7955991090748E-7,-0.999999999988855,-4.61841339005115E-6));
#3667=DIRECTION('ref_axis',(-0.000261558804823877,4.61815701955404E-6,-0.999999965782831));
#3668=DIRECTION('center_axis',(-9.7955991090748E-7,0.999999999988855,4.61841339005115E-6));
#3669=DIRECTION('ref_axis',(0.591418695207913,-3.14479518856652E-6,0.806364636469557));
#3670=DIRECTION('center_axis',(9.79559913294459E-7,-0.999999999988855,-4.61841339005177E-6));
#3671=DIRECTION('ref_axis',(0.591418695207913,-3.14479518856652E-6,0.806364636469557));
#3672=CARTESIAN_POINT('',(0.,0.,0.));
#3673=CARTESIAN_POINT('Origin',(2.35667153654314,0.0757196085092048,-3.06787800344114));
#3674=CARTESIAN_POINT('',(2.35667153654314,0.0282195966371644,-3.0678782228167));
#3675=CARTESIAN_POINT('',(2.31413307003285,0.0282197544090065,-3.10203956865451));
#3676=CARTESIAN_POINT('',(2.37830308761387,0.0282195164076073,-3.05050662087099));
#3677=CARTESIAN_POINT('',(2.31413307003285,0.0757197544084999,-3.102039349279));
#3678=CARTESIAN_POINT('',(2.31413307003285,0.0757210967323572,-3.10203934927354));
#3679=CARTESIAN_POINT('',(2.35667153654314,0.0757196085092048,-3.06787800344114));
#3680=CARTESIAN_POINT('',(2.37830306937173,0.0757195164069955,-3.05050637877996));
#3681=CARTESIAN_POINT('',(2.35667153654314,0.0757196085092048,-3.06787800344114));
#3682=CARTESIAN_POINT('Origin',(9.05863191181471,0.0757080744897807,-0.570489240566087));
#3683=CARTESIAN_POINT('',(0.48600385095209,0.0757237041702732,-3.95468576339963));
#3684=CARTESIAN_POINT('',(0.17701682860762,0.0757194433872229,-3.0321251780904));
#3685=CARTESIAN_POINT('Origin',(9.05863191181471,0.0757080744897807,-0.570489240566087));
#3686=CARTESIAN_POINT('',(0.17701682860762,-0.0212805566117426,-3.03212562607828));
#3687=CARTESIAN_POINT('',(0.17701682860762,0.0757194433872229,-3.0321251780904));
#3688=CARTESIAN_POINT('',(0.48600385095209,-0.0212762958286923,-3.95468621138751));
#3689=CARTESIAN_POINT('Origin',(9.05863191181471,-0.0212919255091848,-0.570489688553961));
#3690=CARTESIAN_POINT('',(0.48600385095209,0.0757237041702732,-3.95468576339963));
#3691=CARTESIAN_POINT('Origin',(0.336493591563775,0.0757194408871192,-3.03158384635064));
#3692=CARTESIAN_POINT('',(0.336493591563775,0.0757197704472512,-3.03158384634912));
#3693=CARTESIAN_POINT('',(0.132537504949752,0.0757195738574345,-3.03227615977022));
#3694=CARTESIAN_POINT('',(0.336493686359363,-0.0210538795516703,-3.03158429328984));
#3695=CARTESIAN_POINT('',(0.336493591563775,0.0757197704472512,-3.03158384634912));
#3696=CARTESIAN_POINT('',(0.336493591563775,-0.0212805591118463,-3.03158429433852));
#3697=CARTESIAN_POINT('',(0.336493591563775,0.0757194408871192,-3.03158384635064));
#3698=CARTESIAN_POINT('',(0.336493591563775,-0.0212805591118463,-3.03158429433852));
#3699=CARTESIAN_POINT('Origin',(2.40613036642103,0.0757194433872229,-3.0321251780904));
#3700=CARTESIAN_POINT('',(0.518672082389392,0.0757233646992831,-3.88118224266649));
#3701=CARTESIAN_POINT('Origin',(2.40613036642103,0.0757194433872229,-3.0321251780904));
#3702=CARTESIAN_POINT('',(0.518672082389392,-0.0212766352996824,-3.88118269065436));
#3703=CARTESIAN_POINT('',(0.518672082389392,0.0757233646992831,-3.88118224266649));
#3704=CARTESIAN_POINT('Origin',(2.40613036642103,-0.0212805566117426,-3.03212562607828));
#3705=CARTESIAN_POINT('',(0.336493591563775,0.0757197704472512,-3.03158384634912));
#3706=CARTESIAN_POINT('Origin',(1.30713327999378,0.0757167200674043,-2.44246184714808));
#3707=CARTESIAN_POINT('',(2.15000006861697,0.0757232206851777,-3.84999977318997));
#3708=CARTESIAN_POINT('Origin',(1.30713327999378,0.0757167200674043,-2.44246184714808));
#3709=CARTESIAN_POINT('',(2.15000006861697,-0.0212767793137878,-3.85000022117785));
#3710=CARTESIAN_POINT('',(2.15000006861697,0.0757232206851777,-3.84999977318997));
#3711=CARTESIAN_POINT('Origin',(1.30713327999378,-0.0212832799315613,-2.44246229513595));
#3712=CARTESIAN_POINT('Origin',(-0.593063491691268,0.0757195628138702,-3.05798387973046));
#3713=CARTESIAN_POINT('',(2.26072832853249,0.075719964355053,-3.14492706934595));
#3714=CARTESIAN_POINT('Origin',(-0.593063491691268,0.0757195628138702,-3.05798387973046));
#3715=CARTESIAN_POINT('',(2.26072842332808,-0.021051471182604,-3.14492751627644));
#3716=CARTESIAN_POINT('',(2.26072832853249,0.0757221788163174,-3.14492706933572));
#3717=CARTESIAN_POINT('',(2.26072832853249,-0.0212800356439125,-3.14492751733382));
#3718=CARTESIAN_POINT('',(2.26072832853249,0.075719964355053,-3.14492706934595));
#3719=CARTESIAN_POINT('Origin',(-0.593063491691268,-0.0212804371850953,
-3.05798432771834));
#3720=CARTESIAN_POINT('Origin',(2.35667153654314,0.0757196085092048,-3.06787800344114));
#3721=CARTESIAN_POINT('',(2.35667153654314,-0.0210517330450142,-3.06787845037297));
#3722=CARTESIAN_POINT('',(2.5426856258792,-0.0210522407416741,-2.91849628125447));
#3723=CARTESIAN_POINT('',(2.35667153654314,-0.0212803914897607,-3.06787845142901));
#3724=CARTESIAN_POINT('',(2.35667153654314,0.0757196085092048,-3.06787800344114));
#3725=CARTESIAN_POINT('',(2.35667153654314,-0.0212803914897607,-3.06787845142901));
#3726=CARTESIAN_POINT('Origin',(-2.33889020992603,0.0757170363672795,-2.51094827196683));
#3727=CARTESIAN_POINT('',(2.17114012259286,0.0757235972997763,-3.93154576613179));
#3728=CARTESIAN_POINT('Origin',(-2.33889020992603,0.0757170363672795,-2.51094827196683));
#3729=CARTESIAN_POINT('',(2.17114012259286,-0.0212764026991892,-3.93154621411967));
#3730=CARTESIAN_POINT('',(2.17114012259286,0.0757235972997763,-3.93154576613179));
#3731=CARTESIAN_POINT('Origin',(-2.33889020992603,-0.021282963631686,-2.5109487199547));
#3732=CARTESIAN_POINT('',(2.35667153155328,0.0273347911145943,-3.06787826897339));
#3733=CARTESIAN_POINT('Origin',(1.30704488812808,0.0757164105152479,-2.37543646350261));
#3734=CARTESIAN_POINT('Origin',(1.30704488812808,0.0757164105152479,-2.37543646350261));
#3735=CARTESIAN_POINT('Origin',(1.30704488812808,-0.0212835894837176,-2.37543691149049));
#3736=CARTESIAN_POINT('Origin',(1.26684418257538,0.0757220359346231,-3.5934731788689));
#3737=CARTESIAN_POINT('',(2.37830306937173,0.0757195164069955,-3.05050637877996));
#3738=CARTESIAN_POINT('',(1.84912857979196,0.0757214909463019,-3.47547028157344));
#3739=CARTESIAN_POINT('',(0.132537504949752,0.0757195738574345,-3.03227615977022));
#3740=CARTESIAN_POINT('Origin',(1.26684418257538,-0.0212779640643424,-3.59347362685677));
#3741=CARTESIAN_POINT('Origin',(-2.48307628713705,0.0757183099649918,-2.78928307127688));
#3742=CARTESIAN_POINT('',(-2.53086692996715,0.0757193860706243,-3.02228546316106));
#3743=CARTESIAN_POINT('',(-2.43528564430695,0.0757197405741309,-3.09904388025792));
#3744=CARTESIAN_POINT('',(-2.49685941984779,0.0757195122018169,-3.04959585795369));
#3745=CARTESIAN_POINT('',(-2.53086692996715,0.0757169184302703,-2.48798280036262));
#3746=CARTESIAN_POINT('',(-2.53086692996715,0.0757168319601881,-2.46925997672754));
#3747=CARTESIAN_POINT('',(-2.43528564430695,0.0757168675086803,-2.47695706841253));
#3748=CARTESIAN_POINT('',(-2.58911028941694,0.0757169494598222,-2.49470143429531));
#3749=CARTESIAN_POINT('',(-2.43528564430695,0.0757195274469066,-3.05289678136055));
#3750=CARTESIAN_POINT('Origin',(-2.53086692996715,0.0282193999055,-3.02528115155757));
#3751=CARTESIAN_POINT('',(-2.53086692996715,0.0282193860713035,-3.02228571990179));
#3752=CARTESIAN_POINT('',(-2.53086692996715,0.0519704009669857,-3.02228559152594));
#3753=CARTESIAN_POINT('',(-2.53086692996715,0.0282169184307521,-2.48798301436992));
#3754=CARTESIAN_POINT('',(-2.53086692996715,0.0282168319606947,-2.46926019610305));
#3755=CARTESIAN_POINT('',(-2.53086692996715,0.0519681521024854,-2.48798290736071));
#3756=CARTESIAN_POINT('Origin',(-2.43528564430695,0.0282168655219906,-2.47652701265027));
#3757=CARTESIAN_POINT('',(-2.43528564430695,0.02821974057481,-3.09904413699865));
#3758=CARTESIAN_POINT('',(-2.43528564430695,0.0519710316864469,-3.09904400862131));
#3759=CARTESIAN_POINT('',(-2.43528564430695,0.0282168675091621,-2.47695728241983));
#3760=CARTESIAN_POINT('',(-2.43528564430695,0.0519680714182554,-2.47695717541076));
#3761=CARTESIAN_POINT('',(-2.43528564430695,0.0282195274474132,-3.05289700073606));
#3762=CARTESIAN_POINT('Origin',(-2.48307628713705,0.0282183099654986,-2.78928329065239));
#3763=CARTESIAN_POINT('',(-2.49685943808993,0.0282195122024288,-3.04959610004472));
#3764=CARTESIAN_POINT('',(-2.58911029002806,0.0282169494603043,-2.4947016483731));
#3765=CARTESIAN_POINT('Origin',(2.31413307003285,0.0757168655214839,-2.47652679327476));
#3766=CARTESIAN_POINT('',(2.31413307003285,0.0757168655214839,-2.47652679327476));
#3767=CARTESIAN_POINT('',(2.31413307003285,0.0757195274469065,-3.05289678136055));
#3768=CARTESIAN_POINT('',(2.31413307003285,0.0282168655219905,-2.47652701265027));
#3769=CARTESIAN_POINT('',(2.31413307003285,0.0282195274474131,-3.05289700073606));
#3770=CARTESIAN_POINT('',(2.31413307003285,0.0757181183349959,-2.47652679326886));
#3771=CARTESIAN_POINT('Origin',(2.40971435569305,0.0757193999049933,-3.02528093218207));
#3772=CARTESIAN_POINT('',(2.40971435569305,0.0757169164430738,-2.48755252522487));
#3773=CARTESIAN_POINT('',(2.40971435569305,0.0757193999049933,-3.02528093218207));
#3774=CARTESIAN_POINT('',(2.40971435569305,0.075716831960188,-2.46925997672754));
#3775=CARTESIAN_POINT('',(2.40971435569305,0.0282169164435804,-2.48755274460037));
#3776=CARTESIAN_POINT('',(2.40971435569305,0.0757181990192259,-2.48755252521882));
#3777=CARTESIAN_POINT('',(2.40971435569305,0.0282193999054999,-3.02528115155757));
#3778=CARTESIAN_POINT('',(2.40971435569305,0.0282168319606946,-2.46926019610305));
#3779=CARTESIAN_POINT('',(2.40971435569305,0.0757204660128959,-3.02528093217817));
#3780=CARTESIAN_POINT('Origin',(2.36192371286295,0.0757183099649919,-2.78928307127688));
#3781=CARTESIAN_POINT('',(2.37830306937173,0.0757195164069955,-3.05050637877996));
#3782=CARTESIAN_POINT('',(2.46984721861081,0.0757169484792718,-2.49448912189562));
#3783=CARTESIAN_POINT('Origin',(2.36192371286295,0.0282183099654987,-2.78928329065239));
#3784=CARTESIAN_POINT('',(2.46984721922192,0.0282169484797539,-2.49448933597341));
#3785=CARTESIAN_POINT('',(2.37830308761387,0.0282195164076073,-3.05050662087099));
#3786=CARTESIAN_POINT('Origin',(-0.0596174556353287,-0.0210556758258556,
-2.71657662207261));
#3787=CARTESIAN_POINT('',(-0.108586274860957,-0.0210550596095665,-2.87047368098953));
#3788=CARTESIAN_POINT('',(-0.108586274860957,-0.0209140267381015,-2.87047368033818));
#3789=CARTESIAN_POINT('',(-0.108586274860957,-0.0210549650628006,-2.87047368098909));
#3790=CARTESIAN_POINT('',(-0.221117455635329,-0.0210556601387707,-2.71657662207254));
#3791=CARTESIAN_POINT('Origin',(-0.0596174556353287,-0.0210558183376963,
-2.71657662207327));
#3792=CARTESIAN_POINT('',(-0.221117455635329,-0.0694426032391932,-2.71657684554433));
#3793=CARTESIAN_POINT('',(-0.221117455635329,-0.0210556758258556,-2.71657662207261));
#3794=CARTESIAN_POINT('',(-0.100555095601349,-0.0694418817230901,-2.87280219442694));
#3795=CARTESIAN_POINT('Origin',(-0.0596174556353287,-0.0694426433372043,
-2.71657684554452));
#3796=CARTESIAN_POINT('',(-0.100555095601349,-0.0693640267381015,-2.87280219406737));
#3797=CARTESIAN_POINT('',(-0.100555095601349,-0.0210549543097524,-2.87280197095522));
#3798=CARTESIAN_POINT('',(-0.0168674541206133,-0.0693640267381015,-2.87231600971948));
#3799=CARTESIAN_POINT('Origin',(-0.0596174556353287,-0.0693640267381015,
-2.71657684518143));
#3800=CARTESIAN_POINT('',(-0.0168674541206133,-0.0694417862573893,-2.87231601007861));
#3801=CARTESIAN_POINT('',(-0.0168674541206133,-0.0210549565551617,-2.87231578660734));
#3802=CARTESIAN_POINT('',(-0.0168674541206133,-0.069443224793075,-2.56083768100916));
#3803=CARTESIAN_POINT('Origin',(-0.0596174556353287,-0.0694425474014199,
-2.71657684554408));
#3804=CARTESIAN_POINT('',(-0.0168674541206133,-0.0693640267381015,-2.56083768064339));
#3805=CARTESIAN_POINT('',(-0.0168674541206133,-0.0210563950965495,-2.56083745753789));
#3806=CARTESIAN_POINT('',(-0.100555095601349,-0.0693640267381015,-2.56035149629549));
#3807=CARTESIAN_POINT('Origin',(-0.0596174556353287,-0.0693640267381015,
-2.71657684518143));
#3808=CARTESIAN_POINT('',(-0.100555095601349,-0.0694433247495764,-2.56035149666173));
#3809=CARTESIAN_POINT('',(-0.100555095601349,-0.0210563973419587,-2.56035127319001));
#3810=CARTESIAN_POINT('Origin',(-0.0596174556353287,-0.0694426433372043,
-2.71657684554452));
#3811=CARTESIAN_POINT('',(-0.108586274860957,-0.0210564811300417,-2.56267956315657));
#3812=CARTESIAN_POINT('Origin',(-0.0596174556353287,-0.0210558183376963,
-2.71657662207327));
#3813=CARTESIAN_POINT('',(-0.108586274860957,-0.0209140267381015,-2.56267956249865));
#3814=CARTESIAN_POINT('',(-0.108586274860957,-0.0210563865889105,-2.56267956315613));
#3815=CARTESIAN_POINT('',(-0.0121174541206155,-0.0209140267381015,-2.56221989219481));
#3816=CARTESIAN_POINT('Origin',(-0.0596174556353287,-0.0209140267381015,
-2.71657662141842));
#3817=CARTESIAN_POINT('',(-0.0121174541206155,-0.0210563887559998,-2.5622198928523));
#3818=CARTESIAN_POINT('',(-0.0121174541206155,-0.0210563887118664,-2.5622198928523));
#3819=CARTESIAN_POINT('',(-0.0121174541206155,-0.0210549629896296,-2.87093335129293));
#3820=CARTESIAN_POINT('Origin',(-0.0596174556353287,-0.0210557224019119,
-2.71657662207283));
#3821=CARTESIAN_POINT('',(-0.0121174541206155,-0.0209140267381015,-2.87093335064203));
#3822=CARTESIAN_POINT('',(-0.0121174541206155,-0.0210549629398447,-2.87093335129293));
#3823=CARTESIAN_POINT('Origin',(-0.0596174556353287,-0.0209140267381015,
-2.71657662141842));
#3824=CARTESIAN_POINT('Origin',(-0.100555095601349,-0.00916998290027363,
-3.18491104192372));
#3825=CARTESIAN_POINT('',(-0.100555095601349,-0.0694414639307495,-2.96326450372294));
#3826=CARTESIAN_POINT('',(-0.100555095601349,-0.0694400423830878,-3.2710645081114));
#3827=CARTESIAN_POINT('',(-0.100555095601349,-0.0210546389312082,-2.96326428817301));
#3828=CARTESIAN_POINT('',(-0.100555095601349,-0.0452480041960796,-2.96326439594776));
#3829=CARTESIAN_POINT('',(-0.100555095601349,-0.0210546394398093,-2.96315416287286));
#3830=CARTESIAN_POINT('',(-0.100555095601349,-0.0210545476293307,-2.98303338779478));
#3831=CARTESIAN_POINT('',(-0.100555095601349,-0.0693640267381015,-2.96315416287286));
#3832=CARTESIAN_POINT('',(-0.100555095601349,-0.00269200481918756,-2.96315416287286));
#3833=CARTESIAN_POINT('',(-0.100555095601349,-0.0693640267381015,-2.8224937226108));
#3834=CARTESIAN_POINT('Origin',(-0.100555095601349,-0.00916998290027363,
-3.18491104192372));
#3835=CARTESIAN_POINT('',(-0.100555095601349,-0.0693640267381015,-2.45835777190854));
#3836=CARTESIAN_POINT('',(-0.100555095601349,-0.0693640267381015,-2.8224937226108));
#3837=CARTESIAN_POINT('',(-0.100555095601349,-0.0694437957987588,-2.45835777227484));
#3838=CARTESIAN_POINT('',(-0.100555095601349,0.00311418294013443,-2.45835743908689));
#3839=CARTESIAN_POINT('',(-0.100555095601349,-0.0694400423830878,-3.2710645081114));
#3840=CARTESIAN_POINT('Origin',(-0.0603518644907864,-0.0693640267381015,
-2.71161528308537));
#3841=CARTESIAN_POINT('',(-0.0168674541206133,-0.0693640267381015,-2.96315416287286));
#3842=CARTESIAN_POINT('',(-0.108586274860957,-0.0693640267381015,-2.96315416287286));
#3843=CARTESIAN_POINT('',(-0.0168674541206133,-0.0693640267381015,-2.82249372261057));
#3844=CARTESIAN_POINT('Origin',(-0.0603518644907864,-0.0693640267381015,
-2.71161528308537));
#3845=CARTESIAN_POINT('',(-0.0168674541206133,-0.0693640267381015,-2.45835777190854));
#3846=CARTESIAN_POINT('',(-0.0168674541206133,-0.0693640267381015,-2.82249372261057));
#3847=CARTESIAN_POINT('',(-0.0121174541206156,-0.0693640267381014,-2.45849139901742));
#3848=CARTESIAN_POINT('Origin',(-0.0706044188825625,-0.0693640267381015,
-4.45301860835879));
#3849=CARTESIAN_POINT('',(-0.0121174541206155,-0.0693640267381015,-2.45817640329788));
#3850=CARTESIAN_POINT('',(-0.0121174541206155,-0.0693640267381015,-2.46007640329788));
#3851=CARTESIAN_POINT('',(-0.108586274860957,-0.0693640267381015,-2.45817640329788));
#3852=CARTESIAN_POINT('',(-0.0121174541206155,-0.0693640267381015,-2.45817640329788));
#3853=CARTESIAN_POINT('',(-0.108586274860957,-0.0693640267381014,-2.45859031678393));
#3854=CARTESIAN_POINT('',(-0.108586274860957,-0.0693640267381015,-2.46007640329788));
#3855=CARTESIAN_POINT('Origin',(-0.0468181308393041,-0.0693640267381015,
-4.45301860835879));
#3856=CARTESIAN_POINT('Origin',(-0.0703178024266237,-0.0694395991387689,
-3.35721769594498));
#3857=CARTESIAN_POINT('',(-0.0168674541206133,-0.0694413662196484,-2.96326450372249));
#3858=CARTESIAN_POINT('',(-0.0168674541206133,-0.0694399446719867,-3.27106450811095));
#3859=CARTESIAN_POINT('',(0.121426304749628,-0.069440961320444,-3.02160319261651));
#3860=CARTESIAN_POINT('Origin',(-0.0702983923705769,-0.0694399418482665,
-3.28300855052665));
#3861=CARTESIAN_POINT('',(0.434034645158065,-0.0694365610523087,-3.9080655316706));
#3862=CARTESIAN_POINT('',(0.121426304749628,-0.069440961320444,-3.02160319261651));
#3863=CARTESIAN_POINT('',(0.541887334282717,-0.0694359280192653,-4.02225731746401));
#3864=CARTESIAN_POINT('Origin',(0.6165647205917,-0.0694366795344068,-3.84369683664369));
#3865=CARTESIAN_POINT('',(2.10794290296148,-0.0694343622818225,-4.02911945453669));
#3866=CARTESIAN_POINT('Origin',(1.33322117736242,-0.0694438915996001,-2.13010550961871));
#3867=CARTESIAN_POINT('',(2.22421841887373,-0.0694348916621368,-3.88983370979654));
#3868=CARTESIAN_POINT('Origin',(2.03483318562731,-0.0694352615540464,-3.84991140067806));
#3869=CARTESIAN_POINT('',(2.39748611491176,-0.0694385180641916,-3.0678786738414));
#3870=CARTESIAN_POINT('',(2.39748611491176,-0.0694385180641916,-3.0678786738414));
#3871=CARTESIAN_POINT('',(2.55075974600021,-0.0694387989281782,-2.97455556588996));
#3872=CARTESIAN_POINT('Origin',(2.59121406697779,-0.0694376556304922,-3.21352729959124));
#3873=CARTESIAN_POINT('',(2.59107031234365,-0.0694389797186518,-2.92686016275541));
#3874=CARTESIAN_POINT('Origin',(2.54268348899881,-0.0694390271748949,-2.92684750675551));
#3875=CARTESIAN_POINT('',(2.5911745580193,-0.0694408203100978,-2.52830477035817));
#3876=CARTESIAN_POINT('',(2.59118528647425,-0.069441009734765,-2.48728739917975));
#3877=CARTESIAN_POINT('',(2.55058204042063,-0.0694410806833738,-2.48053718129927));
#3878=CARTESIAN_POINT('Origin',(2.54278773467447,-0.069440867766341,-2.52829211435828));
#3879=CARTESIAN_POINT('',(0.268617691799178,-0.0694432876345074,-2.4866799111653));
#3880=CARTESIAN_POINT('Origin',(1.42810435456225,-0.0694104179629127,-9.35784588513073));
#3881=CARTESIAN_POINT('',(-0.0168674541206133,-0.0694436980876577,-2.45835777227439));
#3882=CARTESIAN_POINT('Origin',(-0.0706044188134919,-0.0694345385579186,
-4.45301860868445));
#3883=CARTESIAN_POINT('',(-0.0168674541206133,-0.0694399446719867,-3.27106450811095));
#3884=CARTESIAN_POINT('',(0.505914637739892,-0.0694370283688142,-3.79163436377544));
#3885=CARTESIAN_POINT('',(0.359138944510843,-0.0694415809395949,-2.83702185446609));
#3886=CARTESIAN_POINT('Origin',(3.29269299936152,-0.0694385339555165,-2.87456551029268));
#3887=CARTESIAN_POINT('',(0.517664207957989,-0.0694422933549052,-2.64914341432462));
#3888=CARTESIAN_POINT('Origin',(0.552670395990976,-0.0694413799249757,-2.8394986720294));
#3889=CARTESIAN_POINT('',(2.05952388320043,-0.0694407928094781,-2.6470217977053));
#3890=CARTESIAN_POINT('Origin',(1.29440742464817,-0.0694220254953757,-6.87288680061328));
#3891=CARTESIAN_POINT('',(2.21803045886114,-0.0694398258214811,-2.82277940986926));
#3892=CARTESIAN_POINT('Origin',(2.02504168877672,-0.0694399470059844,-2.83747267222232));
#3893=CARTESIAN_POINT('',(2.15317037948386,-0.0694355901151089,-3.75367067983474));
#3894=CARTESIAN_POINT('Origin',(-0.989591630411191,-0.069441840001319,-3.06699275381952));
#3895=CARTESIAN_POINT('',(2.03836052732273,-0.0694350679475641,-3.89108381721941));
#3896=CARTESIAN_POINT('Origin',(1.96408396029934,-0.0694359661437741,-3.71235623421192));
#3897=CARTESIAN_POINT('',(0.620784818097336,-0.0694363600762739,-3.91197229575462));
#3898=CARTESIAN_POINT('Origin',(1.30335788546072,-0.0694439560345313,-2.12248773169022));
#3899=CARTESIAN_POINT('Origin',(0.689763052050268,-0.0694371276948789,-3.73113380268018));
#3900=CARTESIAN_POINT('Origin',(-0.0168674541206133,-0.00916988518917251,
-3.18491104192327));
#3901=CARTESIAN_POINT('',(-0.0168674541206133,-0.0210545417287081,-2.96315416287286));
#3902=CARTESIAN_POINT('',(-0.0168674541206133,-0.002691955963637,-2.96315416287286));
#3903=CARTESIAN_POINT('',(-0.0168674541206133,-0.0210545412201071,-2.96326428817256));
#3904=CARTESIAN_POINT('',(-0.0168674541206133,-0.0210544499182296,-2.98303338779433));
#3905=CARTESIAN_POINT('',(-0.0168674541206133,-0.0452479064849785,-2.96326439594731));
#3906=CARTESIAN_POINT('Origin',(-0.0168674541206133,-0.00916988518917251,
-3.18491104192327));
#3907=CARTESIAN_POINT('',(-0.0168674541206133,0.00311428065123555,-2.45835743908644));
#3908=CARTESIAN_POINT('Origin',(-0.0121174541206155,0.00378597326189852,
-2.96315416287286));
#3909=CARTESIAN_POINT('',(-0.0121174541206155,-0.0210545370757986,-2.96315416287286));
#3910=CARTESIAN_POINT('',(-0.0121174541206155,-0.0210549573476516,-2.87215497818923));
#3911=CARTESIAN_POINT('',(-0.0121174541206155,-0.0209140267381015,-2.96315416287286));
#3912=CARTESIAN_POINT('',(-0.0121174541206155,0.00378597326189852,-2.96315416287286));
#3913=CARTESIAN_POINT('',(-0.0121174541206155,-0.0209140267381015,-2.83738472297911));
#3914=CARTESIAN_POINT('Origin',(-0.0121174541206155,0.00378597326189852,
-2.96315416287286));
#3915=CARTESIAN_POINT('',(-0.0121174541206155,-0.0209140267381015,-2.50816875148465));
#3916=CARTESIAN_POINT('',(-0.0121174541206155,-0.0209140267381015,-2.83738472297911));
#3917=CARTESIAN_POINT('',(-0.0121174541206155,-0.0210566383865125,-2.50816875214325));
#3918=CARTESIAN_POINT('',(-0.0121174541206155,0.0397506126496208,-2.50816847132581));
#3919=CARTESIAN_POINT('',(-0.0121174541206155,-0.0210549573476516,-2.87215497818923));
#3920=CARTESIAN_POINT('Origin',(-0.0603518644907864,-0.0209140267381015,
-2.71161528308537));
#3921=CARTESIAN_POINT('',(-0.108586274860957,-0.0209140267381015,-2.96315416287286));
#3922=CARTESIAN_POINT('',(-0.0844690696758718,-0.0209140267381015,-2.96315416287286));
#3923=CARTESIAN_POINT('',(-0.108586274860957,-0.0209140267381015,-2.58584584319162));
#3924=CARTESIAN_POINT('Origin',(-0.0603518644907864,-0.0209140267381015,
-2.71161528308537));
#3925=CARTESIAN_POINT('',(-0.108586274860957,-0.0209140267381015,-2.508169609706));
#3926=CARTESIAN_POINT('',(-0.108586274860957,-0.0209140267381015,-2.58584584319162));
#3927=CARTESIAN_POINT('',(-0.108586274860957,-0.0209140267381015,-2.46007640329788));
#3928=CARTESIAN_POINT('',(-0.108586274860957,-0.0209140267381015,-2.58584584319162));
#3929=CARTESIAN_POINT('',(-0.100555095601349,-0.0209140267381015,-2.46007640329788));
#3930=CARTESIAN_POINT('',(-0.036234659305701,-0.0209140267381015,-2.46007640329788));
#3931=CARTESIAN_POINT('',(-0.100555095601349,-0.0209140267381015,-2.45835754942499));
#3932=CARTESIAN_POINT('',(-0.100555095601349,-0.0209140267381015,-2.8224937226108));
#3933=CARTESIAN_POINT('',(-0.108586274860957,-0.0209140267381015,-2.45859009449165));
#3934=CARTESIAN_POINT('Origin',(-0.0468180833796263,-0.0209140267381015,
-4.45301838459667));
#3935=CARTESIAN_POINT('',(-0.108586274860957,-0.0209140267381015,-2.45817640329788));
#3936=CARTESIAN_POINT('',(-0.108586274860957,-0.0209140267381015,-2.46007640329788));
#3937=CARTESIAN_POINT('',(-0.0121174541206155,-0.0209140267381015,-2.45817640329788));
#3938=CARTESIAN_POINT('',(-0.036234659305701,-0.0209140267381015,-2.45817640329788));
#3939=CARTESIAN_POINT('',(-0.0121174541206156,-0.0209140267381015,-2.45849117664698));
#3940=CARTESIAN_POINT('',(-0.0121174541206155,-0.0209140267381015,-2.46007640329788));
#3941=CARTESIAN_POINT('',(-0.0168674541206133,-0.0209140267381015,-2.45835754942499));
#3942=CARTESIAN_POINT('Origin',(-0.0706044663422403,-0.0209140267381015,
-4.45301838459666));
#3943=CARTESIAN_POINT('',(-0.0168674541206133,-0.0209140267381015,-2.46007640329788));
#3944=CARTESIAN_POINT('',(-0.0168674541206133,-0.0209140267381015,-2.82249372261057));
#3945=CARTESIAN_POINT('',(-0.0121174541206155,-0.0209140267381015,-2.46007640329788));
#3946=CARTESIAN_POINT('',(-0.036234659305701,-0.0209140267381015,-2.46007640329788));
#3947=CARTESIAN_POINT('',(-0.0121174541206155,-0.0209140267381015,-2.83738472297911));
#3948=CARTESIAN_POINT('Origin',(-1.35538944131166,-0.0210542507986253,-2.78115567877665));
#3949=CARTESIAN_POINT('',(-0.108586274860957,-0.021054631572788,-2.96315416287286));
#3950=CARTESIAN_POINT('',(-0.108586274860957,-0.0210562135551716,-2.62061609840754));
#3951=CARTESIAN_POINT('',(-0.731987870252327,-0.0210540209135768,-2.96315416287286));
#3952=CARTESIAN_POINT('',(-0.238848807073796,-0.021054234032084,-3.0216029691466));
#3953=CARTESIAN_POINT('Origin',(-0.0471241099535912,-0.0210532145599092,
-3.28300832705674));
#3954=CARTESIAN_POINT('',(-0.242349177207898,-0.0210541847609509,-3.0315289560623));
#3955=CARTESIAN_POINT('',(-0.262889110115109,-0.0210538956413064,-3.08977396943958));
#3956=CARTESIAN_POINT('',(-0.453916236081326,-0.0210539772627714,-3.03158429329029));
#3957=CARTESIAN_POINT('',(-0.0505693101599161,-0.0210543728524879,-3.03147879434863));
#3958=CARTESIAN_POINT('',(-0.453984676125901,-0.0210551856597607,-2.76992213177549));
#3959=CARTESIAN_POINT('',(-0.453916236081326,-0.0210539772627714,-3.03158429329029));
#3960=CARTESIAN_POINT('',(-0.498088849954779,-0.0210557004296491,-2.64910735785749));
#3961=CARTESIAN_POINT('',(-0.498088849954779,-0.0210557004296491,-2.64910735785749));
#3962=CARTESIAN_POINT('',(-0.844880519632321,-0.021055688330092,-2.57817311396296));
#3963=CARTESIAN_POINT('',(-0.844880519632321,-0.021055688330092,-2.57817311396296));
#3964=CARTESIAN_POINT('',(-1.54645110936126,-0.0210551155506766,-2.55339165832367));
#3965=CARTESIAN_POINT('',(-1.54645110936126,-0.0210551155506766,-2.55339165832367));
#3966=CARTESIAN_POINT('',(-2.09566296196997,-0.0210543547221407,-2.60164256263594));
#3967=CARTESIAN_POINT('',(-2.09566296196997,-0.0210543547221407,-2.60164256263594));
#3968=CARTESIAN_POINT('',(-2.3502084722539,-0.0210537162585073,-2.68589683420615));
#3969=CARTESIAN_POINT('',(-2.3502084722539,-0.0210537162585073,-2.68589683420615));
#3970=CARTESIAN_POINT('',(-2.37815097305004,-0.0210515688937052,-3.14492751627689));
#3971=CARTESIAN_POINT('',(-2.37815097305004,-0.0210515688937051,-3.14492751627689));
#3972=CARTESIAN_POINT('',(-2.66010817560117,-0.0210523384527752,-2.91849628125493));
#3973=CARTESIAN_POINT('',(-2.66010817560117,-0.0210523384527752,-2.91849628125493));
#3974=CARTESIAN_POINT('',(-2.66021687733749,-0.0210542577217076,-2.5029043355832));
#3975=CARTESIAN_POINT('',(-2.66021687733749,-0.0210542577217075,-2.5029043355832));
#3976=CARTESIAN_POINT('',(-2.07690352071281,-0.0210551398750739,-2.43561651173376));
#3977=CARTESIAN_POINT('',(-2.07690352071281,-0.0210551398750738,-2.43561651173376));
#3978=CARTESIAN_POINT('',(-1.37854094532721,-0.0210559069056163,-2.41765740904461));
#3979=CARTESIAN_POINT('',(-1.37854094532721,-0.0210559069056163,-2.41765740904461));
#3980=CARTESIAN_POINT('',(-0.924076714078448,-0.0210562705305973,-2.43531497972695));
#3981=CARTESIAN_POINT('',(-0.924076714078448,-0.0210562705305973,-2.43531497972695));
#3982=CARTESIAN_POINT('',(-0.454053116170476,-0.02105639405675,-2.50825997026069));
#3983=CARTESIAN_POINT('',(-0.454053116170476,-0.0210563940567499,-2.50825997026069));
#3984=CARTESIAN_POINT('',(-0.108586274860957,-0.0210567328795383,-2.50816961036504));
#3985=CARTESIAN_POINT('',(-0.454053116170476,-0.0210563940567499,-2.50825997026069));
#3986=CARTESIAN_POINT('',(-0.108586274860957,-0.0210562135551716,-2.62061609840754));
#3987=CARTESIAN_POINT('Origin',(-0.108586274860957,0.00378597326189852,
-2.46007640329788));
#3988=CARTESIAN_POINT('',(-0.108586274860957,0.00378597326189852,-2.96315416287286));
#3989=CARTESIAN_POINT('Origin',(-0.108586274860957,0.00378597326189852,
-2.46007640329788));
#3990=CARTESIAN_POINT('',(-0.108586274860957,0.0397517254441168,-2.50816932954202));
#3991=CARTESIAN_POINT('Origin',(-2.08150641522571,0.0273375861440462,-3.71235578727165));
#3992=CARTESIAN_POINT('',(-2.27059292920582,-0.06943568782621,-3.75367067983519));
#3993=CARTESIAN_POINT('',(-2.15578307704469,-0.0694351656586652,-3.89108381721987));
#3994=CARTESIAN_POINT('Origin',(-2.0815065100213,-0.0694360638548752,-3.71235623421237));
#3995=CARTESIAN_POINT('',(-2.15578293485131,0.0757253093397171,-3.89108314680878));
#3996=CARTESIAN_POINT('',(-2.15578298224911,0.0273384843402563,-3.89108337027915));
#3997=CARTESIAN_POINT('',(-2.27059278701244,0.0757247871721723,-3.75367000942411));
#3998=CARTESIAN_POINT('Origin',(-2.08150636782792,0.075724411143507,-3.71235556380129));
#3999=CARTESIAN_POINT('',(-2.27059283441024,0.0273379621727115,-3.75367023289447));
#4000=CARTESIAN_POINT('Origin',(-1.42078034038709,0.0273295962532891,-2.12248728474995));
#4001=CARTESIAN_POINT('',(-0.738207367819297,-0.069436457787375,-3.91197229575507));
#4002=CARTESIAN_POINT('Origin',(-1.42078043518268,-0.0694440537456324,-2.12248773169067));
#4003=CARTESIAN_POINT('',(-0.738207225625914,0.0757240172110073,-3.91197162534399));
#4004=CARTESIAN_POINT('',(-0.738207273023709,0.0273371922115465,-3.91197184881435));
#4005=CARTESIAN_POINT('Origin',(-1.4207802929893,0.0757164212527499,-2.12248706127959));
#4006=CARTESIAN_POINT('Origin',(-0.807185506976641,0.0273364245929415,-3.73113335573991));
#4007=CARTESIAN_POINT('',(-0.623337187461854,-0.0694371260799153,-3.79163436377589));
#4008=CARTESIAN_POINT('Origin',(-0.80718560177223,-0.06943722540598,-3.73113380268063));
#4009=CARTESIAN_POINT('',(-0.623337045268471,0.075723348918467,-3.79163369336481));
#4010=CARTESIAN_POINT('',(-0.623337092666266,0.0273365239190062,-3.79163391683517));
#4011=CARTESIAN_POINT('Origin',(-0.807185459578847,0.0757232495924023,-3.73113313226955));
#4012=CARTESIAN_POINT('Origin',(-3.41011545428789,0.027335018332304,-2.87456506335241));
#4013=CARTESIAN_POINT('',(-0.476561494232805,-0.069441678650696,-2.83702185446654));
#4014=CARTESIAN_POINT('Origin',(-3.41011554908348,-0.0694386316666176,-2.87456551029313));
#4015=CARTESIAN_POINT('',(-0.476561352039424,0.0757187963476862,-2.83702118405546));
#4016=CARTESIAN_POINT('',(-0.476561399437217,0.0273319713482255,-2.83702140752582));
#4017=CARTESIAN_POINT('Origin',(-3.4101154068901,0.0757218433317647,-2.87456483988205));
#4018=CARTESIAN_POINT('Origin',(0.872169175484817,0.0273317122865013,-3.06699230687925));
#4019=CARTESIAN_POINT('',(-2.33545286638972,0.0757205514658001,-2.82277873945863));
#4020=CARTESIAN_POINT('Origin',(0.872169222882611,0.0757185372859621,-3.06699208340889));
#4021=CARTESIAN_POINT('',(-2.3354530085831,-0.0694399235325822,-2.82277940986971));
#4022=CARTESIAN_POINT('',(-2.33545291378752,0.0273337264663393,-2.82277896292899));
#4023=CARTESIAN_POINT('Origin',(0.872169080689228,-0.0694419377124201,-3.06699275381997));
#4024=CARTESIAN_POINT('Origin',(0.68976295725468,0.0273365223040427,-3.73113335573946));
#4025=CARTESIAN_POINT('',(0.620784675903953,0.0757241149221084,-3.91197162534354));
#4026=CARTESIAN_POINT('',(0.620784723301747,0.0273372899226477,-3.9119718488139));
#4027=CARTESIAN_POINT('',(0.505914495546509,0.0757234466295681,-3.79163369336436));
#4028=CARTESIAN_POINT('Origin',(0.689762909856886,0.0757233473035034,-3.7311331322691));
#4029=CARTESIAN_POINT('',(0.505914542944304,0.0273366216301074,-3.79163391683472));
#4030=CARTESIAN_POINT('Origin',(1.30335779066513,0.0273296939643902,-2.1224872847495));
#4031=CARTESIAN_POINT('',(2.03836038512935,0.0757254070508182,-3.89108314680833));
#4032=CARTESIAN_POINT('',(2.03836043252714,0.0273385820513575,-3.89108337027869));
#4033=CARTESIAN_POINT('Origin',(1.30335774326734,0.075716518963851,-2.12248706127914));
#4034=CARTESIAN_POINT('Origin',(1.96408386550375,0.0273376838551474,-3.7123557872712));
#4035=CARTESIAN_POINT('',(2.15317023729048,0.0757248848832734,-3.75367000942366));
#4036=CARTESIAN_POINT('',(2.15317028468827,0.0273380598838126,-3.75367023289402));
#4037=CARTESIAN_POINT('Origin',(1.96408381810596,0.0757245088546081,-3.71235556380084));
#4038=CARTESIAN_POINT('Origin',(-0.989591725206779,0.0273318099976025,-3.0669923068788));
#4039=CARTESIAN_POINT('',(2.21803031666776,0.0757206491769012,-2.82277873945818));
#4040=CARTESIAN_POINT('',(2.21803036406555,0.0273338241774404,-2.82277896292854));
#4041=CARTESIAN_POINT('Origin',(-0.989591772604574,0.0757186349970632,-3.06699208340843));
#4042=CARTESIAN_POINT('Origin',(3.29269290456593,0.0273351160434051,-2.87456506335196));
#4043=CARTESIAN_POINT('',(0.359138802317461,0.0757188940587873,-2.83702118405501));
#4044=CARTESIAN_POINT('Origin',(3.29269285716814,0.0757219410428658,-2.8745648398816));
#4045=CARTESIAN_POINT('',(0.359138849715255,0.0273320690593266,-2.83702140752537));
#4046=CARTESIAN_POINT('Origin',(-0.0121174541206155,-0.0693640267381015,
-2.46007640329788));
#4047=CARTESIAN_POINT('',(-0.0121174541206156,-0.0451390300896109,-2.45849128783221));
#4048=CARTESIAN_POINT('',(-0.0121174541206155,0.00378597326189852,-2.45817640329788));
#4049=CARTESIAN_POINT('Origin',(-0.108586274860957,-0.0209140267381015,
-2.46007640329788));
#4050=CARTESIAN_POINT('',(-0.108586274860957,-0.0451390296327676,-2.4585902056378));
#4051=CARTESIAN_POINT('',(-0.108586274860957,0.00378597326189852,-2.45817640329788));
#4052=CARTESIAN_POINT('Origin',(-0.0121174541206155,0.00378597326189852,
-2.45817640329788));
#4053=CARTESIAN_POINT('Origin',(-0.0468180361128821,0.0273390137299018,
-4.45301816174418));
#4054=CARTESIAN_POINT('',(-0.100555095601349,-0.0190140267381015,-2.45835754070015));
#4055=CARTESIAN_POINT('',(-0.100555095601349,0.00311418294013443,-2.45835743908689));
#4056=CARTESIAN_POINT('',(-0.102294849583045,-0.0190140267381015,-2.4584051696949));
#4057=CARTESIAN_POINT('Origin',(-0.0468180815184624,-0.0190140267381015,
-4.45301837582168));
#4058=CARTESIAN_POINT('',(-0.102294849583045,0.0757166811239445,-2.45840473477025));
#4059=CARTESIAN_POINT('',(-0.102294849583045,0.0283515277080977,-2.45840495223166));
#4060=CARTESIAN_POINT('',(-0.386040099327758,0.0757170896527737,-2.48667924075467));
#4061=CARTESIAN_POINT('Origin',(-0.046817988715088,0.0757258387293626,-4.45301793827382));
#4062=CARTESIAN_POINT('',(-0.38604024152114,-0.0694433853456085,-2.48667991116575));
#4063=CARTESIAN_POINT('',(-0.386040146725552,0.027330264653313,-2.48667946422503));
#4064=CARTESIAN_POINT('Origin',(-0.0468181309084703,-0.0694346362690197,
-4.4530186086849));
#4065=CARTESIAN_POINT('Origin',(-0.100555095601349,-0.00916998290027363,
-3.18491104192372));
#4066=CARTESIAN_POINT('',(-0.100555095601349,-0.0190140267381015,-2.46007640329788));
#4067=CARTESIAN_POINT('',(-0.100555095601349,-0.0140920048191876,-2.46007640329788));
#4068=CARTESIAN_POINT('',(-0.100555095601349,-0.0190140267381015,-2.8224937226108));
#4069=CARTESIAN_POINT('Origin',(-0.0168674541206133,-0.00916988518917251,
-3.18491104192327));
#4070=CARTESIAN_POINT('',(-0.0168674541206133,-0.0190140267381015,-2.45835754070015));
#4071=CARTESIAN_POINT('',(-0.0168674541206133,0.00311428065123555,-2.45835743908644));
#4072=CARTESIAN_POINT('',(-0.0168674541206133,-0.0190140267381015,-2.46007640329788));
#4073=CARTESIAN_POINT('',(-0.0168674541206133,-0.0190140267381015,-2.82249372261057));
#4074=CARTESIAN_POINT('',(-0.0168674541206133,-0.014091955963637,-2.46007640329788));
#4075=CARTESIAN_POINT('Origin',(-0.108586274860957,0.00378597326189852,
-2.96315416287286));
#4076=CARTESIAN_POINT('',(0.564690320530389,-0.0210539720580262,-2.96315416287286));
#4077=CARTESIAN_POINT('Origin',(-0.454053021374888,0.0757172559421715,-2.50825952331997));
#4078=CARTESIAN_POINT('',(-0.454053021374888,0.0757172559421715,-2.50825952331997));
#4079=CARTESIAN_POINT('',(-0.454053021374888,0.0757172559421715,-2.50825952331997));
#4080=CARTESIAN_POINT('',(-0.102294849583045,0.0757169109490482,-2.50816751787141));
#4081=CARTESIAN_POINT('',(-0.250689853309721,0.0757170564901044,-2.50820633189189));
#4082=CARTESIAN_POINT('',(-0.102294849583045,0.00378596407083492,-2.50816785005983));
#4083=CARTESIAN_POINT('',(-0.102294849583045,0.0283516117220744,-2.50816773661181));
#4084=CARTESIAN_POINT('',(-0.10476238317931,0.00378596407083492,-2.50816849546499));
#4085=CARTESIAN_POINT('',(-0.255317108596516,0.00378596407083492,-2.50820787438038));
#4086=CARTESIAN_POINT('',(-0.10476238317931,-0.0190140359291651,-2.50816860075898));
#4087=CARTESIAN_POINT('',(-0.10476238317931,0.0397505591405067,-2.50816832937484));
#4088=CARTESIAN_POINT('',(-0.108586274860957,-0.0190140267381015,-2.50816960093151));
#4089=CARTESIAN_POINT('',(-0.257229051029379,-0.0190140267381015,-2.50820847975972));
#4090=CARTESIAN_POINT('',(-0.108586274860957,0.0283517254443599,-2.50816938218902));
#4091=CARTESIAN_POINT('Origin',(-0.102294849583045,-0.0190140267381015,
-2.45817640329788));
#4092=CARTESIAN_POINT('',(-0.102294849583045,-0.0190140267381015,-2.45817640329788));
#4093=CARTESIAN_POINT('',(-0.0157205921841947,-0.0190140267381015,-2.45817640329788));
#4094=CARTESIAN_POINT('',(-0.108586274860957,-0.0190140267381015,-2.45817640329788));
#4095=CARTESIAN_POINT('',(-0.0157205921841947,0.0759859732618985,-2.45817640329788));
#4096=CARTESIAN_POINT('',(-0.0157205921841947,-0.0190140267381015,-2.45817640329788));
#4097=CARTESIAN_POINT('',(-0.102294849583045,0.0759859732618985,-2.45817640329788));
#4098=CARTESIAN_POINT('',(-0.108586274860957,0.0759859732618985,-2.45817640329788));
#4099=CARTESIAN_POINT('',(-0.102294849583045,-0.0190140267381015,-2.45817640329788));
#4100=CARTESIAN_POINT('Origin',(-0.0706045136090802,0.0273391114410029,
-4.45301816174373));
#4101=CARTESIAN_POINT('',(0.268617549605796,0.0757171873638748,-2.48667924075421));
#4102=CARTESIAN_POINT('',(0.26861759700359,0.0273303623644141,-2.48667946422458));
#4103=CARTESIAN_POINT('',(-0.0157205921841947,0.0757167781785205,-2.4583883326451));
#4104=CARTESIAN_POINT('Origin',(-0.0706045610068742,0.0757259364404637,
-4.45301793827337));
#4105=CARTESIAN_POINT('',(-0.0157205921841947,-0.0190140267381015,-2.4583887675978));
#4106=CARTESIAN_POINT('',(-0.0157205921841947,0.0283515764878965,-2.45838855012053));
#4107=CARTESIAN_POINT('Origin',(-0.0706044682034041,-0.0190140267381015,
-4.45301837582168));
#4108=CARTESIAN_POINT('Origin',(-0.0471046051019563,0.0757207781485122,
-3.35721702553435));
#4109=CARTESIAN_POINT('',(-0.102294849583045,0.0757187605275349,-2.90864671503782));
#4110=CARTESIAN_POINT('',(-0.92407661928286,0.0757173794683242,-2.43531453278623));
#4111=CARTESIAN_POINT('',(-0.426048737804811,0.0757172485824105,-2.51260562893895));
#4112=CARTESIAN_POINT('',(-1.37854085053162,0.0757177430933052,-2.41765696210389));
#4113=CARTESIAN_POINT('',(-0.695601050533944,0.0757171966609253,-2.4441916307556));
#4114=CARTESIAN_POINT('',(-2.07690342591723,0.0757185101238476,-2.43561606479304));
#4115=CARTESIAN_POINT('',(-1.07451685943834,0.0757174091755183,-2.40983867649058));
#4116=CARTESIAN_POINT('',(-2.6602167825419,0.0757193922772139,-2.50290388864248));
#4117=CARTESIAN_POINT('',(-1.41944565060094,0.0757175158407893,-2.35977534818419));
#4118=CARTESIAN_POINT('',(-2.66010808080558,0.0757213115461463,-2.9184958343142));
#4119=CARTESIAN_POINT('',(-2.66005061573061,0.0757223261659351,-3.13819814193261));
#4120=CARTESIAN_POINT('',(-2.37815087825446,0.0757220811052163,-3.14492706933617));
#4121=CARTESIAN_POINT('',(-1.61777077643766,0.0757241564464517,-3.75556515193415));
#4122=CARTESIAN_POINT('',(-2.35020837745831,0.0757199337404142,-2.68589638726543));
#4123=CARTESIAN_POINT('',(-2.36631421537103,0.075721171464619,-2.95047806577483));
#4124=CARTESIAN_POINT('',(-2.09566286717438,0.0757192952767808,-2.60164211569522));
#4125=CARTESIAN_POINT('',(-1.28522294230349,0.0757172624912961,-2.33338743131582));
#4126=CARTESIAN_POINT('',(-1.54645101456567,0.0757185344482449,-2.55339121138295));
#4127=CARTESIAN_POINT('',(-0.837559350588804,0.07571755241371,-2.49111166718913));
#4128=CARTESIAN_POINT('',(-0.844880424836733,0.0757179616688295,-2.57817266702224));
#4129=CARTESIAN_POINT('',(-0.432747709755079,0.0757176251935814,-2.59273035907179));
#4130=CARTESIAN_POINT('',(-0.49808875515919,0.0757179495692724,-2.64910691091677));
#4131=CARTESIAN_POINT('',(-0.212140361693415,0.0757179395925371,-2.7075960121752));
#4132=CARTESIAN_POINT('',(-0.453984581330313,0.0757184643391609,-2.76992168483477));
#4133=CARTESIAN_POINT('',(-0.335469145626067,0.0757198476136309,-3.09457158363928));
#4134=CARTESIAN_POINT('',(-0.453916141285738,0.0757196727361501,-3.03158384634957));
#4135=CARTESIAN_POINT('',(-0.453873541259014,0.0757204248943986,-3.19445362737004));
#4136=CARTESIAN_POINT('',(-0.24234908241231,0.0757194652379703,-3.03152850912158));
#4137=CARTESIAN_POINT('',(-0.0488795102598655,0.0757192754892243,-3.03147790545066));
#4138=CARTESIAN_POINT('',(-0.551457052686645,0.0757238162349725,-3.90806486125997));
#4139=CARTESIAN_POINT('',(-0.238848712278208,0.0757194159668371,-3.02160252220588));
#4140=CARTESIAN_POINT('',(-0.659309741811297,0.0757244492680158,-4.02225664705338));
#4141=CARTESIAN_POINT('Origin',(-0.733987128120281,0.0757236977528743,-3.84369616623306));
#4142=CARTESIAN_POINT('',(-2.22536531049006,0.0757260150054587,-4.02911878412606));
#4143=CARTESIAN_POINT('Origin',(-1.450643584891,0.0757164856876811,-2.13010483920808));
#4144=CARTESIAN_POINT('',(-2.34164082640231,0.0757254856251444,-3.88983303938591));
#4145=CARTESIAN_POINT('Origin',(-2.15225559315589,0.0757251157332347,-3.84991073026743));
#4146=CARTESIAN_POINT('',(-2.51490852244034,0.0757218592230896,-3.06787800343077));
#4147=CARTESIAN_POINT('',(-2.51490852244034,0.0757218592230896,-3.06787800343077));
#4148=CARTESIAN_POINT('',(-2.6681821535288,0.075721578359103,-2.97455489547933));
#4149=CARTESIAN_POINT('Origin',(-2.70863647450637,0.0757227216567889,-3.21352662918061));
#4150=CARTESIAN_POINT('',(-2.70849271987223,0.0757213975686294,-2.92685949234478));
#4151=CARTESIAN_POINT('Origin',(-2.66010589652739,0.0757213501123862,-2.92684683634488));
#4152=CARTESIAN_POINT('',(-2.70859696554788,0.0757195569771833,-2.52830409994754));
#4153=CARTESIAN_POINT('',(-2.70860769400283,0.0757193675525162,-2.48728672876912));
#4154=CARTESIAN_POINT('',(-2.66800444794921,0.0757192966039074,-2.48053651088864));
#4155=CARTESIAN_POINT('Origin',(-2.66021014220305,0.0757195095209402,-2.52829144394765));
#4156=CARTESIAN_POINT('Origin',(-1.54552676209083,0.0757499593243683,-9.3578452147201));
#4157=CARTESIAN_POINT('',(-0.63508661548657,0.0757180839323759,-2.64914274391399));
#4158=CARTESIAN_POINT('Origin',(-0.670092803519556,0.0757189973623055,-2.83949800161877));
#4159=CARTESIAN_POINT('',(-2.17694629072901,0.0757195844778031,-2.64702112729467));
#4160=CARTESIAN_POINT('Origin',(-1.41182983217675,0.0757383517919055,-6.87288613020265));
#4161=CARTESIAN_POINT('Origin',(-2.1424640963053,0.0757204302812967,-2.83747200181169));
#4162=CARTESIAN_POINT('Origin',(-0.056527972809139,0.00378596407083492,
-2.71164013117187));
#4163=CARTESIAN_POINT('',(-0.102294849583045,0.00378596407083492,-2.46010125138438));
#4164=CARTESIAN_POINT('',(-0.102294849583045,0.00378596407083492,-2.61048165739376));
#4165=CARTESIAN_POINT('',(-0.10476238317931,0.00378596407083492,-2.46010125138438));
#4166=CARTESIAN_POINT('',(-0.10476238317931,0.00378596407083492,-2.46010125138438));
#4167=CARTESIAN_POINT('',(-0.10476238317931,0.00378596407083492,-2.96317901095936));
#4168=CARTESIAN_POINT('Origin',(-0.10476238317931,0.00378596407083492,-2.46010125138438));
#4169=CARTESIAN_POINT('',(-0.102294849583045,-0.0190140359291651,-2.46010125138438));
#4170=CARTESIAN_POINT('',(-0.102294849583045,-0.00761403133363328,-2.46010125138438));
#4171=CARTESIAN_POINT('',(-0.10476238317931,-0.0190140359291651,-2.46010125138438));
#4172=CARTESIAN_POINT('',(-0.10476238317931,-0.0190140359291651,-2.46010125138438));
#4173=CARTESIAN_POINT('',(-0.10476238317931,0.00378596407083492,-2.46010125138438));
#4174=CARTESIAN_POINT('Origin',(-0.0121174541206155,-0.0190140267381015,
-2.46007640329788));
#4175=CARTESIAN_POINT('',(-0.108586274860957,-0.0190140267381015,-2.46007640329788));
#4176=CARTESIAN_POINT('',(-0.108586274860957,-0.0190140267381015,-2.46007640329788));
#4177=CARTESIAN_POINT('',(-0.108586274860957,-0.0190140267381015,-2.46007640329788));
#4178=CARTESIAN_POINT('Origin',(-0.108586274860957,-0.0190140267381015,
-2.46007640329788));
#4179=CARTESIAN_POINT('',(-0.108586274860957,-0.0190140267381015,-2.58584584319162));
#4180=CARTESIAN_POINT('Origin',(-0.10476238317931,0.00378596407083492,-2.96317901095936));
#4181=CARTESIAN_POINT('',(-0.10476238317931,-0.0190140359291651,-2.96317901095936));
#4182=CARTESIAN_POINT('Origin',(-1.54552680948862,0.0273631343249076,-9.35784543819046));
#4183=CARTESIAN_POINT('',(-2.6680045901426,-0.0694411783944749,-2.48053718129972));
#4184=CARTESIAN_POINT('',(-2.66800449534701,0.0273324716044466,-2.480536734359));
#4185=CARTESIAN_POINT('Origin',(-1.54552690428421,-0.0694105156740139,-9.35784588513118));
#4186=CARTESIAN_POINT('Origin',(-0.238848759676002,0.0273325909673764,-3.02160274567624));
#4187=CARTESIAN_POINT('',(-0.242349106111207,0.0515260527382403,-3.03152862085676));
#4188=CARTESIAN_POINT('',(-0.23884885447159,-0.0694410590315451,-3.02160319261696));
#4189=CARTESIAN_POINT('',(-0.238848759676002,0.0273325909673764,-3.02160274567624));
#4190=CARTESIAN_POINT('',(-0.551457194880027,-0.0694366587634098,-3.90806553167105));
#4191=CARTESIAN_POINT('',(-0.23884885447159,-0.0694410590315451,-3.02160319261696));
#4192=CARTESIAN_POINT('',(-0.551457100084439,0.0273369912355117,-3.90806508473033));
#4193=CARTESIAN_POINT('Origin',(-2.70863652190416,0.0273358966573281,-3.21352685265097));
#4194=CARTESIAN_POINT('',(-2.66818229572218,-0.0694388966392793,-2.97455556589041));
#4195=CARTESIAN_POINT('',(-2.66818220092659,0.0273347533596422,-2.97455511894969));
#4196=CARTESIAN_POINT('',(-2.51490866463372,-0.0694386157752927,-3.06787867384185));
#4197=CARTESIAN_POINT('',(-2.51490856983813,0.0273350342236288,-3.06787822690113));
#4198=CARTESIAN_POINT('Origin',(-2.70863661669975,-0.0694377533415933,-3.21352729959169));
#4199=CARTESIAN_POINT('Origin',(-2.66010594392519,0.0273345251129255,-2.92684705981524));
#4200=CARTESIAN_POINT('',(-2.70849286206561,-0.0694390774297529,-2.92686016275586));
#4201=CARTESIAN_POINT('Origin',(-2.66010603872077,-0.069439124885996,-2.92684750675596));
#4202=CARTESIAN_POINT('',(-2.70849276727002,0.0273345725691686,-2.92685971581514));
#4203=CARTESIAN_POINT('Origin',(-2.70848118139543,0.027334777132682,-2.97115520112519));
#4204=CARTESIAN_POINT('',(-2.70859710774127,-0.0694409180211989,-2.52830477035863));
#4205=CARTESIAN_POINT('',(-2.70859701294568,0.0273327319777226,-2.5283043234179));
#4206=CARTESIAN_POINT('',(-2.70860783619622,-0.0694411074458661,-2.4872873991802));
#4207=CARTESIAN_POINT('Origin',(-2.66021018960085,0.0273326845214795,-2.52829166741801));
#4208=CARTESIAN_POINT('Origin',(-2.66021028439643,-0.0694409654774421,-2.52829211435873));
#4209=CARTESIAN_POINT('Origin',(-2.14246414370309,0.027333605281836,-2.83747222528205));
#4210=CARTESIAN_POINT('',(-2.17694643292239,-0.0694408905205792,-2.64702179770575));
#4211=CARTESIAN_POINT('Origin',(-2.14246423849868,-0.0694400447170855,-2.83747267222278));
#4212=CARTESIAN_POINT('',(-2.17694633812681,0.0273327594783424,-2.64702135076503));
#4213=CARTESIAN_POINT('Origin',(-1.41182987957455,0.0273515267924447,-6.87288635367301));
#4214=CARTESIAN_POINT('',(-0.635086757679952,-0.0694423910660064,-2.64914341432507));
#4215=CARTESIAN_POINT('Origin',(-1.41182997437014,-0.0694221232064768,-6.87288680061373));
#4216=CARTESIAN_POINT('',(-0.635086662884364,0.0273312589329151,-2.64914296738435));
#4217=CARTESIAN_POINT('Origin',(-0.67009285091735,0.0273321723628447,-2.83949822508913));
#4218=CARTESIAN_POINT('Origin',(-0.670092945712939,-0.0694414776360768,
-2.83949867202985));
#4219=CARTESIAN_POINT('Origin',(-2.32112080627199,0.0273390900999408,-3.98717727578278));
#4220=CARTESIAN_POINT('',(-2.34164096859569,-0.0694349893732379,-3.88983370979699));
#4221=CARTESIAN_POINT('',(-2.34164087380011,0.0273386606256836,-3.88983326285627));
#4222=CARTESIAN_POINT('',(-2.51490866463372,-0.0694386157752927,-3.06787867384185));
#4223=CARTESIAN_POINT('Origin',(-2.15225564055368,0.027338290733774,-3.84991095373779));
#4224=CARTESIAN_POINT('',(-2.22536545268344,-0.0694344599929236,-4.02911945453714));
#4225=CARTESIAN_POINT('Origin',(-2.15225573534927,-0.0694353592651476,-3.84991140067851));
#4226=CARTESIAN_POINT('',(-2.22536535788786,0.0273391900059979,-4.02911900759642));
#4227=CARTESIAN_POINT('Origin',(-1.4506436322888,0.0273296606882203,-2.13010506267844));
#4228=CARTESIAN_POINT('',(-0.659309884004679,-0.0694360257303664,-4.02225731746446));
#4229=CARTESIAN_POINT('',(-0.659309789209091,0.0273376242685551,-4.02225687052374));
#4230=CARTESIAN_POINT('Origin',(-1.45064372708438,-0.0694439893107012,-2.13010550961916));
#4231=CARTESIAN_POINT('Origin',(-0.733987175518074,0.0273368727534136,-3.84369638970342));
#4232=CARTESIAN_POINT('Origin',(-0.733987270313662,-0.0694367772455079,
-3.84369683664414));
#4233=CARTESIAN_POINT('Origin',(-0.92407661928286,0.0757173794683242,-2.43531453278623));
#4234=CARTESIAN_POINT('',(-0.92407661928286,0.0757173794683242,-2.43531453278623));
#4235=CARTESIAN_POINT('Origin',(-0.453916141285738,0.0757196727361501,-3.03158384634957));
#4236=CARTESIAN_POINT('',(-0.453984581330313,0.0757184643391609,-2.76992168483477));
#4237=CARTESIAN_POINT('',(-0.453916141285738,0.0757196727361501,-3.03158384634957));
#4238=CARTESIAN_POINT('Origin',(-0.453984581330313,0.0757184643391609,-2.76992168483477));
#4239=CARTESIAN_POINT('',(-0.49808875515919,0.0757179495692724,-2.64910691091677));
#4240=CARTESIAN_POINT('Origin',(-0.49808875515919,0.0757179495692724,-2.64910691091677));
#4241=CARTESIAN_POINT('',(-0.844880424836733,0.0757179616688295,-2.57817266702224));
#4242=CARTESIAN_POINT('Origin',(-0.844880424836733,0.0757179616688295,-2.57817266702224));
#4243=CARTESIAN_POINT('',(-1.54645101456567,0.0757185344482449,-2.55339121138295));
#4244=CARTESIAN_POINT('Origin',(-1.54645101456567,0.0757185344482449,-2.55339121138295));
#4245=CARTESIAN_POINT('',(-2.09566286717438,0.0757192952767808,-2.60164211569522));
#4246=CARTESIAN_POINT('Origin',(-2.09566286717438,0.0757192952767808,-2.60164211569522));
#4247=CARTESIAN_POINT('',(-2.35020837745831,0.0757199337404142,-2.68589638726543));
#4248=CARTESIAN_POINT('Origin',(-2.35020837745831,0.0757199337404142,-2.68589638726543));
#4249=CARTESIAN_POINT('',(-2.37815087825446,0.0757220811052163,-3.14492706933617));
#4250=CARTESIAN_POINT('Origin',(-2.37815087825446,0.0757220811052163,-3.14492706933617));
#4251=CARTESIAN_POINT('',(-2.66010808080558,0.0757213115461463,-2.9184958343142));
#4252=CARTESIAN_POINT('Origin',(-2.66010808080558,0.0757213115461463,-2.9184958343142));
#4253=CARTESIAN_POINT('',(-2.6602167825419,0.0757193922772139,-2.50290388864248));
#4254=CARTESIAN_POINT('Origin',(-2.6602167825419,0.0757193922772139,-2.50290388864248));
#4255=CARTESIAN_POINT('',(-2.07690342591723,0.0757185101238476,-2.43561606479304));
#4256=CARTESIAN_POINT('Origin',(-2.07690342591723,0.0757185101238476,-2.43561606479304));
#4257=CARTESIAN_POINT('',(-1.37854085053162,0.0757177430933052,-2.41765696210389));
#4258=CARTESIAN_POINT('Origin',(-1.37854085053162,0.0757177430933052,-2.41765696210389));
#4259=CARTESIAN_POINT('Origin',(-0.0505692153643282,0.0757192771464336,
-3.03147834740791));
#4260=CARTESIAN_POINT('Origin',(-0.0471240625557971,0.0273336104395539,
-3.28300810358638));
#4261=CARTESIAN_POINT('Origin',(-0.0471241573513854,-0.0694400395593676,
-3.2830085505271));
#4262=CARTESIAN_POINT('Origin',(-0.0471047472953386,-0.06943969684987,-3.35721769594543));
#4263=CARTESIAN_POINT('Origin',(-0.102294849583045,-0.0190140267381015,
-2.50932318361566));
#4264=CARTESIAN_POINT('',(-0.102294849583045,-0.0190140267381015,-2.46007640329788));
#4265=CARTESIAN_POINT('',(-0.102294849583045,0.0759859732618985,-2.50932318361566));
#4266=CARTESIAN_POINT('',(-0.102294849583045,0.0759859732618985,-2.45840758551429));
#4267=CARTESIAN_POINT('',(-0.102294849583045,-0.0190140267381015,-2.50932318361566));
#4268=CARTESIAN_POINT('',(-0.102294849583045,-0.0190140267381015,-2.50932318361566));
#4269=CARTESIAN_POINT('',(-0.102294849583045,-0.0190140267381015,-2.45840758551429));
#4270=CARTESIAN_POINT('Origin',(-0.0157205921841947,-0.0190140267381015,
-2.50932318361566));
#4271=CARTESIAN_POINT('',(-0.0157205921841947,-0.0190140267381015,-2.50932318361566));
#4272=CARTESIAN_POINT('',(-0.102294849583045,-0.0190140267381015,-2.50932318361566));
#4273=CARTESIAN_POINT('',(-0.0157205921841947,0.0759859732618985,-2.50932318361566));
#4274=CARTESIAN_POINT('',(-0.102294849583045,0.0759859732618985,-2.50932318361566));
#4275=CARTESIAN_POINT('',(-0.0157205921841947,-0.0190140267381015,-2.50932318361566));
#4276=CARTESIAN_POINT('Origin',(-0.0157205921841947,-0.0190140267381015,
-2.46007640329788));
#4277=CARTESIAN_POINT('',(-0.0157205921841947,-0.019013938218064,-2.46010125138393));
#4278=CARTESIAN_POINT('',(-0.0157205921841947,0.00378606178193603,-2.46010125138393));
#4279=CARTESIAN_POINT('',(-0.0157205921841947,-0.00761398247808272,-2.46010125138393));
#4280=CARTESIAN_POINT('',(-0.0157205921841947,-0.0190140267381015,-2.50932318361566));
#4281=CARTESIAN_POINT('',(-0.0157205921841947,0.0759859732618985,-2.46007640329788));
#4282=CARTESIAN_POINT('',(-0.0157205921841947,-0.0190140267381015,-2.46007640329788));
#4283=CARTESIAN_POINT('',(-0.0157205921841947,0.0757170080786599,-2.50816736279482));
#4284=CARTESIAN_POINT('',(-0.0157205921841947,0.0757188576568496,-2.90864649566274));
#4285=CARTESIAN_POINT('',(-0.0157205921841947,0.00378606178193603,-2.50816769498324));
#4286=CARTESIAN_POINT('',(-0.0157205921841947,0.0283517742915948,-2.50816758153492));
#4287=CARTESIAN_POINT('',(-0.0157205921841947,0.00378606178193603,-2.58585826723465));
#4288=CARTESIAN_POINT('Origin',(-0.0590077208836196,0.0759859732618985,
-2.48469979345677));
#4289=CARTESIAN_POINT('Origin',(-0.0603518644907864,-0.0190140267381015,
-2.71161528308537));
#4290=CARTESIAN_POINT('',(-0.0126601665426524,-0.019013938218064,-2.46010125138393));
#4291=CARTESIAN_POINT('',(-0.0126601665426524,-0.019013938218064,-2.46010125138393));
#4292=CARTESIAN_POINT('',(-0.0126601665426524,-0.019013938218064,-2.50816860075852));
#4293=CARTESIAN_POINT('',(-0.0126601665426524,-0.019013938218064,-2.96317901095891));
#4294=CARTESIAN_POINT('',(-0.0121174541206155,-0.0190140267381015,-2.50816874271015));
#4295=CARTESIAN_POINT('',(0.13816591178985,-0.0190140267381015,-2.50820805064907));
#4296=CARTESIAN_POINT('',(-0.0121174541206155,-0.0190140267381015,-2.46007640329788));
#4297=CARTESIAN_POINT('',(-0.0121174541206155,-0.0190140267381015,-2.83738472297911));
#4298=CARTESIAN_POINT('',(-0.036234659305701,-0.0190140267381015,-2.46007640329788));
#4299=CARTESIAN_POINT('Origin',(-0.0126601665426524,0.00378606178193603,
-2.46010125138393));
#4300=CARTESIAN_POINT('',(-0.0126601665426524,0.00378606178193603,-2.46010125138393));
#4301=CARTESIAN_POINT('',(-0.0126601665426524,0.00378606178193603,-2.46010125138393));
#4302=CARTESIAN_POINT('',(-0.0126601665426524,0.00378606178193603,-2.46010125138393));
#4303=CARTESIAN_POINT('Origin',(-0.0608945769128232,0.00378606178193603,
-2.71164013117142));
#4304=CARTESIAN_POINT('',(-0.0126601665426524,0.00378606178193603,-2.50816849546454));
#4305=CARTESIAN_POINT('',(0.137894558874554,0.00378606178193603,-2.50820787437993));
#4306=CARTESIAN_POINT('',(-0.0126601665426524,0.00378606178193603,-2.96317901095891));
#4307=CARTESIAN_POINT('Origin',(-0.0121174541206155,-0.0190140267381015,
-2.96315416287286));
#4308=CARTESIAN_POINT('',(-0.0121174541206155,0.0283506126498639,-2.5081685239728));
#4309=CARTESIAN_POINT('',(-0.0121174541206155,-0.0190140267381015,-2.46007640329788));
#4310=CARTESIAN_POINT('Origin',(-0.0121174541206155,-0.0190140267381015,
-2.46007640329788));
#4311=CARTESIAN_POINT('Origin',(0.336630471652926,0.0757173536532726,-2.50825952331952));
#4312=CARTESIAN_POINT('',(-0.0126601665426524,0.0397506568516078,-2.50816832937439));
#4313=CARTESIAN_POINT('',(0.336630471652926,0.0757173536532726,-2.50825952331952));
#4314=CARTESIAN_POINT('',(0.133267303587759,0.0757171542012055,-2.50820633189143));
#4315=CARTESIAN_POINT('',(0.336630566448514,-0.0210562963456489,-2.50825997026024));
#4316=CARTESIAN_POINT('',(0.336630471652926,0.0757173536532726,-2.50825952331952));
#4317=CARTESIAN_POINT('',(0.336630566448514,-0.0210562963456488,-2.50825997026024));
#4318=CARTESIAN_POINT('Origin',(-0.0126601665426524,0.00378606178193603,
-2.96317901095891));
#4319=CARTESIAN_POINT('Origin',(1.42810425976666,0.0273632320360087,-9.35784543819001));
#4320=CARTESIAN_POINT('',(2.55058189822725,0.0757193943150085,-2.48053651088819));
#4321=CARTESIAN_POINT('',(2.55058194562504,0.0273325693155477,-2.48053673435855));
#4322=CARTESIAN_POINT('Origin',(1.42810421236886,0.0757500570354695,-9.35784521471965));
#4323=CARTESIAN_POINT('Origin',(0.12142620995404,0.0273326886784775,-3.02160274567579));
#4324=CARTESIAN_POINT('',(0.124926627485936,-0.0210540870498497,-3.03152895606185));
#4325=CARTESIAN_POINT('',(0.124926532690348,0.0757195629490714,-3.03152850912112));
#4326=CARTESIAN_POINT('',(0.124926556389245,0.0515261504493414,-3.03152862085631));
#4327=CARTESIAN_POINT('',(0.434034502964683,0.0757239139460736,-3.90806486125952));
#4328=CARTESIAN_POINT('',(0.121426162556246,0.0757195136779382,-3.02160252220543));
#4329=CARTESIAN_POINT('',(0.434034550362477,0.0273370889466128,-3.90806508472988));
#4330=CARTESIAN_POINT('',(0.121426257351834,-0.0210541363209829,-3.02160296914615));
#4331=CARTESIAN_POINT('',(0.12142620995404,0.0273326886784775,-3.02160274567579));
#4332=CARTESIAN_POINT('',(0.145466560393147,-0.0210537979302052,-3.08977396943913));
#4333=CARTESIAN_POINT('Origin',(2.5912139721822,0.0273359943684292,-3.21352685265052));
#4334=CARTESIAN_POINT('',(2.55075960380683,0.0757216760702041,-2.97455489547888));
#4335=CARTESIAN_POINT('',(2.55075965120463,0.0273348510707433,-2.97455511894924));
#4336=CARTESIAN_POINT('',(2.39748597271837,0.0757219569341907,-3.06787800343032));
#4337=CARTESIAN_POINT('',(2.39748602011617,0.0273351319347299,-3.06787822690068));
#4338=CARTESIAN_POINT('Origin',(2.59121392478441,0.07572281936789,-3.21352662918016));
#4339=CARTESIAN_POINT('Origin',(2.54268339420322,0.0273346228240266,-2.92684705981479));
#4340=CARTESIAN_POINT('',(2.59107017015026,0.0757214952797305,-2.92685949234433));
#4341=CARTESIAN_POINT('Origin',(2.54268334680543,0.0757214478234873,-2.92684683634443));
#4342=CARTESIAN_POINT('',(2.59107021754806,0.0273346702802697,-2.92685971581469));
#4343=CARTESIAN_POINT('Origin',(2.59105863167346,0.0273348748437831,-2.97115520112474));
#4344=CARTESIAN_POINT('',(2.59117441582592,0.0757196546882844,-2.52830409994709));
#4345=CARTESIAN_POINT('',(2.59117446322372,0.0273328296888237,-2.52830432341745));
#4346=CARTESIAN_POINT('',(2.59118514428087,0.0757194652636173,-2.48728672876867));
#4347=CARTESIAN_POINT('Origin',(2.54278763987888,0.0273327822325806,-2.52829166741756));
#4348=CARTESIAN_POINT('Origin',(2.54278759248109,0.0757196072320414,-2.5282914439472));
#4349=CARTESIAN_POINT('Origin',(2.02504159398113,0.0273337029929371,-2.8374722252816));
#4350=CARTESIAN_POINT('',(2.05952374100705,0.0757196821889042,-2.64702112729422));
#4351=CARTESIAN_POINT('',(2.05952378840484,0.0273328571894435,-2.64702135076458));
#4352=CARTESIAN_POINT('Origin',(2.02504154658334,0.0757205279923979,-2.83747200181124));
#4353=CARTESIAN_POINT('Origin',(1.29440732985259,0.0273516245035458,-6.87288635367256));
#4354=CARTESIAN_POINT('',(0.517664065764607,0.075718181643477,-2.64914274391354));
#4355=CARTESIAN_POINT('',(0.517664113162401,0.0273313566440162,-2.6491429673839));
#4356=CARTESIAN_POINT('Origin',(1.29440728245479,0.0757384495030066,-6.8728861302022));
#4357=CARTESIAN_POINT('Origin',(0.552670301195388,0.0273322700739458,-2.83949822508868));
#4358=CARTESIAN_POINT('Origin',(0.552670253797594,0.0757190950734066,-2.83949800161832));
#4359=CARTESIAN_POINT('Origin',(2.20369825655003,0.0273391878110419,-3.98717727578233));
#4360=CARTESIAN_POINT('',(2.22421827668035,0.0757255833362455,-3.88983303938546));
#4361=CARTESIAN_POINT('',(2.22421832407814,0.0273387583367847,-3.88983326285581));
#4362=CARTESIAN_POINT('',(2.39748597271837,0.0757219569341907,-3.06787800343032));
#4363=CARTESIAN_POINT('Origin',(2.03483309083172,0.0273383884448751,-3.84991095373734));
#4364=CARTESIAN_POINT('',(2.1079427607681,0.0757261127165598,-4.02911878412561));
#4365=CARTESIAN_POINT('',(2.10794280816589,0.027339287717099,-4.02911900759597));
#4366=CARTESIAN_POINT('Origin',(2.03483304343393,0.0757252134443358,-3.84991073026698));
#4367=CARTESIAN_POINT('Origin',(1.33322108256683,0.0273297583993214,-2.13010506267799));
#4368=CARTESIAN_POINT('',(0.541887192089335,0.0757245469791169,-4.02225664705293));
#4369=CARTESIAN_POINT('',(0.541887239487129,0.0273377219796562,-4.02225687052329));
#4370=CARTESIAN_POINT('Origin',(1.33322103516904,0.0757165833987822,-2.13010483920763));
#4371=CARTESIAN_POINT('Origin',(0.616564625796112,0.0273369704645147,-3.84369638970297));
#4372=CARTESIAN_POINT('Origin',(0.616564578398318,0.0757237954639754,-3.84369616623261));
#4373=CARTESIAN_POINT('Origin',(-0.070317944620006,0.0757208758596133,-3.3572170255339));
#4374=CARTESIAN_POINT('',(-0.0685430394620968,0.0757193732003254,-3.03147790545021));
#4375=CARTESIAN_POINT('',(0.336562031608351,0.075718562050262,-2.76992168483432));
#4376=CARTESIAN_POINT('',(0.336450991537052,0.0757205226054997,-3.19445362736959));
#4377=CARTESIAN_POINT('',(0.380666205437228,0.0757180472803736,-2.64910691091632));
#4378=CARTESIAN_POINT('',(0.218046595904104,0.075719945324732,-3.09457158363883));
#4379=CARTESIAN_POINT('',(0.727457875114771,0.0757180593799306,-2.57817266702179));
#4380=CARTESIAN_POINT('',(0.0947178119714532,0.0757180373036382,-2.70759601217475));
#4381=CARTESIAN_POINT('',(1.42902846484371,0.075718632159346,-2.5533912113825));
#4382=CARTESIAN_POINT('',(0.315325160033117,0.0757177229046826,-2.59273035907134));
#4383=CARTESIAN_POINT('',(1.97824031745242,0.0757193929878819,-2.60164211569477));
#4384=CARTESIAN_POINT('',(0.720136800866842,0.0757176501248111,-2.49111166718868));
#4385=CARTESIAN_POINT('',(2.23278582773635,0.0757200314515153,-2.68589638726498));
#4386=CARTESIAN_POINT('',(1.16780039258153,0.0757173602023972,-2.33338743131537));
#4387=CARTESIAN_POINT('',(2.26072832853249,0.0757221788163174,-3.14492706933572));
#4388=CARTESIAN_POINT('',(2.24889166564906,0.0757212691757201,-2.95047806577437));
#4389=CARTESIAN_POINT('',(2.54268553108362,0.0757214092572474,-2.91849583431375));
#4390=CARTESIAN_POINT('',(1.5003482267157,0.0757242541575528,-3.7555651519337));
#4391=CARTESIAN_POINT('',(2.54279423281994,0.075719489988315,-2.50290388864203));
#4392=CARTESIAN_POINT('',(2.54262806600865,0.0757224238770363,-3.13819814193216));
#4393=CARTESIAN_POINT('',(1.95948087619526,0.0757186078349488,-2.43561606479258));
#4394=CARTESIAN_POINT('',(1.30202310087898,0.0757176135518904,-2.35977534818374));
#4395=CARTESIAN_POINT('',(1.26111830080966,0.0757178408044063,-2.41765696210344));
#4396=CARTESIAN_POINT('',(0.957094309716381,0.0757175068866194,-2.40983867649013));
#4397=CARTESIAN_POINT('',(0.806654069560897,0.0757174771794253,-2.43531453278578));
#4398=CARTESIAN_POINT('',(0.578178500811982,0.0757172943720264,-2.44419163075515));
#4399=CARTESIAN_POINT('',(0.308626188082849,0.0757173462935116,-2.5126056289385));
#4400=CARTESIAN_POINT('Origin',(0.806654069560897,0.0757174771794253,-2.43531453278578));
#4401=CARTESIAN_POINT('',(0.806654164356485,-0.0210561728194962,-2.4353149797265));
#4402=CARTESIAN_POINT('',(0.806654069560897,0.0757174771794253,-2.43531453278578));
#4403=CARTESIAN_POINT('',(0.336630566448514,-0.0210562963456488,-2.50825997026024));
#4404=CARTESIAN_POINT('Origin',(0.336493591563775,0.0757197704472512,-3.03158384634912));
#4405=CARTESIAN_POINT('',(0.336562126403939,-0.0210550879486596,-2.76992213177504));
#4406=CARTESIAN_POINT('',(0.336493686359363,-0.0210538795516702,-3.03158429328984));
#4407=CARTESIAN_POINT('',(0.336562031608351,0.075718562050262,-2.76992168483432));
#4408=CARTESIAN_POINT('Origin',(0.336562031608351,0.075718562050262,-2.76992168483432));
#4409=CARTESIAN_POINT('',(0.380666300232816,-0.021055602718548,-2.64910735785704));
#4410=CARTESIAN_POINT('',(0.380666300232816,-0.0210556027185479,-2.64910735785704));
#4411=CARTESIAN_POINT('',(0.380666205437228,0.0757180472803736,-2.64910691091632));
#4412=CARTESIAN_POINT('Origin',(0.380666205437228,0.0757180472803735,-2.64910691091632));
#4413=CARTESIAN_POINT('',(0.727457969910358,-0.0210555906189909,-2.57817311396251));
#4414=CARTESIAN_POINT('',(0.727457969910359,-0.0210555906189909,-2.57817311396251));
#4415=CARTESIAN_POINT('',(0.727457875114771,0.0757180593799306,-2.57817266702179));
#4416=CARTESIAN_POINT('Origin',(0.727457875114771,0.0757180593799306,-2.57817266702179));
#4417=CARTESIAN_POINT('',(1.4290285596393,-0.0210550178395755,-2.55339165832322));
#4418=CARTESIAN_POINT('',(1.4290285596393,-0.0210550178395755,-2.55339165832322));
#4419=CARTESIAN_POINT('',(1.42902846484371,0.075718632159346,-2.5533912113825));
#4420=CARTESIAN_POINT('Origin',(1.42902846484371,0.075718632159346,-2.5533912113825));
#4421=CARTESIAN_POINT('',(1.978240412248,-0.0210542570110396,-2.60164256263549));
#4422=CARTESIAN_POINT('',(1.978240412248,-0.0210542570110395,-2.60164256263549));
#4423=CARTESIAN_POINT('',(1.97824031745242,0.0757193929878819,-2.60164211569477));
#4424=CARTESIAN_POINT('Origin',(1.97824031745242,0.0757193929878819,-2.60164211569477));
#4425=CARTESIAN_POINT('',(2.23278592253194,-0.0210536185474062,-2.6858968342057));
#4426=CARTESIAN_POINT('',(2.23278592253194,-0.0210536185474062,-2.6858968342057));
#4427=CARTESIAN_POINT('',(2.23278582773635,0.0757200314515153,-2.68589638726498));
#4428=CARTESIAN_POINT('Origin',(2.23278582773635,0.0757200314515153,-2.68589638726498));
#4429=CARTESIAN_POINT('',(2.26072842332808,-0.021051471182604,-3.14492751627644));
#4430=CARTESIAN_POINT('',(2.26072832853249,0.0757221788163174,-3.14492706933572));
#4431=CARTESIAN_POINT('Origin',(2.26072832853249,0.0757221788163174,-3.14492706933572));
#4432=CARTESIAN_POINT('',(2.5426856258792,-0.0210522407416741,-2.91849628125447));
#4433=CARTESIAN_POINT('',(2.5426856258792,-0.0210522407416741,-2.91849628125447));
#4434=CARTESIAN_POINT('',(2.54268553108362,0.0757214092572474,-2.91849583431375));
#4435=CARTESIAN_POINT('Origin',(2.54268553108362,0.0757214092572474,-2.91849583431375));
#4436=CARTESIAN_POINT('',(2.54279432761553,-0.0210541600106065,-2.50290433558275));
#4437=CARTESIAN_POINT('',(2.54279432761553,-0.0210541600106064,-2.50290433558275));
#4438=CARTESIAN_POINT('',(2.54279423281994,0.075719489988315,-2.50290388864203));
#4439=CARTESIAN_POINT('Origin',(2.54279423281994,0.075719489988315,-2.50290388864203));
#4440=CARTESIAN_POINT('',(1.95948097099085,-0.0210550421639728,-2.43561651173331));
#4441=CARTESIAN_POINT('',(1.95948097099085,-0.0210550421639727,-2.43561651173331));
#4442=CARTESIAN_POINT('',(1.95948087619526,0.0757186078349488,-2.43561606479258));
#4443=CARTESIAN_POINT('Origin',(1.95948087619526,0.0757186078349487,-2.43561606479258));
#4444=CARTESIAN_POINT('',(1.26111839560525,-0.0210558091945152,-2.41765740904416));
#4445=CARTESIAN_POINT('',(1.26111839560525,-0.0210558091945152,-2.41765740904416));
#4446=CARTESIAN_POINT('',(1.26111830080966,0.0757178408044063,-2.41765696210344));
#4447=CARTESIAN_POINT('Origin',(1.26111830080966,0.0757178408044063,-2.41765696210344));
#4448=CARTESIAN_POINT('',(0.806654164356485,-0.0210561728194962,-2.4353149797265));
#4449=CARTESIAN_POINT('Origin',(-0.0668533343576341,0.0757193748575347,
-3.03147834740746));
#4450=CARTESIAN_POINT('',(-0.0668532395620462,-0.0210542751413868,-3.03147879434818));
#4451=CARTESIAN_POINT('Origin',(1.2379668915897,-0.0210541530875242,-2.7811556787762));
#4452=CARTESIAN_POINT('Origin',(-0.070298439768371,-0.0210531168488081,
-3.28300832705629));
#4453=CARTESIAN_POINT('Origin',(-0.0702984871661651,0.027333708150655,-3.28300810358593));
#4454=UNCERTAINTY_MEASURE_WITH_UNIT(LENGTH_MEASURE(0.000393700787401575),
#4459,'DISTANCE_ACCURACY_VALUE',
'Maximum model space distance between geometric entities at asserted c
onnectivities');
#4455=UNCERTAINTY_MEASURE_WITH_UNIT(LENGTH_MEASURE(0.000393700787401575),
#4459,'DISTANCE_ACCURACY_VALUE',
'Maximum model space distance between geometric entities at asserted c
onnectivities');
#4456=(
GEOMETRIC_REPRESENTATION_CONTEXT(3)
GLOBAL_UNCERTAINTY_ASSIGNED_CONTEXT((#4454))
GLOBAL_UNIT_ASSIGNED_CONTEXT((#4459,#4463,#4464))
REPRESENTATION_CONTEXT('','3D')
);
#4457=(
GEOMETRIC_REPRESENTATION_CONTEXT(3)
GLOBAL_UNCERTAINTY_ASSIGNED_CONTEXT((#4455))
GLOBAL_UNIT_ASSIGNED_CONTEXT((#4459,#4463,#4464))
REPRESENTATION_CONTEXT('','3D')
);
#4458=DIMENSIONAL_EXPONENTS(1.,0.,0.,0.,0.,0.,0.);
#4459=(
CONVERSION_BASED_UNIT('inch',#4462)
LENGTH_UNIT()
NAMED_UNIT(#4458)
);
#4460=(
LENGTH_UNIT()
NAMED_UNIT(*)
SI_UNIT(.MILLI.,.METRE.)
);
#4461=(
LENGTH_UNIT()
NAMED_UNIT(*)
SI_UNIT($,.METRE.)
);
#4462=LENGTH_MEASURE_WITH_UNIT(LENGTH_MEASURE(25.4),#4460);
#4463=(
NAMED_UNIT(*)
PLANE_ANGLE_UNIT()
SI_UNIT($,.RADIAN.)
);
#4464=(
NAMED_UNIT(*)
SI_UNIT($,.STERADIAN.)
SOLID_ANGLE_UNIT()
);
#4465=SHAPE_DEFINITION_REPRESENTATION(#4466,#4467);
#4466=PRODUCT_DEFINITION_SHAPE('',$,#4469);
#4467=SHAPE_REPRESENTATION('',(#2693),#4456);
#4468=PRODUCT_DEFINITION_CONTEXT('part definition',#4473,'design');
#4469=PRODUCT_DEFINITION('2026-09-06-10-11-18-828','ARC-VisionL',#4470,
#4468);
#4470=PRODUCT_DEFINITION_FORMATION('',$,#4475);
#4471=PRODUCT_RELATED_PRODUCT_CATEGORY('ARC-VisionL','ARC-VisionL',(#4475));
#4472=APPLICATION_PROTOCOL_DEFINITION('international standard',
'automotive_design',2009,#4473);
#4473=APPLICATION_CONTEXT(
'Core Data for Automotive Mechanical Design Process');
#4474=PRODUCT_CONTEXT('part definition',#4473,'mechanical');
#4475=PRODUCT('2026-09-06-10-11-18-828','ARC-VisionL',$,(#4474));
#4476=PRESENTATION_STYLE_ASSIGNMENT((#4477));
#4477=SURFACE_STYLE_USAGE(.BOTH.,#4478);
#4478=SURFACE_SIDE_STYLE('',(#4479));
#4479=SURFACE_STYLE_FILL_AREA(#4480);
#4480=FILL_AREA_STYLE('Steel - Satin',(#4481));
#4481=FILL_AREA_STYLE_COLOUR('Steel - Satin',#4482);
#4482=COLOUR_RGB('Steel - Satin',0.627450980392157,0.627450980392157,0.627450980392157);
ENDSEC;
END-ISO-10303-21;
